{"way/97582570": [1.2895328554499865, 103.8558195209318], "way/256163011": [1.2893111599299525, 103.85514419731452], "way/256163012": [1.290215066636566, 103.8555358422683], "way/325895782": [1.2892649902625168, 103.85651007526977], "way/171142595": [1.2844801912312274, 103.86475541255426], "way/171142597": [1.2838629819243288, 103.86606592191578], "way/182827369": [1.3046614182976097, 103.87421966968674], "way/172472785": [1.3011531154571732, 103.87415682830105]}