v 22587.3002 30698.7182 25.0955
v 22587.3002 30698.7182 25.0955
v 22587.3002 30698.7182 25.0955
v 22587.3002 30698.7182 25.0955
v 22589.5668 30681.9264 25.0953
v 22589.5668 30681.9264 25.0953
v 22589.5668 30681.9264 25.0953
v 22589.5668 30681.9264 25.0953
v 22587.3002 30698.7182 29.8505
v 22587.3002 30698.7182 29.8505
v 22587.3002 30698.7182 29.8505
v 22587.3002 30698.7182 29.8505
v 22587.3002 30698.7182 29.8505
v 22589.5668 30681.9263 29.8503
v 22589.5668 30681.9263 29.8503
v 22589.5668 30681.9263 29.8503
v 22589.5668 30681.9263 29.8503
v 22589.5668 30681.9263 29.8503
v 22589.5668 30681.9263 29.8503
v 22589.5668 30681.9263 29.8503
v 22589.5668 30681.9263 29.8503
v 22589.5668 30681.9263 29.8503
v 22565.1156 30674.7094 5.6301
v 22565.1156 30674.7094 5.6301
v 22565.1156 30674.7094 5.6301
v 22565.1156 30674.7094 5.6301
v 22568.9267 30674.5750 8.0751
v 22568.9267 30674.5750 8.0751
v 22568.9267 30674.5750 8.0751
v 22568.9267 30674.5750 8.0751
v 22568.9267 30674.5750 8.0751
v 22568.9267 30674.5750 5.6301
v 22568.9267 30674.5750 5.6301
v 22568.9267 30674.5750 5.6301
v 22568.9267 30674.5750 5.6301
v 22568.9267 30674.5750 5.6301
v 22568.4443 30677.6157 92.0352
v 22568.4443 30677.6157 92.0352
v 22568.4443 30677.6157 92.0352
v 22568.4443 30677.6157 92.0352
v 22568.4443 30677.6157 92.0352
v 22568.4443 30677.6157 92.0352
v 22568.4443 30677.6157 92.0352
v 22568.4443 30677.6157 92.0352
v 22568.4443 30677.6157 92.0352
v 22524.7447 30679.2267 93.1952
v 22524.7447 30679.2267 93.1952
v 22524.7447 30679.2267 93.1952
v 22524.7447 30679.2267 93.1952
v 22521.5089 30679.3819 93.1952
v 22521.5089 30679.3819 93.1952
v 22521.5089 30679.3819 93.1952
v 22521.5089 30679.3819 93.1952
v 22521.5089 30679.3819 93.1952
v 22524.6240 30676.6927 93.1952
v 22524.6240 30676.6927 93.1952
v 22524.6240 30676.6927 93.1952
v 22524.6240 30676.6927 93.1952
v 22524.6240 30676.6927 93.1952
v 22521.3877 30676.8479 93.1952
v 22521.3877 30676.8479 93.1952
v 22521.3877 30676.8479 93.1952
v 22521.3877 30676.8479 93.1952
v 22521.3877 30676.8479 93.1052
v 22521.3877 30676.8479 93.1052
v 22521.3877 30676.8479 93.1052
v 22521.3877 30676.8479 93.1052
v 22521.3877 30676.8479 93.1052
v 22521.5089 30679.3819 93.1052
v 22521.5089 30679.3819 93.1052
v 22521.5089 30679.3819 93.1052
v 22521.5089 30679.3819 93.1052
v 22521.5089 30679.3819 93.1052
v 22521.5089 30679.3819 93.1052
v 22524.7447 30679.2267 93.1052
v 22524.7447 30679.2267 93.1052
v 22524.7447 30679.2267 93.1052
v 22524.7447 30679.2267 93.1052
v 22524.7447 30679.2267 93.1052
v 22524.7447 30679.2267 93.1052
v 22524.6240 30676.6928 93.1052
v 22524.6240 30676.6928 93.1052
v 22524.6240 30676.6928 93.1052
v 22524.6240 30676.6928 93.1052
v 22524.6240 30676.6928 93.1052
v 22524.6240 30676.6928 93.1052
v 22524.6240 30676.6928 93.1052
v 22524.2815 30677.0696 93.1052
v 22524.2815 30677.0696 93.1052
v 22524.2815 30677.0696 93.1052
v 22524.2815 30677.0696 93.1052
v 22524.2815 30677.0696 93.1052
v 22524.2815 30677.0696 93.1052
v 22521.7645 30677.1903 93.1052
v 22521.7645 30677.1903 93.1052
v 22521.7645 30677.1903 93.1052
v 22521.7645 30677.1903 93.1052
v 22521.7645 30677.1903 93.1052
v 22521.7645 30677.1903 93.1052
v 22521.8513 30679.0050 93.1052
v 22521.8513 30679.0050 93.1052
v 22521.8513 30679.0050 93.1052
v 22521.8513 30679.0050 93.1052
v 22521.8513 30679.0050 93.1052
v 22521.8513 30679.0050 93.1052
v 22524.3680 30678.8844 93.1052
v 22524.3680 30678.8844 93.1052
v 22524.3680 30678.8844 93.1052
v 22524.3680 30678.8844 93.1052
v 22524.3680 30678.8844 93.1052
v 22524.3680 30678.8844 93.1052
v 22524.3680 30678.8844 91.6652
v 22524.3680 30678.8844 91.6652
v 22524.3680 30678.8844 91.6652
v 22524.3680 30678.8844 91.6652
v 22524.3680 30678.8844 91.6652
v 22524.3680 30678.8844 91.6652
v 22524.3680 30678.8844 91.6652
v 22524.2815 30677.0696 91.6652
v 22524.2815 30677.0696 91.6652
v 22524.2815 30677.0696 91.6652
v 22524.2815 30677.0696 91.6652
v 22521.7645 30677.1903 91.6652
v 22521.7645 30677.1903 91.6652
v 22521.7645 30677.1903 91.6652
v 22521.7645 30677.1903 91.6652
v 22521.7645 30677.1903 91.6652
v 22521.7645 30677.1903 91.6652
v 22521.7645 30677.1903 91.6652
v 22521.8512 30679.0051 91.6652
v 22521.8512 30679.0051 91.6652
v 22521.8512 30679.0051 91.6652
v 22521.8512 30679.0051 91.6652
v 22521.8512 30679.0051 91.6652
v 22521.8512 30679.0051 91.6652
v 22528.7136 30680.7990 91.6652
v 22528.7136 30680.7990 91.6652
v 22528.7136 30680.7990 91.6652
v 22528.7136 30680.7990 91.6652
v 22528.7136 30680.7990 91.6652
v 22528.7136 30680.7990 91.6652
v 22528.6281 30678.6801 91.6652
v 22528.6281 30678.6801 91.6652
v 22528.6281 30678.6801 91.6652
v 22528.3220 30671.0865 91.6651
v 22528.3220 30671.0865 91.6651
v 22528.3220 30671.0865 91.6651
v 22528.3220 30671.0865 91.6651
v 22528.3220 30671.0865 91.6651
v 22528.3220 30671.0865 91.6651
v 22528.3220 30671.0865 91.6651
v 22528.3220 30671.0865 91.6651
v 22528.3220 30671.0865 91.6651
v 22528.3220 30671.0865 91.6651
v 22528.3220 30671.0865 91.6651
v 22528.3220 30671.0865 91.6651
v 22528.3220 30671.0865 91.6651
v 22601.7050 30642.6653 31.5901
v 22601.7050 30642.6653 31.5901
v 22601.7050 30642.6653 31.5901
v 22601.7050 30642.6653 31.5901
v 22601.7050 30642.6653 31.5901
v 22601.7050 30642.6653 31.5901
v 22599.9344 30655.1133 31.5902
v 22599.9344 30655.1133 31.5902
v 22599.9344 30655.1133 31.5902
v 22599.9344 30655.1133 31.5902
v 22599.9344 30655.1133 31.5902
v 22601.1946 30641.9932 31.5901
v 22601.1946 30641.9932 31.5901
v 22601.1946 30641.9932 31.5901
v 22601.1946 30641.9932 31.5901
v 22601.1946 30641.9932 31.5901
v 22599.3404 30655.0288 31.5901
v 22599.3404 30655.0288 31.5901
v 22599.3404 30655.0288 31.5901
v 22599.3404 30655.0288 31.5901
v 22601.1946 30641.9932 29.8501
v 22601.1946 30641.9932 29.8501
v 22601.1946 30641.9932 29.8501
v 22601.1946 30641.9932 29.8501
v 22601.1946 30641.9932 29.8501
v 22601.1946 30641.9932 29.8501
v 22519.1590 30637.4423 99.3149
v 22519.1590 30637.4423 99.3149
v 22519.1590 30637.4423 99.3149
v 22519.1590 30637.4423 99.3149
v 22519.1590 30637.4423 99.3149
v 22519.1590 30637.4423 99.3149
v 22519.1590 30637.4423 99.3149
v 22518.6168 30637.4617 97.9499
v 22518.6168 30637.4617 97.9499
v 22518.6168 30637.4617 97.9499
v 22518.6168 30637.4617 97.9499
v 22518.6168 30637.4617 97.9499
v 22518.6168 30637.4617 98.8849
v 22518.6168 30637.4617 98.8849
v 22518.6168 30637.4617 98.8849
v 22518.6168 30637.4617 98.8849
v 22518.6168 30637.4617 98.8849
v 22517.3421 30638.2006 98.8849
v 22517.3421 30638.2006 98.8849
v 22517.3421 30638.2006 98.8849
v 22517.3421 30638.2006 98.8849
v 22517.3421 30638.2006 98.8849
v 22517.3421 30638.2006 98.8849
v 22518.7330 30640.3682 98.8849
v 22518.7330 30640.3682 98.8849
v 22518.7330 30640.3682 98.8849
v 22518.7330 30640.3682 98.8849
v 22518.7330 30640.3682 98.8849
v 22518.7330 30640.3682 98.8849
v 22518.7330 30640.3682 97.9499
v 22518.7330 30640.3682 97.9499
v 22518.7330 30640.3682 97.9499
v 22518.7330 30640.3682 97.9499
v 22518.7330 30640.3682 97.9499
v 22518.7330 30640.3682 97.9499
v 22518.7330 30640.3682 97.9499
v 22522.1693 30636.7241 97.9499
v 22522.1693 30636.7241 97.9499
v 22522.1693 30636.7241 97.9499
v 22522.1693 30636.7241 97.9499
v 22522.1693 30636.7241 97.9499
v 22522.1693 30636.7241 97.9499
v 22522.1693 30636.7241 98.9149
v 22522.1693 30636.7241 98.9149
v 22522.1693 30636.7241 98.9149
v 22522.1693 30636.7241 98.9149
v 22522.3646 30640.2135 98.9149
v 22522.3646 30640.2135 98.9149
v 22522.3646 30640.2135 98.9149
v 22522.3646 30640.2135 98.9149
v 22522.3646 30640.2135 98.9149
v 22522.3646 30640.2135 98.9149
v 22524.0612 30636.6176 98.9149
v 22524.0612 30636.6176 98.9149
v 22524.0612 30636.6176 98.9149
v 22524.0612 30636.6176 98.9149
v 22524.0612 30636.6176 98.9149
v 22524.0612 30636.6176 98.9149
v 22524.2559 30640.1075 98.9149
v 22524.2559 30640.1075 98.9149
v 22524.2559 30640.1075 98.9149
v 22524.2559 30640.1075 98.9149
v 22524.2558 30640.1075 97.9499
v 22524.2558 30640.1075 97.9499
v 22524.2558 30640.1075 97.9499
v 22524.2558 30640.1075 97.9499
v 22524.2558 30640.1075 97.9499
v 22524.2558 30640.1075 97.9499
v 22524.0612 30636.6176 97.9499
v 22524.0612 30636.6176 97.9499
v 22524.0612 30636.6176 97.9499
v 22524.0612 30636.6176 97.9499
v 22524.4205 30636.5977 98.9149
v 22524.4205 30636.5977 98.9149
v 22524.4205 30636.5977 98.9149
v 22524.4205 30636.5977 98.9149
v 22524.3630 30635.2869 98.9149
v 22524.3630 30635.2869 98.9149
v 22524.3630 30635.2869 98.9149
v 22524.3630 30635.2869 98.9149
v 22524.3630 30635.2869 98.9149
v 22524.3630 30635.2869 98.9149
v 22524.3630 30635.2869 98.9149
v 22524.3630 30635.2869 98.9149
v 22524.3630 30635.2869 98.9149
v 22521.5047 30636.7609 98.9149
v 22521.5047 30636.7609 98.9149
v 22521.5047 30636.7609 98.9149
v 22521.5047 30636.7609 98.9149
v 22521.5047 30636.7609 98.9149
v 22521.5047 30636.7609 98.9149
v 22521.5047 30636.7609 97.9499
v 22521.5047 30636.7609 97.9499
v 22521.5047 30636.7609 97.9499
v 22521.5047 30636.7609 97.9499
v 22521.5224 30637.2662 99.3199
v 22521.5224 30637.2662 99.3199
v 22521.5224 30637.2662 99.3199
v 22521.5224 30637.2662 99.3199
v 22521.5224 30637.2662 99.3199
v 22521.5224 30637.2662 99.3199
v 22521.5224 30637.2662 99.3199
v 22521.5224 30637.2662 97.9499
v 22521.5224 30637.2662 97.9499
v 22521.5224 30637.2662 97.9499
v 22521.5224 30637.2662 97.9499
v 22521.5224 30637.2662 97.9499
v 22521.5224 30637.2662 97.9499
v 22522.3646 30640.2136 97.9499
v 22522.3646 30640.2136 97.9499
v 22522.3646 30640.2136 97.9499
v 22522.3646 30640.2136 97.9499
v 22522.3646 30640.2136 97.9499
v 22522.3646 30640.2136 97.9499
v 22522.3646 30640.2136 97.9499
v 22522.3646 30640.2136 97.9499
v 22522.3646 30640.2136 97.9499
v 22533.1988 30656.0049 90.7900
v 22533.1988 30656.0049 90.7900
v 22533.1988 30656.0049 90.7900
v 22533.1988 30656.0049 90.7900
v 22518.9301 30656.6054 90.7900
v 22518.9301 30656.6054 90.7900
v 22518.9301 30656.6054 90.7900
v 22518.9301 30656.6054 90.7900
v 22518.9301 30656.6054 90.7900
v 22532.6978 30644.0973 90.7899
v 22532.6978 30644.0973 90.7899
v 22532.6978 30644.0973 90.7899
v 22532.6978 30644.0973 90.7899
v 22532.6978 30644.0973 90.7899
v 22518.4290 30644.6977 90.7899
v 22518.4290 30644.6977 90.7899
v 22518.4290 30644.6977 90.7899
v 22518.4290 30644.6977 90.7899
v 22518.4290 30644.6977 90.4899
v 22518.4290 30644.6977 90.4899
v 22518.4290 30644.6977 90.4899
v 22518.4290 30644.6977 90.4899
v 22518.4290 30644.6977 90.4899
v 22518.9301 30656.6054 90.4900
v 22518.9301 30656.6054 90.4900
v 22518.9301 30656.6054 90.4900
v 22518.9301 30656.6054 90.4900
v 22518.9301 30656.6054 90.4900
v 22518.9301 30656.6054 90.4900
v 22519.5044 30655.9807 90.4900
v 22519.5044 30655.9807 90.4900
v 22519.5044 30655.9807 90.4900
v 22519.5044 30655.9807 90.4900
v 22519.5044 30655.9807 90.4900
v 22519.5044 30655.9807 90.4900
v 22533.1988 30656.0049 90.4900
v 22533.1988 30656.0049 90.4900
v 22533.1988 30656.0049 90.4900
v 22533.1988 30656.0049 90.4900
v 22533.1988 30656.0049 90.4900
v 22533.1988 30656.0049 90.4900
v 22532.6978 30644.0973 90.4899
v 22532.6978 30644.0973 90.4899
v 22532.6978 30644.0973 90.4899
v 22532.6978 30644.0973 90.4899
v 22532.6978 30644.0973 90.4899
v 22532.6978 30644.0973 90.4899
v 22532.6978 30644.0973 90.4899
v 22519.0537 30645.2719 90.4899
v 22519.0537 30645.2719 90.4899
v 22519.0537 30645.2719 90.4899
v 22519.0537 30645.2719 90.4899
v 22519.0537 30645.2719 90.4899
v 22519.0537 30645.2719 90.4899
v 22519.0537 30645.2719 90.4899
v 22519.0537 30645.2719 88.4349
v 22519.0537 30645.2719 88.4349
v 22519.0537 30645.2719 88.4349
v 22519.0537 30645.2719 88.4349
v 22519.0537 30645.2719 88.4349
v 22519.0537 30645.2719 88.4349
v 22519.0537 30645.2719 88.4349
v 22519.0537 30645.2719 88.4349
v 22519.0537 30645.2719 88.4349
v 22519.0537 30645.2719 88.4349
v 22518.0468 30645.7815 92.1450
v 22518.0468 30645.7815 92.1450
v 22518.0468 30645.7815 92.1450
v 22518.0468 30645.7815 92.1450
v 22518.0468 30645.7815 92.1450
v 22518.0468 30645.7815 92.1450
v 22518.4851 30656.0236 88.4350
v 22518.4851 30656.0236 88.4350
v 22518.4851 30656.0236 88.4350
v 22518.4851 30656.0236 88.4350
v 22518.5402 30657.3103 88.4350
v 22518.5402 30657.3103 88.4350
v 22518.5402 30657.3103 88.4350
v 22518.5402 30657.3103 88.4350
v 22518.0468 30645.7815 88.4350
v 22518.0468 30645.7815 88.4350
v 22518.0468 30645.7815 88.4350
v 22518.0468 30645.7815 88.4350
v 22518.0468 30645.7815 88.4350
v 22509.9425 30646.1281 92.1450
v 22509.9425 30646.1281 92.1450
v 22509.9425 30646.1281 92.1450
v 22509.9425 30646.1281 92.1450
v 22509.9425 30646.1281 92.1450
v 22509.9425 30646.1281 92.1450
v 22518.5659 30657.9093 92.1450
v 22518.5659 30657.9093 92.1450
v 22518.5659 30657.9093 92.1450
v 22518.5659 30657.9093 92.1450
v 22518.5659 30657.9093 92.1450
v 22510.4608 30658.2558 92.1451
v 22510.4608 30658.2558 92.1451
v 22510.4608 30658.2558 92.1451
v 22510.4608 30658.2558 88.4351
v 22510.4608 30658.2558 88.4351
v 22510.4608 30658.2558 88.4351
v 22510.4608 30658.2558 88.4351
v 22510.4608 30658.2558 88.4351
v 22510.4608 30658.2558 88.4351
v 22510.4608 30658.2558 88.4351
v 22510.5181 30659.5969 88.4351
v 22510.5181 30659.5969 88.4351
v 22510.5181 30659.5969 88.4351
v 22510.5181 30659.5969 88.4351
v 22510.5181 30659.5969 88.4351
v 22518.5658 30657.9093 88.4350
v 22518.5658 30657.9093 88.4350
v 22518.5658 30657.9093 88.4350
v 22518.5658 30657.9093 88.4350
v 22518.5658 30657.9093 88.4350
v 22518.5658 30657.9093 88.4350
v 22518.5658 30657.9093 88.4350
v 22518.5658 30657.9093 88.4350
v 22518.5658 30657.9093 88.4350
v 22526.5002 30656.9925 91.6250
v 22526.5002 30656.9925 91.6250
v 22526.5002 30656.9925 91.6250
v 22526.5002 30656.9925 91.6250
v 22526.5472 30658.1694 91.6250
v 22526.5472 30658.1694 91.6250
v 22526.5472 30658.1694 91.6250
v 22526.5472 30658.1694 91.6250
v 22526.5472 30658.1694 91.6250
v 22524.4165 30657.0757 91.6250
v 22524.4165 30657.0757 91.6250
v 22524.4165 30657.0757 91.6250
v 22524.4165 30657.0757 91.6250
v 22524.4165 30657.0757 91.6250
v 22524.4634 30658.2525 91.6250
v 22524.4634 30658.2525 91.6250
v 22524.4634 30658.2525 91.6250
v 22524.4634 30658.2525 91.6250
v 22524.4634 30658.2525 88.4350
v 22524.4634 30658.2525 88.4350
v 22524.4634 30658.2525 88.4350
v 22524.4634 30658.2525 88.4350
v 22524.4634 30658.2525 88.4350
v 22524.4634 30658.2525 88.4350
v 22524.4634 30658.2525 88.4350
v 22526.5472 30658.1695 88.4350
v 22526.5472 30658.1695 88.4350
v 22526.5472 30658.1695 88.4350
v 22526.5472 30658.1695 88.4350
v 22526.5472 30658.1695 88.4350
v 22526.5472 30658.1695 88.4350
v 22526.5002 30656.9925 88.4350
v 22526.5002 30656.9925 88.4350
v 22526.5002 30656.9925 88.4350
v 22526.5002 30656.9925 88.4350
v 22526.5002 30656.9925 88.4350
v 22524.4165 30657.0757 88.4350
v 22524.4165 30657.0757 88.4350
v 22524.4165 30657.0757 88.4350
v 22524.4165 30657.0757 88.4350
v 22524.4165 30657.0757 88.4350
v 22524.4165 30657.0757 88.4350
v 22519.5043 30655.9807 88.4350
v 22519.5043 30655.9807 88.4350
v 22519.5043 30655.9807 88.4350
v 22519.5043 30655.9807 88.4350
v 22519.5043 30655.9807 88.4350
v 22519.5043 30655.9807 88.4350
v 22519.5043 30655.9807 88.4350
v 22532.5741 30655.4307 90.4900
v 22532.5741 30655.4307 90.4900
v 22532.5741 30655.4307 90.4900
v 22532.5741 30655.4307 90.4900
v 22532.5741 30655.4307 90.4900
v 22532.5741 30655.4307 90.4900
v 22532.1236 30644.7220 90.4899
v 22532.1236 30644.7220 90.4899
v 22532.1236 30644.7220 90.4899
v 22532.1236 30644.7220 90.4899
v 22532.1236 30644.7220 90.4899
v 22532.1236 30644.7220 88.4349
v 22532.1236 30644.7220 88.4349
v 22532.1236 30644.7220 88.4349
v 22532.1236 30644.7220 88.4349
v 22532.1236 30644.7220 88.4349
v 22532.1236 30644.7220 88.4349
v 22532.1236 30644.7220 88.4349
v 22545.1708 30637.4689 88.4348
v 22545.1708 30637.4689 88.4348
v 22545.1708 30637.4689 88.4348
v 22545.1708 30637.4689 88.4348
v 22545.1708 30637.4689 88.4348
v 22545.1708 30637.4689 88.4348
v 22545.1708 30637.4689 88.4348
v 22545.1708 30637.4689 89.2198
v 22545.1708 30637.4689 89.2198
v 22545.1708 30637.4689 89.2198
v 22545.1708 30637.4689 89.2198
v 22545.1708 30637.4689 89.2198
v 22545.0984 30635.0213 89.2198
v 22545.0984 30635.0213 89.2198
v 22545.0984 30635.0213 89.2198
v 22545.0984 30635.0213 89.2198
v 22543.6394 30635.0643 89.2198
v 22543.6394 30635.0643 89.2198
v 22543.6394 30635.0643 89.2198
v 22543.6394 30635.0643 89.2198
v 22543.6394 30635.0643 89.2198
v 22543.7117 30637.5120 89.2198
v 22543.7117 30637.5120 89.2198
v 22543.7117 30637.5120 89.2198
v 22543.7117 30637.5120 89.2198
v 22543.6394 30635.0643 88.4348
v 22543.6394 30635.0643 88.4348
v 22543.6394 30635.0643 88.4348
v 22543.6394 30635.0643 88.4348
v 22543.6394 30635.0643 88.4348
v 22543.6394 30635.0643 88.4348
v 22543.7117 30637.5120 88.4348
v 22543.7117 30637.5120 88.4348
v 22543.7117 30637.5120 88.4348
v 22543.7117 30637.5120 88.4348
v 22543.7117 30637.5120 88.4348
v 22543.7117 30637.5120 88.4348
v 22543.7496 30638.7903 88.4348
v 22543.7496 30638.7903 88.4348
v 22543.7496 30638.7903 88.4348
v 22543.7496 30638.7903 88.4348
v 22543.7496 30638.7903 88.4348
v 22543.7496 30638.7903 88.4348
v 22543.7496 30638.7903 88.4348
v 22545.7705 30638.7054 88.4348
v 22545.7705 30638.7054 88.4348
v 22545.7705 30638.7054 88.4348
v 22545.7705 30638.7054 88.4348
v 22545.7705 30638.7054 88.4348
v 22545.7705 30638.7054 88.4348
v 22541.8989 30635.3636 92.2148
v 22541.8989 30635.3636 92.2148
v 22541.8989 30635.3636 92.2148
v 22541.8989 30635.3636 92.2148
v 22540.5301 30635.4212 92.2148
v 22540.5301 30635.4212 92.2148
v 22540.5301 30635.4212 92.2148
v 22540.5301 30635.4212 92.2148
v 22541.8989 30635.3636 89.5998
v 22541.8989 30635.3636 89.5998
v 22541.8989 30635.3636 89.5998
v 22541.8989 30635.3636 89.5998
v 22541.8989 30635.3636 89.5998
v 22541.8989 30635.3636 89.5998
v 22540.5301 30635.4212 89.5998
v 22540.5301 30635.4212 89.5998
v 22540.5301 30635.4212 89.5998
v 22540.5301 30635.4212 89.5998
v 22540.5301 30635.4212 89.5998
v 22540.5301 30635.4212 89.5998
v 22540.5301 30635.4212 89.5998
v 22535.5761 30635.4654 92.2148
v 22535.5761 30635.4654 92.2148
v 22535.5761 30635.4654 92.2148
v 22535.5761 30635.4654 92.2148
v 22536.9296 30635.4085 89.6398
v 22536.9296 30635.4085 89.6398
v 22536.9296 30635.4085 89.6398
v 22536.9296 30635.4085 89.6398
v 22536.9296 30635.4085 89.6398
v 22536.9296 30635.4085 89.6398
v 22536.9296 30635.4085 92.2148
v 22536.9296 30635.4085 92.2148
v 22536.9296 30635.4085 92.2148
v 22536.9296 30635.4085 92.2148
v 22537.0850 30639.0706 92.2149
v 22537.0850 30639.0706 92.2149
v 22537.0850 30639.0706 92.2149
v 22537.0850 30639.0706 92.2149
v 22537.0850 30639.0706 92.2149
v 22537.0850 30639.0706 92.2149
v 22537.0850 30639.0706 92.2149
v 22537.0850 30639.0706 92.2149
v 22537.0850 30639.0706 92.2149
v 22537.0064 30637.2174 89.6399
v 22537.0064 30637.2174 89.6399
v 22537.0064 30637.2174 89.6399
v 22537.0064 30637.2174 89.6399
v 22537.0064 30637.2174 89.6399
v 22537.0064 30637.2174 89.6399
v 22537.0064 30637.2174 88.4348
v 22537.0064 30637.2174 88.4348
v 22537.0064 30637.2174 88.4348
v 22537.0064 30637.2174 88.4348
v 22537.0850 30639.0706 88.4349
v 22537.0850 30639.0706 88.4349
v 22537.0850 30639.0706 88.4349
v 22537.0850 30639.0706 88.4349
v 22540.6789 30638.9195 88.4349
v 22540.6789 30638.9195 88.4349
v 22540.6789 30638.9195 88.4349
v 22540.6789 30638.9195 88.4349
v 22540.6789 30638.9195 88.4349
v 22540.6789 30638.9195 88.4349
v 22540.6789 30638.9195 92.2149
v 22540.6789 30638.9195 92.2149
v 22540.6789 30638.9195 92.2149
v 22540.6789 30638.9195 92.2149
v 22540.6789 30638.9195 92.2149
v 22540.6789 30638.9195 92.2149
v 22540.6789 30638.9195 92.2149
v 22540.6789 30638.9195 92.2149
v 22540.6789 30638.9195 92.2149
v 22540.6002 30637.0683 88.4348
v 22540.6002 30637.0683 88.4348
v 22540.6002 30637.0683 88.4348
v 22540.6002 30637.0683 88.4348
v 22540.6002 30637.0683 88.4348
v 22540.6002 30637.0683 89.5998
v 22540.6002 30637.0683 89.5998
v 22540.6002 30637.0683 89.5998
v 22540.6002 30637.0683 89.5998
v 22542.0476 30638.8618 92.2149
v 22542.0476 30638.8618 92.2149
v 22542.0476 30638.8618 92.2149
v 22542.0476 30638.8618 92.2149
v 22542.0476 30638.8618 92.2149
v 22542.0476 30638.8618 92.2149
v 22542.0476 30638.8618 92.2149
v 22542.0476 30638.8618 92.2149
v 22542.0476 30638.8618 92.2149
v 22542.0476 30638.8618 92.2149
v 22541.9681 30636.9912 89.5998
v 22541.9681 30636.9912 89.5998
v 22541.9681 30636.9912 89.5998
v 22541.9681 30636.9912 89.5998
v 22541.9681 30636.9912 89.5998
v 22541.9681 30636.9912 89.5998
v 22541.9681 30636.9912 88.4348
v 22541.9681 30636.9912 88.4348
v 22541.9681 30636.9912 88.4348
v 22541.9681 30636.9912 88.4348
v 22542.0476 30638.8618 88.4349
v 22542.0476 30638.8618 88.4349
v 22542.0476 30638.8618 88.4349
v 22542.0476 30638.8618 88.4349
v 22545.7705 30638.7054 92.2148
v 22545.7705 30638.7054 92.2148
v 22545.7705 30638.7054 92.2148
v 22545.7705 30638.7054 92.2148
v 22545.7705 30638.7054 92.2148
v 22545.7705 30638.7054 92.2148
v 22545.7705 30638.7054 92.2148
v 22545.7705 30638.7054 92.2148
v 22545.7705 30638.7054 92.2148
v 22545.6930 30636.8690 88.4348
v 22545.6930 30636.8690 88.4348
v 22545.6930 30636.8690 88.4348
v 22545.6930 30636.8690 88.4348
v 22545.6930 30636.8690 88.4348
v 22545.6930 30636.8690 89.6848
v 22545.6930 30636.8690 89.6848
v 22545.6930 30636.8690 89.6848
v 22545.6930 30636.8690 89.6848
v 22545.6178 30635.0867 92.2148
v 22545.6178 30635.0867 92.2148
v 22545.6178 30635.0867 92.2148
v 22545.6178 30635.0867 92.2148
v 22546.8625 30635.0344 92.2148
v 22546.8625 30635.0344 92.2148
v 22546.8625 30635.0344 92.2148
v 22546.8625 30635.0344 92.2148
v 22547.0165 30638.6527 92.2149
v 22547.0165 30638.6527 92.2149
v 22547.0165 30638.6527 92.2149
v 22547.0165 30638.6527 92.2149
v 22547.0165 30638.6527 92.2149
v 22547.0165 30638.6527 92.2149
v 22547.0165 30638.6527 92.2149
v 22547.0165 30638.6527 92.2149
v 22547.0165 30638.6527 88.4348
v 22547.0165 30638.6527 88.4348
v 22547.0165 30638.6527 88.4348
v 22547.0165 30638.6527 88.4348
v 22547.0165 30638.6527 88.4348
v 22546.9376 30636.7985 88.4348
v 22546.9376 30636.7985 88.4348
v 22546.9376 30636.7985 88.4348
v 22546.9376 30636.7985 88.4348
v 22546.9376 30636.7985 89.6848
v 22546.9376 30636.7985 89.6848
v 22546.9376 30636.7985 89.6848
v 22546.9376 30636.7985 89.6848
v 22546.9376 30636.7985 89.6848
v 22546.9376 30636.7985 89.6848
v 22546.8625 30635.0344 89.6848
v 22546.8625 30635.0344 89.6848
v 22546.8625 30635.0344 89.6848
v 22546.8625 30635.0344 89.6848
v 22546.8625 30635.0344 89.6848
v 22546.8625 30635.0344 89.6848
v 22545.6178 30635.0867 89.6848
v 22545.6178 30635.0867 89.6848
v 22545.6178 30635.0867 89.6848
v 22545.6178 30635.0867 89.6848
v 22545.6178 30635.0867 89.6848
v 22545.6178 30635.0867 89.6848
v 22545.6178 30635.0867 89.6848
v 22545.2516 30636.8940 89.6848
v 22545.2516 30636.8940 89.6848
v 22545.2516 30636.8940 89.6848
v 22545.2516 30636.8940 89.6848
v 22545.2516 30636.8940 89.6848
v 22545.2516 30636.8940 88.4348
v 22545.2516 30636.8940 88.4348
v 22545.2516 30636.8940 88.4348
v 22545.2516 30636.8940 88.4348
v 22545.2516 30636.8940 88.4348
v 22545.2516 30636.8940 88.4348
v 22545.2516 30636.8940 88.4348
v 22545.0984 30635.0213 88.4348
v 22545.0984 30635.0213 88.4348
v 22545.0984 30635.0213 88.4348
v 22545.0984 30635.0213 88.4348
v 22545.0984 30635.0213 88.4348
v 22545.0984 30635.0213 88.4348
v 22545.0984 30635.0213 88.4348
v 22545.0422 30634.5826 88.4348
v 22545.0422 30634.5826 88.4348
v 22545.0422 30634.5826 88.4348
v 22545.0422 30634.5826 88.4348
v 22545.0422 30634.5826 88.4348
v 22545.0422 30634.5826 88.4348
v 22545.0422 30634.5826 88.4348
v 22545.0422 30634.5826 89.2198
v 22545.0422 30634.5826 89.2198
v 22545.0422 30634.5826 89.2198
v 22545.0422 30634.5826 89.2198
v 22545.0422 30634.5826 89.2198
v 22544.9699 30632.1350 89.2198
v 22544.9699 30632.1350 89.2198
v 22544.9699 30632.1350 89.2198
v 22544.9699 30632.1350 89.2198
v 22543.5107 30632.1781 89.2198
v 22543.5107 30632.1781 89.2198
v 22543.5107 30632.1781 89.2198
v 22543.5107 30632.1781 89.2198
v 22543.5107 30632.1781 89.2198
v 22543.5831 30634.6257 89.2198
v 22543.5831 30634.6257 89.2198
v 22543.5831 30634.6257 89.2198
v 22543.5831 30634.6257 89.2198
v 22543.5831 30634.6257 88.4348
v 22543.5831 30634.6257 88.4348
v 22543.5831 30634.6257 88.4348
v 22543.5831 30634.6257 88.4348
v 22543.5831 30634.6257 88.4348
v 22543.5831 30634.6257 88.4348
v 22543.5831 30634.6257 88.4348
v 22543.5831 30634.6257 88.4348
v 22543.0601 30636.9296 88.4348
v 22543.0601 30636.9296 88.4348
v 22543.0601 30636.9296 88.4348
v 22543.0601 30636.9296 88.4348
v 22543.0601 30636.9296 88.4348
v 22543.0601 30636.9296 88.4348
v 22543.0601 30636.9296 88.4348
v 22543.0601 30636.9296 88.4348
v 22543.0601 30636.9296 88.4348
v 22543.0601 30636.9296 89.5998
v 22543.0601 30636.9296 89.5998
v 22543.0601 30636.9296 89.5998
v 22542.7197 30630.9039 89.5998
v 22542.7197 30630.9039 89.5998
v 22542.7197 30630.9039 89.5998
v 22542.7197 30630.9039 89.5998
v 22542.7197 30630.9039 89.5998
v 22542.7197 30630.9039 89.5998
v 22542.7197 30630.9039 89.5998
v 22540.0399 30631.0554 89.5998
v 22540.0399 30631.0554 89.5998
v 22540.0399 30631.0554 89.5998
v 22540.0399 30631.0554 89.5998
v 22540.0399 30631.0554 89.5998
v 22540.3796 30637.0807 89.5998
v 22540.3796 30637.0807 89.5998
v 22540.3796 30637.0807 89.5998
v 22540.3796 30637.0807 89.5998
v 22540.3796 30637.0807 89.5998
v 22540.3796 30637.0807 89.5998
v 22540.3796 30637.0807 88.4348
v 22540.3796 30637.0807 88.4348
v 22540.3796 30637.0807 88.4348
v 22540.3796 30637.0807 88.4348
v 22540.3796 30637.0807 88.4348
v 22537.9015 30637.1965 88.4349
v 22537.9015 30637.1965 88.4349
v 22537.9015 30637.1965 88.4349
v 22537.9015 30637.1965 88.4349
v 22537.9015 30637.1965 88.4349
v 22537.9015 30637.1965 88.4349
v 22537.9015 30637.1965 88.4349
v 22537.9015 30637.1965 88.4349
v 22537.9015 30637.1965 88.4349
v 22537.9015 30637.1965 89.6398
v 22537.9015 30637.1965 89.6398
v 22537.9015 30637.1965 89.6398
v 22537.7582 30631.0504 89.6398
v 22537.7582 30631.0504 89.6398
v 22537.7582 30631.0504 89.6398
v 22537.7582 30631.0504 89.6398
v 22537.7582 30631.0504 89.6398
v 22537.7582 30631.0504 89.6398
v 22537.7582 30631.0504 89.6398
v 22535.5761 30635.4654 89.6399
v 22535.5761 30635.4654 89.6399
v 22535.5761 30635.4654 89.6399
v 22535.5761 30635.4654 89.6399
v 22535.5761 30635.4654 89.6399
v 22535.5761 30635.4654 89.6399
v 22535.5761 30635.4654 89.6399
v 22535.7315 30639.1275 88.4349
v 22535.7315 30639.1275 88.4349
v 22535.7315 30639.1275 88.4349
v 22535.7315 30639.1275 88.4349
v 22535.7315 30639.1275 88.4349
v 22535.6518 30637.2491 88.4349
v 22535.6518 30637.2491 88.4349
v 22535.6518 30637.2491 88.4349
v 22535.6518 30637.2491 88.4349
v 22535.6518 30637.2491 88.4349
v 22535.7315 30639.1275 92.2149
v 22535.7315 30639.1275 92.2149
v 22535.7315 30639.1275 92.2149
v 22535.7315 30639.1275 92.2149
v 22535.7315 30639.1275 92.2149
v 22535.7315 30639.1275 92.2149
v 22535.7315 30639.1275 92.2149
v 22535.7315 30639.1275 92.2149
v 22535.7315 30639.1275 92.2149
v 22535.7315 30639.1275 92.2149
v 22535.6518 30637.2491 89.6399
v 22535.6518 30637.2491 89.6399
v 22535.6518 30637.2491 89.6399
v 22535.6518 30637.2491 89.6399
v 22548.2134 30640.2901 92.2149
v 22548.2134 30640.2901 92.2149
v 22548.2134 30640.2901 92.2149
v 22548.2134 30640.2901 92.2149
v 22548.2134 30640.2901 92.2149
v 22548.2134 30640.2901 92.2149
v 22548.2134 30640.2901 92.2149
v 22548.2134 30640.2901 92.2149
v 22548.2134 30640.2901 92.2149
v 22548.2134 30640.2901 92.2149
v 22548.1388 30638.6049 92.2149
v 22548.1388 30638.6049 92.2149
v 22548.1388 30638.6049 92.2149
v 22548.1388 30638.6049 92.2149
v 22548.1388 30638.6049 92.2149
v 22548.1388 30638.6049 88.4349
v 22548.1388 30638.6049 88.4349
v 22548.1388 30638.6049 88.4349
v 22548.1388 30638.6049 88.4349
v 22548.1388 30638.6049 88.4349
v 22547.9327 30636.7421 88.4348
v 22547.9327 30636.7421 88.4348
v 22547.9327 30636.7421 88.4348
v 22547.9327 30636.7421 88.4348
v 22547.9327 30636.7421 88.4348
v 22547.9327 30636.7421 88.4348
v 22547.9327 30636.7421 88.4348
v 22547.9327 30636.7421 88.4348
v 22547.9327 30636.7421 89.6848
v 22547.9327 30636.7421 89.6848
v 22547.9327 30636.7421 89.6848
v 22547.5536 30629.9957 89.6848
v 22547.5536 30629.9957 89.6848
v 22547.5536 30629.9957 89.6848
v 22547.5536 30629.9957 89.6848
v 22547.5536 30629.9957 89.6848
v 22547.5536 30629.9957 89.6848
v 22547.5536 30629.9957 89.6848
v 22544.8719 30630.1470 89.6848
v 22544.8719 30630.1470 89.6848
v 22544.8719 30630.1470 89.6848
v 22544.8719 30630.1470 89.6848
v 22544.8719 30630.1470 89.6848
v 22544.8719 30630.1470 89.6848
v 22544.8719 30630.1470 89.6848
v 22544.9838 30632.1346 88.4348
v 22544.9838 30632.1346 88.4348
v 22544.9838 30632.1346 88.4348
v 22544.9838 30632.1346 88.4348
v 22544.9838 30632.1346 88.4348
v 22544.9838 30632.1346 88.4348
v 22544.9699 30632.1350 88.4348
v 22544.9699 30632.1350 88.4348
v 22544.9699 30632.1350 88.4348
v 22544.9699 30632.1350 88.4348
v 22544.9699 30632.1350 88.4348
v 22544.9699 30632.1350 88.4348
v 22543.5107 30632.1781 88.4348
v 22543.5107 30632.1781 88.4348
v 22543.5107 30632.1781 88.4348
v 22543.5107 30632.1781 88.4348
v 22543.5107 30632.1781 88.4348
v 22543.5107 30632.1781 88.4348
v 22543.5107 30632.1781 88.4348
v 22542.7197 30630.9039 88.4348
v 22542.7197 30630.9039 88.4348
v 22542.7197 30630.9039 88.4348
v 22542.7197 30630.9039 88.4348
v 22542.7197 30630.9039 88.4348
v 22542.7197 30630.9039 88.4348
v 22540.0399 30631.0554 88.4348
v 22540.0399 30631.0554 88.4348
v 22540.0399 30631.0554 88.4348
v 22540.0399 30631.0554 88.4348
v 22540.0399 30631.0554 88.4348
v 22540.0399 30631.0554 88.4348
v 22540.0399 30631.0554 88.4348
v 22537.7582 30631.0504 88.4348
v 22537.7582 30631.0504 88.4348
v 22537.7582 30631.0504 88.4348
v 22537.7582 30631.0504 88.4348
v 22537.7582 30631.0504 88.4348
v 22537.7582 30631.0504 88.4348
v 22535.0763 30631.1125 89.6398
v 22535.0763 30631.1125 89.6398
v 22535.0763 30631.1125 89.6398
v 22535.0763 30631.1125 89.6398
v 22535.0763 30631.1125 89.6398
v 22535.2190 30637.2592 89.6399
v 22535.2190 30637.2592 89.6399
v 22535.2190 30637.2592 89.6399
v 22535.2190 30637.2592 89.6399
v 22535.2190 30637.2592 89.6399
v 22535.2190 30637.2592 89.6399
v 22535.2190 30637.2592 88.4349
v 22535.2190 30637.2592 88.4349
v 22535.2190 30637.2592 88.4349
v 22535.2190 30637.2592 88.4349
v 22535.2190 30637.2592 88.4349
v 22529.7381 30639.3794 88.4349
v 22529.7381 30639.3794 88.4349
v 22529.7381 30639.3794 88.4349
v 22529.7381 30639.3794 88.4349
v 22529.7381 30639.3794 88.4349
v 22529.7381 30639.3794 88.4349
v 22517.1854 30642.7808 88.4349
v 22517.1854 30642.7808 88.4349
v 22517.1854 30642.7808 88.4349
v 22517.1854 30642.7808 88.4349
v 22517.1854 30642.7808 88.4349
v 22527.0828 30642.1859 88.4349
v 22527.0828 30642.1859 88.4349
v 22527.0828 30642.1859 88.4349
v 22527.0828 30642.1859 88.4349
v 22527.0828 30642.1859 88.4349
v 22527.0828 30642.1859 92.2149
v 22527.0828 30642.1859 92.2149
v 22527.0828 30642.1859 92.2149
v 22527.0828 30642.1859 92.2149
v 22527.0828 30642.1859 92.2149
v 22527.0828 30642.1859 92.2149
v 22527.0828 30642.1859 92.2149
v 22529.7381 30639.3794 92.2149
v 22529.7381 30639.3794 92.2149
v 22529.7381 30639.3794 92.2149
v 22529.7381 30639.3794 92.2149
v 22529.7381 30639.3794 92.2149
v 22529.7381 30639.3794 92.2149
v 22530.5743 30641.0741 92.2149
v 22530.5743 30641.0741 92.2149
v 22530.5743 30641.0741 92.2149
v 22530.5743 30641.0741 92.2149
v 22530.5743 30641.0741 92.2149
v 22530.5743 30641.0741 92.2149
v 22530.5743 30641.0741 88.4349
v 22530.5743 30641.0741 88.4349
v 22530.5743 30641.0741 88.4349
v 22530.5743 30641.0741 88.4349
v 22530.5743 30641.0741 88.4349
v 22548.2134 30640.2902 88.4349
v 22548.2134 30640.2902 88.4349
v 22548.2134 30640.2902 88.4349
v 22548.2134 30640.2902 88.4349
v 22548.2134 30640.2902 88.4349
v 22548.2134 30640.2902 88.4349
v 22548.2134 30640.2902 88.4349
v 22548.2134 30640.2902 88.4349
v 22548.2134 30640.2902 88.4349
v 22548.2134 30640.2902 88.4349
v 22548.2134 30640.2902 88.4349
v 22593.1888 30660.1842 88.4351
v 22593.1888 30660.1842 88.4351
v 22593.1888 30660.1842 88.4351
v 22593.1888 30660.1842 88.4351
v 22593.1888 30660.1842 88.4351
v 22593.3788 30663.0550 88.4352
v 22593.3788 30663.0550 88.4352
v 22593.3788 30663.0550 88.4352
v 22593.2654 30663.1408 88.4352
v 22593.2654 30663.1408 88.4352
v 22593.2654 30663.1408 88.4352
v 22593.2654 30663.1408 88.4352
v 22593.2654 30663.1408 88.4352
v 22593.2654 30663.1408 88.4352
v 22593.2654 30663.1408 88.4352
v 22593.2654 30663.1408 88.4352
v 22593.2654 30663.1408 88.4352
v 22582.7107 30662.9393 88.8851
v 22582.7107 30662.9393 88.8851
v 22582.7107 30662.9393 88.8851
v 22582.7107 30662.9393 88.8851
v 22582.4898 30664.6481 88.8851
v 22582.4898 30664.6481 88.8851
v 22582.4898 30664.6481 88.8851
v 22582.4898 30664.6481 88.8851
v 22582.4898 30664.6481 88.8851
v 22582.7107 30662.9393 88.4351
v 22582.7107 30662.9393 88.4351
v 22582.7107 30662.9393 88.4351
v 22582.7107 30662.9393 88.4351
v 22582.7107 30662.9393 88.4351
v 22582.7107 30662.9393 88.4351
v 22582.7107 30662.9393 88.4351
v 22582.7107 30662.9393 88.4351
v 22582.4898 30664.6481 88.4351
v 22582.4898 30664.6481 88.4351
v 22582.4898 30664.6481 88.4351
v 22582.4898 30664.6481 88.4351
v 22582.4898 30664.6481 88.4351
v 22583.1006 30662.9897 88.4351
v 22583.1006 30662.9897 88.4351
v 22583.1006 30662.9897 88.4351
v 22583.1006 30662.9897 88.4351
v 22583.6282 30645.7453 88.4350
v 22583.6282 30645.7453 88.4350
v 22583.6282 30645.7453 88.4350
v 22583.6282 30645.7453 88.4350
v 22583.6282 30645.7453 88.4350
v 22583.6282 30645.7453 88.4350
v 22583.6282 30645.7453 88.4350
v 22583.6282 30645.7453 88.4350
v 22583.6282 30645.7453 88.4350
v 22588.7793 30645.4715 92.0850
v 22588.7793 30645.4715 92.0850
v 22588.7793 30645.4715 92.0850
v 22588.7793 30645.4715 92.0850
v 22589.1115 30651.7251 92.0851
v 22589.1115 30651.7251 92.0851
v 22589.1115 30651.7251 92.0851
v 22589.1115 30651.7251 92.0851
v 22589.1115 30651.7251 92.0851
v 22583.6282 30645.7452 92.0850
v 22583.6282 30645.7452 92.0850
v 22583.6282 30645.7452 92.0850
v 22583.6282 30645.7452 92.0850
v 22583.6282 30645.7452 92.0850
v 22583.6282 30645.7452 92.0850
v 22583.9603 30651.9987 92.0850
v 22583.9603 30651.9987 92.0850
v 22583.9603 30651.9987 92.0850
v 22583.9603 30651.9987 88.4350
v 22583.9603 30651.9987 88.4350
v 22583.9603 30651.9987 88.4350
v 22583.9603 30651.9987 88.4350
v 22583.9603 30651.9987 88.4350
v 22583.9603 30651.9987 88.4350
v 22583.9603 30651.9987 88.4350
v 22583.9603 30651.9987 88.4350
v 22589.1340 30652.2627 91.5201
v 22589.1340 30652.2627 91.5201
v 22589.1340 30652.2627 91.5201
v 22589.1340 30652.2627 91.5201
v 22589.1340 30652.2627 91.5201
v 22589.5688 30660.4440 91.5201
v 22589.5688 30660.4440 91.5201
v 22589.5688 30660.4440 91.5201
v 22589.5688 30660.4440 91.5201
v 22589.5688 30660.4440 91.5201
v 22584.8630 30652.4896 91.5200
v 22584.8630 30652.4896 91.5200
v 22584.8630 30652.4896 91.5200
v 22584.8630 30652.4896 91.5200
v 22584.8630 30652.4896 91.5200
v 22585.2979 30660.6708 91.5201
v 22585.2979 30660.6708 91.5201
v 22585.2979 30660.6708 91.5201
v 22585.2979 30660.6708 91.5201
v 22585.2979 30660.6708 91.5201
v 22584.8630 30652.4896 88.4350
v 22584.8630 30652.4896 88.4350
v 22584.8630 30652.4896 88.4350
v 22584.8630 30652.4896 88.4350
v 22584.8630 30652.4896 88.4350
v 22584.8630 30652.4896 88.4350
v 22584.8630 30652.4896 88.4350
v 22584.9635 30654.3805 88.4350
v 22584.9635 30654.3805 88.4350
v 22584.9635 30654.3805 88.4350
v 22585.2980 30660.6709 88.4351
v 22585.2980 30660.6709 88.4351
v 22585.2980 30660.6709 88.4351
v 22585.2980 30660.6709 88.4351
v 22585.2980 30660.6709 88.4351
v 22585.2980 30660.6709 88.4351
v 22585.2980 30660.6709 88.4351
v 22585.2980 30660.6709 88.4351
v 22589.5688 30660.4440 88.4351
v 22589.5688 30660.4440 88.4351
v 22589.5688 30660.4440 88.4351
v 22589.5688 30660.4440 88.4351
v 22589.5688 30660.4440 88.4351
v 22589.5688 30660.4440 88.4351
v 22589.5643 30660.3594 88.4351
v 22589.5643 30660.3594 88.4351
v 22589.5643 30660.3594 88.4351
v 22589.5643 30660.3594 88.4351
v 22589.1340 30652.2628 88.4351
v 22589.1340 30652.2628 88.4351
v 22589.1340 30652.2628 88.4351
v 22589.1340 30652.2628 88.4351
v 22589.1340 30652.2628 88.4351
v 22589.1340 30652.2628 88.4351
v 22589.1115 30651.7251 88.4351
v 22589.1115 30651.7251 88.4351
v 22589.1115 30651.7251 88.4351
v 22589.1115 30651.7251 88.4351
v 22589.1115 30651.7251 88.4351
v 22589.1115 30651.7251 88.4351
v 22589.1115 30651.7251 88.4351
v 22588.7793 30645.4715 88.4350
v 22588.7793 30645.4715 88.4350
v 22588.7793 30645.4715 88.4350
v 22588.7793 30645.4715 88.4350
v 22588.7793 30645.4715 88.4350
v 22588.7793 30645.4715 88.4350
v 22588.7793 30645.4715 88.4350
v 22586.7745 30641.0435 88.4350
v 22586.7745 30641.0435 88.4350
v 22586.7745 30641.0435 88.4350
v 22586.7745 30641.0435 88.4350
v 22586.7745 30641.0435 88.4350
v 22584.5202 30641.1553 88.4350
v 22584.5202 30641.1553 88.4350
v 22584.5202 30641.1553 88.4350
v 22584.5202 30641.1553 88.4350
v 22584.5202 30641.1553 88.4350
v 22584.5202 30641.1553 88.4350
v 22584.4607 30639.9669 88.4350
v 22584.4607 30639.9669 88.4350
v 22584.4607 30639.9669 88.4350
v 22584.4607 30639.9669 88.4350
v 22584.4607 30639.9669 88.4350
v 22584.4607 30639.9669 88.4350
v 22582.5961 30640.0595 88.4350
v 22582.5961 30640.0595 88.4350
v 22582.5961 30640.0595 88.4350
v 22582.5961 30640.0595 88.4350
v 22582.5961 30640.0595 88.4350
v 22582.5925 30639.9878 88.4349
v 22582.5925 30639.9878 88.4349
v 22582.5925 30639.9878 88.4349
v 22582.5925 30639.9878 88.4349
v 22582.5925 30639.9878 88.4349
v 22582.5925 30639.9878 88.4349
v 22582.5925 30639.9878 88.4349
v 22582.5925 30639.9878 88.4349
v 22582.5925 30639.9878 88.4349
v 22544.5995 30668.5628 94.7650
v 22544.5995 30668.5628 94.7650
v 22544.5995 30668.5628 94.7650
v 22544.5995 30668.5628 94.7650
v 22543.4851 30668.5628 94.7650
v 22543.4851 30668.5628 94.7650
v 22543.4851 30668.5628 94.7650
v 22543.4851 30668.5628 94.7650
v 22544.5995 30668.5628 92.7400
v 22544.5995 30668.5628 92.7400
v 22544.5995 30668.5628 92.7400
v 22544.5995 30668.5628 92.7400
v 22544.5995 30668.5628 92.7400
v 22543.4851 30668.5628 92.7400
v 22543.4851 30668.5628 92.7400
v 22543.4851 30668.5628 92.7400
v 22543.4851 30668.5628 92.7400
v 22543.4851 30668.5628 92.7400
v 22543.4851 30668.5628 92.7400
v 22543.4851 30668.5628 92.7400
v 22542.9280 30669.5279 94.7651
v 22542.9280 30669.5279 94.7651
v 22542.9280 30669.5279 94.7651
v 22542.9280 30669.5279 94.7651
v 22542.3399 30668.5784 94.7701
v 22542.3399 30668.5784 94.7701
v 22542.3399 30668.5784 94.7701
v 22542.3399 30668.5784 94.7701
v 22542.3399 30668.5784 94.7701
v 22541.2230 30668.5784 94.7700
v 22541.2230 30668.5784 94.7700
v 22541.2230 30668.5784 94.7700
v 22541.2230 30668.5784 94.7700
v 22541.2230 30668.5784 94.7700
v 22542.3399 30668.5784 92.7400
v 22542.3399 30668.5784 92.7400
v 22542.3399 30668.5784 92.7400
v 22542.3399 30668.5784 92.7400
v 22542.3399 30668.5784 92.7400
v 22542.3399 30668.5784 92.7400
v 22541.2230 30668.5784 92.7400
v 22541.2230 30668.5784 92.7400
v 22541.2230 30668.5784 92.7400
v 22541.2230 30668.5784 92.7400
v 22541.2230 30668.5784 92.7400
v 22541.2230 30668.5784 92.7400
v 22540.6645 30669.5457 94.7701
v 22540.6645 30669.5457 94.7701
v 22540.6645 30669.5457 94.7701
v 22540.6645 30669.5457 94.7701
v 22540.6645 30669.5457 94.7701
v 22540.1340 30668.7233 94.7701
v 22540.1340 30668.7233 94.7701
v 22540.1340 30668.7233 94.7701
v 22540.1340 30668.7233 94.7701
v 22540.1340 30668.7233 94.7701
v 22539.0170 30668.7233 94.7701
v 22539.0170 30668.7233 94.7701
v 22539.0170 30668.7233 94.7701
v 22539.0170 30668.7233 94.7701
v 22539.0170 30668.7233 94.7701
v 22540.1340 30668.7233 92.7401
v 22540.1340 30668.7233 92.7401
v 22540.1340 30668.7233 92.7401
v 22540.1340 30668.7233 92.7401
v 22540.1340 30668.7233 92.7401
v 22540.1340 30668.7233 92.7401
v 22540.1340 30668.7233 92.7401
v 22539.0170 30668.7233 92.7401
v 22539.0170 30668.7233 92.7401
v 22539.0170 30668.7233 92.7401
v 22539.0170 30668.7233 92.7401
v 22539.0170 30668.7233 92.7401
v 22539.0170 30668.7233 92.7401
v 22538.4586 30669.6906 94.7701
v 22538.4586 30669.6906 94.7701
v 22538.4586 30669.6906 94.7701
v 22538.4586 30669.6906 94.7701
v 22538.4586 30669.6906 94.7701
v 22538.4402 30669.7304 94.7751
v 22538.4402 30669.7304 94.7751
v 22538.4402 30669.7304 94.7751
v 22538.4402 30669.7304 94.7751
v 22537.8817 30668.7631 94.7751
v 22537.8817 30668.7631 94.7751
v 22537.8817 30668.7631 94.7751
v 22537.8817 30668.7631 94.7751
v 22537.8817 30668.7631 92.7401
v 22537.8817 30668.7631 92.7401
v 22537.8817 30668.7631 92.7401
v 22537.8817 30668.7631 92.7401
v 22537.8817 30668.7631 92.7401
v 22537.8817 30668.7631 92.7401
v 22537.8817 30668.7631 92.7401
v 22537.8817 30668.7631 92.7401
v 22536.7648 30668.7632 94.7751
v 22536.7648 30668.7632 94.7751
v 22536.7648 30668.7632 94.7751
v 22536.7648 30668.7632 94.7751
v 22536.7648 30668.7632 94.7751
v 22536.7648 30670.6978 94.7751
v 22536.7648 30670.6978 94.7751
v 22536.7648 30670.6978 94.7751
v 22536.7648 30670.6978 94.7751
v 22536.2063 30669.7305 94.7751
v 22536.2063 30669.7305 94.7751
v 22536.2063 30669.7305 94.7751
v 22536.2063 30669.7305 94.7751
v 22536.2063 30669.7305 94.7751
v 22537.8818 30670.6978 94.7751
v 22537.8818 30670.6978 94.7751
v 22537.8818 30670.6978 94.7751
v 22537.8818 30670.6978 94.7751
v 22537.8818 30670.6978 94.7751
v 22537.8818 30670.6978 94.7751
v 22537.8818 30670.6978 94.7751
v 22537.8818 30670.6978 94.7751
v 22538.4402 30669.7304 92.7401
v 22538.4402 30669.7304 92.7401
v 22538.4402 30669.7304 92.7401
v 22538.4402 30669.7304 92.7401
v 22538.4402 30669.7304 92.7401
v 22538.4402 30669.7304 92.7401
v 22538.4586 30669.6907 92.7401
v 22538.4586 30669.6907 92.7401
v 22538.4586 30669.6907 92.7401
v 22538.4586 30669.6907 92.7401
v 22538.4586 30669.6907 92.7401
v 22538.4586 30669.6907 92.7401
v 22538.4586 30669.6907 92.7401
v 22538.9334 30670.5131 92.7401
v 22538.9334 30670.5131 92.7401
v 22538.9334 30670.5131 92.7401
v 22539.0171 30670.6579 94.7701
v 22539.0171 30670.6579 94.7701
v 22539.0171 30670.6579 94.7701
v 22539.0171 30670.6579 94.7701
v 22539.0171 30670.6579 94.7701
v 22540.1340 30670.6579 94.7701
v 22540.1340 30670.6579 94.7701
v 22540.1340 30670.6579 94.7701
v 22540.1340 30670.6579 94.7701
v 22540.1340 30670.6579 94.7701
v 22540.1340 30670.6579 94.7701
v 22540.1340 30670.6579 94.7701
v 22540.6925 30669.6906 94.7701
v 22540.6925 30669.6906 94.7701
v 22540.6925 30669.6906 94.7701
v 22540.6925 30669.6906 94.7701
v 22540.6925 30669.6906 94.7701
v 22540.6925 30669.6906 92.7401
v 22540.6925 30669.6906 92.7401
v 22540.6925 30669.6906 92.7401
v 22540.6925 30669.6906 92.7401
v 22540.6925 30669.6906 92.7401
v 22540.6925 30669.6906 92.7401
v 22540.6645 30669.5457 92.7401
v 22540.6645 30669.5457 92.7401
v 22540.6645 30669.5457 92.7401
v 22540.6645 30669.5457 92.7401
v 22540.6645 30669.5457 92.7401
v 22540.6645 30669.5457 92.7401
v 22541.2230 30670.5130 94.7701
v 22541.2230 30670.5130 94.7701
v 22541.2230 30670.5130 94.7701
v 22541.2230 30670.5130 94.7701
v 22542.3399 30670.5130 94.7701
v 22542.3399 30670.5130 94.7701
v 22542.3399 30670.5130 94.7701
v 22542.3399 30670.5130 94.7701
v 22542.3399 30670.5130 94.7701
v 22542.3399 30670.5130 94.7701
v 22542.3399 30670.5130 94.7701
v 22542.8984 30669.5457 94.7701
v 22542.8984 30669.5457 94.7701
v 22542.8984 30669.5457 94.7701
v 22542.8984 30669.5457 94.7701
v 22542.8984 30669.5457 92.7401
v 22542.8984 30669.5457 92.7401
v 22542.8984 30669.5457 92.7401
v 22542.8984 30669.5457 92.7401
v 22542.8984 30669.5457 92.7401
v 22542.8984 30669.5457 92.7401
v 22542.8984 30669.5457 92.7401
v 22542.9280 30669.5279 92.7401
v 22542.9280 30669.5279 92.7401
v 22542.9280 30669.5279 92.7401
v 22542.9280 30669.5279 92.7401
v 22542.9280 30669.5279 92.7401
v 22543.4852 30670.4930 94.7651
v 22543.4852 30670.4930 94.7651
v 22543.4852 30670.4930 94.7651
v 22543.4852 30670.4930 94.7651
v 22543.4852 30670.4930 94.7651
v 22543.4852 30670.4930 94.7651
v 22543.4852 30670.4930 94.7651
v 22544.5996 30670.4930 94.7651
v 22544.5996 30670.4930 94.7651
v 22544.5996 30670.4930 94.7651
v 22544.5996 30670.4930 94.7651
v 22544.5996 30670.4930 94.7651
v 22545.1567 30669.5279 94.7651
v 22545.1567 30669.5279 94.7651
v 22545.1567 30669.5279 94.7651
v 22545.1567 30669.5279 94.7651
v 22545.1567 30669.5279 94.7651
v 22545.1567 30669.5279 94.7651
v 22545.1567 30669.5279 94.7651
v 22545.1567 30669.5279 94.7651
v 22545.0785 30669.3923 92.7401
v 22545.0785 30669.3923 92.7401
v 22545.0785 30669.3923 92.7401
v 22545.0785 30669.3923 92.7401
v 22545.0785 30669.3924 88.4351
v 22545.0785 30669.3924 88.4351
v 22545.0785 30669.3924 88.4351
v 22545.0785 30669.3924 88.4351
v 22545.0785 30669.3924 88.4351
v 22545.0785 30669.3924 88.4351
v 22538.0521 30660.1525 94.8500
v 22538.0521 30660.1525 94.8500
v 22538.0521 30660.1525 94.8500
v 22538.0521 30660.1525 94.8500
v 22537.4937 30659.1854 94.8500
v 22537.4937 30659.1854 94.8500
v 22537.4937 30659.1854 94.8500
v 22537.4937 30659.1854 94.8500
v 22537.4937 30659.1854 94.8500
v 22538.0521 30660.1525 92.6500
v 22538.0521 30660.1525 92.6500
v 22538.0521 30660.1525 92.6500
v 22538.0521 30660.1525 92.6500
v 22538.0521 30660.1525 92.6500
v 22538.0521 30660.1525 92.6500
v 22539.7457 30659.1451 94.8500
v 22539.7457 30659.1451 94.8500
v 22539.7457 30659.1451 94.8500
v 22540.3041 30660.1123 94.8500
v 22540.3041 30660.1123 94.8500
v 22540.3041 30660.1123 94.8500
v 22540.3041 30660.1123 94.8500
v 22540.3041 30660.1123 94.8500
v 22540.3041 30660.1123 94.8500
v 22540.3041 30660.1123 94.8500
v 22538.6289 30659.1452 94.8500
v 22538.6289 30659.1452 94.8500
v 22538.6289 30659.1452 94.8500
v 22538.6289 30659.1452 94.8500
v 22538.6289 30659.1452 94.8500
v 22538.0705 30660.1124 94.8500
v 22538.0705 30660.1124 94.8500
v 22538.0705 30660.1124 94.8500
v 22538.0705 30660.1124 94.8500
v 22538.0705 30660.1124 94.8500
v 22538.0705 30660.1124 92.6500
v 22538.0705 30660.1124 92.6500
v 22538.0705 30660.1124 92.6500
v 22538.0705 30660.1124 92.6500
v 22538.0705 30660.1124 92.6500
v 22538.0705 30660.1124 92.6500
v 22538.6290 30661.0796 94.8500
v 22538.6290 30661.0796 94.8500
v 22538.6290 30661.0796 94.8500
v 22538.6290 30661.0796 94.8500
v 22538.6290 30661.0796 94.8500
v 22539.7458 30661.0795 94.8500
v 22539.7458 30661.0795 94.8500
v 22539.7458 30661.0795 94.8500
v 22539.7458 30661.0795 94.8500
v 22539.7458 30661.0795 94.8500
v 22540.3041 30660.1123 92.6500
v 22540.3041 30660.1123 92.6500
v 22540.3041 30660.1123 92.6500
v 22540.3041 30660.1123 92.6500
v 22540.3041 30660.1123 92.6500
v 22540.3041 30660.1123 92.6500
v 22540.3041 30660.1123 92.6500
v 22540.7508 30659.1451 92.6500
v 22540.7508 30659.1451 92.6500
v 22540.7508 30659.1451 92.6500
v 22540.7508 30659.1451 92.6500
v 22540.2759 30659.9677 94.8450
v 22540.2759 30659.9677 94.8450
v 22540.2759 30659.9677 94.8450
v 22540.2759 30659.9677 94.8450
v 22540.2759 30659.9677 94.8450
v 22540.2759 30659.9677 94.8450
v 22540.2759 30659.9677 92.6500
v 22540.2759 30659.9677 92.6500
v 22540.2759 30659.9677 92.6500
v 22540.2759 30659.9677 92.6500
v 22540.2759 30659.9677 92.6500
v 22540.2759 30659.9677 92.6500
v 22540.3318 30660.0645 92.6500
v 22540.3318 30660.0645 92.6500
v 22540.3318 30660.0645 92.6500
v 22540.3318 30660.0645 92.6500
v 22540.8344 30660.9350 94.8450
v 22540.8344 30660.9350 94.8450
v 22540.8344 30660.9350 94.8450
v 22540.8344 30660.9350 94.8450
v 22540.8344 30660.9350 94.8450
v 22541.9513 30660.9349 94.8450
v 22541.9513 30660.9349 94.8450
v 22541.9513 30660.9349 94.8450
v 22541.9513 30660.9349 94.8450
v 22541.9513 30660.9349 94.8450
v 22541.9513 30660.9349 94.8450
v 22541.9513 30660.9349 94.8450
v 22540.8343 30659.0004 94.8450
v 22540.8343 30659.0004 94.8450
v 22540.8343 30659.0004 94.8450
v 22540.8343 30659.0004 94.8450
v 22540.8343 30659.0004 94.8450
v 22541.9513 30659.0003 94.8450
v 22541.9513 30659.0003 94.8450
v 22541.9513 30659.0003 94.8450
v 22541.9513 30659.0003 94.8450
v 22541.9513 30659.0003 94.8450
v 22542.5098 30659.9676 94.8450
v 22542.5098 30659.9676 94.8450
v 22542.5098 30659.9676 94.8450
v 22542.5098 30659.9676 94.8450
v 22542.5098 30659.9676 92.6500
v 22542.5098 30659.9676 92.6500
v 22542.5098 30659.9676 92.6500
v 22542.5098 30659.9676 92.6500
v 22542.5098 30659.9676 92.6500
v 22542.5098 30659.9676 92.6500
v 22542.5098 30659.9676 92.6500
v 22542.5392 30659.9502 92.6500
v 22542.5392 30659.9502 92.6500
v 22542.5392 30659.9502 92.6500
v 22542.5392 30659.9502 92.6500
v 22542.5392 30659.9502 92.6500
v 22542.5392 30659.9502 94.8400
v 22542.5392 30659.9502 94.8400
v 22542.5392 30659.9502 94.8400
v 22542.5392 30659.9502 94.8400
v 22543.0964 30660.9151 94.8400
v 22543.0964 30660.9151 94.8400
v 22543.0964 30660.9151 94.8400
v 22543.0964 30660.9151 94.8400
v 22543.0964 30660.9151 94.8400
v 22543.0964 30660.9151 94.8400
v 22543.0963 30658.9852 94.8400
v 22543.0963 30658.9852 94.8400
v 22543.0963 30658.9852 94.8400
v 22543.0963 30658.9852 94.8400
v 22543.0963 30658.9852 94.8400
v 22544.2106 30660.9151 94.8400
v 22544.2106 30660.9151 94.8400
v 22544.2106 30660.9151 94.8400
v 22544.2106 30660.9151 94.8400
v 22544.7677 30659.9501 94.8400
v 22544.7677 30659.9501 94.8400
v 22544.7677 30659.9501 94.8400
v 22544.7677 30659.9501 94.8400
v 22544.7677 30659.9501 94.8400
v 22544.2106 30658.9852 94.8400
v 22544.2106 30658.9852 94.8400
v 22544.2106 30658.9852 94.8400
v 22544.2106 30658.9852 94.8400
v 22544.2106 30658.9852 92.6500
v 22544.2106 30658.9852 92.6500
v 22544.2106 30658.9852 92.6500
v 22544.2106 30658.9852 92.6500
v 22544.2106 30658.9852 92.6500
v 22543.0963 30658.9852 92.6500
v 22543.0963 30658.9852 92.6500
v 22543.0963 30658.9852 92.6500
v 22543.0963 30658.9852 92.6500
v 22543.0963 30658.9852 92.6500
v 22543.0963 30658.9852 92.6500
v 22543.0963 30658.9852 92.6500
v 22541.9513 30659.0004 92.6500
v 22541.9513 30659.0004 92.6500
v 22541.9513 30659.0004 92.6500
v 22541.9513 30659.0004 92.6500
v 22541.9513 30659.0004 92.6500
v 22541.9513 30659.0004 92.6500
v 22540.8343 30659.0004 92.6500
v 22540.8343 30659.0004 92.6500
v 22540.8343 30659.0004 92.6500
v 22540.8343 30659.0004 92.6500
v 22540.8343 30659.0004 92.6500
v 22540.8343 30659.0004 92.6500
v 22539.7457 30659.1452 92.6500
v 22539.7457 30659.1452 92.6500
v 22539.7457 30659.1452 92.6500
v 22539.7457 30659.1452 92.6500
v 22539.7457 30659.1452 92.6500
v 22539.7457 30659.1452 92.6500
v 22539.7457 30659.1452 92.6500
v 22539.7457 30659.1452 92.6500
v 22539.7457 30659.1452 92.6500
v 22538.6289 30659.1452 92.6500
v 22538.6289 30659.1452 92.6500
v 22538.6289 30659.1452 92.6500
v 22538.6289 30659.1452 92.6500
v 22538.6289 30659.1452 92.6500
v 22538.6289 30659.1452 92.6500
v 22537.4937 30659.1854 92.6500
v 22537.4937 30659.1854 92.6500
v 22537.4937 30659.1854 92.6500
v 22537.4937 30659.1854 92.6500
v 22537.4937 30659.1854 92.6500
v 22537.4937 30659.1854 92.6500
v 22537.4937 30659.1854 92.6500
v 22536.3770 30659.1854 94.8500
v 22536.3770 30659.1854 94.8500
v 22536.3770 30659.1854 94.8500
v 22536.3770 30659.1854 94.8500
v 22536.3770 30659.1854 94.8500
v 22536.3771 30661.1197 94.8500
v 22536.3771 30661.1197 94.8500
v 22536.3771 30661.1197 94.8500
v 22536.3771 30661.1197 94.8500
v 22535.8187 30660.1526 94.8500
v 22535.8187 30660.1526 94.8500
v 22535.8187 30660.1526 94.8500
v 22535.8187 30660.1526 94.8500
v 22535.8187 30660.1526 94.8500
v 22537.4938 30661.1196 94.8500
v 22537.4938 30661.1196 94.8500
v 22537.4938 30661.1196 94.8500
v 22537.4938 30661.1196 94.8500
v 22537.4938 30661.1196 94.8500
v 22537.4938 30661.1196 94.8500
v 22537.4938 30661.1196 94.8500
v 22537.4938 30661.1196 92.6500
v 22537.4938 30661.1196 92.6500
v 22537.4938 30661.1196 92.6500
v 22537.4938 30661.1196 92.6500
v 22537.4938 30661.1196 92.6500
v 22537.4938 30661.1196 92.6500
v 22538.6290 30661.0796 92.6500
v 22538.6290 30661.0796 92.6500
v 22538.6290 30661.0796 92.6500
v 22538.6290 30661.0796 92.6500
v 22538.6290 30661.0796 92.6500
v 22538.6290 30661.0796 92.6500
v 22538.6290 30661.0796 92.6500
v 22539.7458 30661.0795 92.6500
v 22539.7458 30661.0795 92.6500
v 22539.7458 30661.0795 92.6500
v 22539.7458 30661.0795 92.6500
v 22539.7458 30661.0795 92.6500
v 22540.8344 30660.9350 92.6500
v 22540.8344 30660.9350 92.6500
v 22540.8344 30660.9350 92.6500
v 22540.8344 30660.9350 92.6500
v 22540.8344 30660.9350 92.6500
v 22540.8344 30660.9350 92.6500
v 22540.8344 30660.9350 92.6500
v 22541.9513 30660.9350 92.6500
v 22541.9513 30660.9350 92.6500
v 22541.9513 30660.9350 92.6500
v 22541.9513 30660.9350 92.6500
v 22541.9513 30660.9350 92.6500
v 22541.9513 30660.9350 92.6500
v 22543.0964 30660.9152 92.6500
v 22543.0964 30660.9152 92.6500
v 22543.0964 30660.9152 92.6500
v 22543.0964 30660.9152 92.6500
v 22543.0964 30660.9152 92.6500
v 22543.0964 30660.9152 92.6500
v 22543.0964 30660.9152 92.6500
v 22544.2106 30660.9151 92.6500
v 22544.2106 30660.9151 92.6500
v 22544.2106 30660.9151 92.6500
v 22544.2106 30660.9151 92.6500
v 22544.2106 30660.9151 92.6500
v 22544.7677 30659.9501 92.6500
v 22544.7677 30659.9501 92.6500
v 22544.7677 30659.9501 92.6500
v 22544.7677 30659.9501 92.6500
v 22544.7677 30659.9501 92.6500
v 22544.7677 30659.9501 92.6500
v 22544.7677 30659.9501 92.6500
v 22544.7677 30659.9501 92.6500
v 22544.7942 30659.9044 92.6500
v 22544.7942 30659.9044 92.6500
v 22544.7942 30659.9044 92.6500
v 22544.7942 30659.9044 92.6500
v 22544.7557 30658.9852 92.6500
v 22544.7557 30658.9852 92.6500
v 22544.7557 30658.9852 92.6500
v 22544.7557 30658.9852 92.6500
v 22544.7557 30658.9852 92.6500
v 22544.7106 30657.9065 92.6500
v 22544.7106 30657.9065 92.6500
v 22544.7106 30657.9065 92.6500
v 22544.7106 30657.9065 92.6500
v 22544.7106 30657.9065 92.6500
v 22544.7106 30657.9065 92.6500
v 22544.7106 30657.9065 92.6500
v 22544.7106 30657.9065 92.6500
v 22544.7106 30657.9065 92.6500
v 22544.7106 30657.9065 92.6500
v 22544.7106 30657.9065 92.6500
v 22544.7106 30657.9065 92.6500
v 22544.7106 30657.9065 92.6500
v 22536.3770 30659.1855 92.6500
v 22536.3770 30659.1855 92.6500
v 22536.3770 30659.1855 92.6500
v 22536.3770 30659.1855 92.6500
v 22536.3770 30659.1855 92.6500
v 22536.3770 30659.1855 92.6500
v 22536.3770 30659.1855 92.6500
v 22535.8187 30660.1526 92.6500
v 22535.8187 30660.1526 92.6500
v 22535.8187 30660.1526 92.6500
v 22535.8187 30660.1526 92.6500
v 22535.8187 30660.1526 92.6500
v 22535.8187 30660.1526 92.6500
v 22536.3771 30661.1197 92.6500
v 22536.3771 30661.1197 92.6500
v 22536.3771 30661.1197 92.6500
v 22536.3771 30661.1197 92.6500
v 22536.3771 30661.1197 92.6500
v 22536.3771 30661.1197 92.6500
v 22544.8693 30661.7022 92.6500
v 22544.8693 30661.7022 92.6500
v 22544.8693 30661.7022 92.6500
v 22544.8693 30661.7022 92.6500
v 22544.8693 30661.7022 92.6500
v 22544.8693 30661.7022 92.6500
v 22544.8693 30661.7022 92.6500
v 22544.8693 30661.7022 92.6500
v 22544.8693 30661.7022 92.6500
v 22544.8693 30661.7022 92.6500
v 22544.8693 30661.7022 92.6500
v 22544.8693 30661.7022 92.6500
v 22544.8693 30661.7022 88.4350
v 22544.8693 30661.7022 88.4350
v 22544.8693 30661.7022 88.4350
v 22544.8693 30661.7022 88.4350
v 22544.8693 30661.7022 88.4350
v 22544.8693 30661.7022 88.4350
v 22544.8693 30661.7022 88.4350
v 22544.8693 30661.7022 88.4350
v 22544.7106 30657.9066 88.4350
v 22544.7106 30657.9066 88.4350
v 22544.7106 30657.9066 88.4350
v 22544.7106 30657.9066 88.4350
v 22544.7106 30657.9066 88.4350
v 22544.7106 30657.9066 88.4350
v 22535.4867 30658.2925 92.6500
v 22535.4867 30658.2925 92.6500
v 22535.4867 30658.2925 92.6500
v 22535.4867 30658.2925 92.6500
v 22535.5223 30659.1453 92.6500
v 22535.5223 30659.1453 92.6500
v 22535.5223 30659.1453 92.6500
v 22535.5223 30659.1453 92.6500
v 22535.5223 30659.1453 92.6500
v 22535.5223 30659.1453 92.6500
v 22535.5816 30660.5633 92.6500
v 22535.5816 30660.5633 92.6500
v 22535.5816 30660.5633 92.6500
v 22535.5816 30660.5633 92.6500
v 22535.5816 30660.5633 92.6500
v 22535.6452 30662.0881 92.6500
v 22535.6452 30662.0881 92.6500
v 22535.6452 30662.0881 92.6500
v 22535.6452 30662.0881 92.6500
v 22535.6452 30662.0881 92.6500
v 22535.6452 30662.0881 92.6500
v 22535.6452 30662.0881 92.6500
v 22539.6696 30661.9197 88.4350
v 22539.6696 30661.9197 88.4350
v 22539.6696 30661.9197 88.4350
v 22539.6696 30661.9197 88.4350
v 22539.6696 30661.9197 88.4350
v 22539.6696 30661.9197 88.4350
v 22545.0024 30667.5667 88.4350
v 22545.0024 30667.5667 88.4350
v 22545.0024 30667.5667 88.4350
v 22545.0024 30667.5667 88.4350
v 22545.0024 30667.5667 88.4350
v 22545.0024 30667.5667 88.4350
v 22545.0024 30667.5667 88.4350
v 22536.1972 30667.9344 88.4351
v 22536.1972 30667.9344 88.4351
v 22536.1972 30667.9344 88.4351
v 22536.1972 30667.9344 88.4351
v 22536.0189 30667.9418 92.7401
v 22536.0189 30667.9418 92.7401
v 22536.0189 30667.9418 92.7401
v 22536.0189 30667.9418 92.7401
v 22536.0189 30667.9418 92.7401
v 22545.0024 30667.5667 92.7400
v 22545.0024 30667.5667 92.7400
v 22545.0024 30667.5667 92.7400
v 22545.0024 30667.5667 92.7400
v 22545.0024 30667.5667 92.7400
v 22545.0024 30667.5667 92.7400
v 22545.0024 30667.5667 92.7400
v 22545.0024 30667.5667 92.7400
v 22545.0024 30667.5667 92.7400
v 22545.0024 30667.5667 92.7400
v 22545.0024 30667.5667 92.7400
v 22545.0024 30667.5667 92.7400
v 22545.0024 30667.5667 92.7400
v 22536.7648 30668.7632 92.7401
v 22536.7648 30668.7632 92.7401
v 22536.7648 30668.7632 92.7401
v 22536.7648 30668.7632 92.7401
v 22536.7648 30668.7632 92.7401
v 22536.7648 30668.7632 92.7401
v 22536.2063 30669.7305 92.7401
v 22536.2063 30669.7305 92.7401
v 22536.2063 30669.7305 92.7401
v 22536.2063 30669.7305 92.7401
v 22536.2063 30669.7305 92.7401
v 22536.2063 30669.7305 92.7401
v 22536.2063 30669.7305 92.7401
v 22536.7648 30670.6978 92.7401
v 22536.7648 30670.6978 92.7401
v 22536.7648 30670.6978 92.7401
v 22536.7648 30670.6978 92.7401
v 22536.7648 30670.6978 92.7401
v 22536.7648 30670.6978 92.7401
v 22537.8818 30670.6978 92.7401
v 22537.8818 30670.6978 92.7401
v 22537.8818 30670.6978 92.7401
v 22537.8818 30670.6978 92.7401
v 22537.8818 30670.6978 92.7401
v 22539.0171 30670.6579 92.7401
v 22539.0171 30670.6579 92.7401
v 22539.0171 30670.6579 92.7401
v 22539.0171 30670.6579 92.7401
v 22539.0171 30670.6579 92.7401
v 22539.0171 30670.6579 92.7401
v 22539.0171 30670.6579 92.7401
v 22539.0171 30670.6579 92.7401
v 22540.1340 30670.6579 92.7401
v 22540.1340 30670.6579 92.7401
v 22540.1340 30670.6579 92.7401
v 22540.1340 30670.6579 92.7401
v 22540.1340 30670.6579 92.7401
v 22540.2177 30670.5130 92.7401
v 22540.2177 30670.5130 92.7401
v 22540.2177 30670.5130 92.7401
v 22540.2177 30670.5130 92.7401
v 22540.2177 30670.5130 92.7401
v 22541.2230 30670.5130 92.7401
v 22541.2230 30670.5130 92.7401
v 22541.2230 30670.5130 92.7401
v 22541.2230 30670.5130 92.7401
v 22541.2230 30670.5130 92.7401
v 22541.2230 30670.5130 92.7401
v 22541.2230 30670.5130 92.7401
v 22542.3399 30670.5130 92.7401
v 22542.3399 30670.5130 92.7401
v 22542.3399 30670.5130 92.7401
v 22542.3399 30670.5130 92.7401
v 22542.3399 30670.5130 92.7401
v 22542.3399 30670.5130 92.7401
v 22543.4852 30670.4930 92.7401
v 22543.4852 30670.4930 92.7401
v 22543.4852 30670.4930 92.7401
v 22543.4852 30670.4930 92.7401
v 22543.4852 30670.4930 92.7401
v 22543.4852 30670.4930 92.7401
v 22543.4852 30670.4930 92.7401
v 22544.5996 30670.4930 92.7401
v 22544.5996 30670.4930 92.7401
v 22544.5996 30670.4930 92.7401
v 22544.5996 30670.4930 92.7401
v 22545.0890 30669.6452 92.7401
v 22545.0890 30669.6452 92.7401
v 22545.0890 30669.6452 92.7401
v 22545.0890 30669.6452 92.7401
v 22545.0890 30669.6452 92.7401
v 22545.0890 30669.6452 92.7401
v 22545.0890 30669.6452 92.7401
v 22545.0890 30669.6452 88.4351
v 22545.0890 30669.6452 88.4351
v 22545.0890 30669.6452 88.4351
v 22545.1567 30669.5279 88.4351
v 22545.1567 30669.5279 88.4351
v 22545.1567 30669.5279 88.4351
v 22545.1567 30669.5279 88.4351
v 22545.1567 30669.5279 88.4351
v 22545.1567 30669.5279 88.4351
v 22546.4977 30648.3259 88.4349
v 22546.4977 30648.3259 88.4349
v 22546.4977 30648.3259 88.4349
v 22546.4977 30648.3259 88.4349
v 22546.4977 30648.3259 88.4349
v 22546.4977 30648.3259 88.4349
v 22546.4977 30648.3259 88.4349
v 22546.4977 30648.3259 88.4349
v 22546.4977 30648.3259 88.4349
v 22546.4977 30648.3259 88.4349
v 22546.4977 30648.3259 88.4349
v 22546.4977 30648.3259 88.4349
v 22575.5617 30661.0364 91.5200
v 22575.5617 30661.0364 91.5200
v 22575.5617 30661.0364 91.5200
v 22575.5617 30661.0364 91.5200
v 22575.2624 30654.8487 91.5200
v 22575.2624 30654.8487 91.5200
v 22575.2624 30654.8487 91.5200
v 22575.2624 30654.8487 91.5200
v 22575.2624 30654.8487 91.5200
v 22581.7685 30660.7363 91.5201
v 22581.7685 30660.7363 91.5201
v 22581.7685 30660.7363 91.5201
v 22581.7685 30660.7363 91.5201
v 22581.7685 30660.7363 91.5201
v 22581.4698 30654.5491 91.5200
v 22581.4698 30654.5491 91.5200
v 22581.4698 30654.5491 91.5200
v 22581.4698 30654.5491 91.5200
v 22581.4698 30654.5492 88.4350
v 22581.4698 30654.5492 88.4350
v 22581.4698 30654.5492 88.4350
v 22581.4698 30654.5492 88.4350
v 22581.4698 30654.5492 88.4350
v 22581.4698 30654.5492 88.4350
v 22581.4698 30654.5492 88.4350
v 22581.4698 30654.5492 88.4350
v 22559.7736 30658.2914 92.6500
v 22559.7736 30658.2914 92.6500
v 22559.7736 30658.2914 92.6500
v 22559.7736 30658.2914 92.6500
v 22559.7736 30658.2914 92.6500
v 22559.7736 30658.2914 92.6500
v 22559.7736 30658.2914 95.0600
v 22559.7736 30658.2914 95.0600
v 22559.7736 30658.2914 95.0600
v 22559.7736 30658.2914 95.0600
v 22559.7736 30658.2914 95.0600
v 22558.6567 30658.2915 95.0600
v 22558.6567 30658.2915 95.0600
v 22558.6567 30658.2915 95.0600
v 22558.6567 30658.2915 95.0600
v 22558.6567 30658.2915 95.0600
v 22558.6568 30660.2259 95.0600
v 22558.6568 30660.2259 95.0600
v 22558.6568 30660.2259 95.0600
v 22558.6568 30660.2259 95.0600
v 22558.0983 30659.2587 95.0600
v 22558.0983 30659.2587 95.0600
v 22558.0983 30659.2587 95.0600
v 22558.0983 30659.2587 95.0600
v 22558.0983 30659.2587 95.0600
v 22559.7736 30660.2258 95.0600
v 22559.7736 30660.2258 95.0600
v 22559.7736 30660.2258 95.0600
v 22559.7736 30660.2258 95.0600
v 22559.7736 30660.2258 95.0600
v 22559.7736 30660.2258 95.0600
v 22559.7736 30660.2258 95.0600
v 22560.3320 30659.2586 95.0600
v 22560.3320 30659.2586 95.0600
v 22560.3320 30659.2586 95.0600
v 22560.3320 30659.2586 95.0600
v 22560.3320 30659.2586 92.6500
v 22560.3320 30659.2586 92.6500
v 22560.3320 30659.2586 92.6500
v 22560.3320 30659.2586 92.6500
v 22560.3320 30659.2586 92.6500
v 22560.3320 30659.2586 92.6500
v 22560.3504 30659.2189 92.6500
v 22560.3504 30659.2189 92.6500
v 22560.3504 30659.2189 92.6500
v 22560.3504 30659.2189 92.6500
v 22560.3504 30659.2189 92.6500
v 22560.3504 30659.2189 92.6500
v 22560.3504 30659.2189 92.6500
v 22560.3504 30659.2189 92.6500
v 22565.3748 30658.0571 95.0550
v 22565.3748 30658.0571 95.0550
v 22565.3748 30658.0571 95.0550
v 22565.3748 30658.0571 95.0550
v 22565.3748 30658.0571 95.0550
v 22564.8163 30659.0245 95.0550
v 22564.8163 30659.0245 95.0550
v 22564.8163 30659.0245 95.0550
v 22564.8163 30659.0245 95.0550
v 22565.3748 30658.0571 92.6500
v 22565.3748 30658.0571 92.6500
v 22565.3748 30658.0571 92.6500
v 22565.3748 30658.0571 92.6500
v 22565.3748 30658.0571 92.6500
v 22565.3748 30658.0571 92.6500
v 22564.2311 30658.1070 95.0600
v 22564.2311 30658.1070 95.0600
v 22564.2311 30658.1070 95.0600
v 22564.2311 30658.1070 95.0600
v 22564.2311 30658.1070 95.0600
v 22563.1144 30658.1071 95.0600
v 22563.1144 30658.1071 95.0600
v 22563.1144 30658.1071 95.0600
v 22563.1144 30658.1071 95.0600
v 22563.1144 30658.1071 95.0600
v 22564.2311 30658.1071 92.6500
v 22564.2311 30658.1071 92.6500
v 22564.2311 30658.1071 92.6500
v 22564.2311 30658.1071 92.6500
v 22564.2311 30658.1071 92.6500
v 22564.2311 30658.1071 92.6500
v 22564.2311 30658.1071 92.6500
v 22563.1144 30658.1071 92.6500
v 22563.1144 30658.1071 92.6500
v 22563.1144 30658.1071 92.6500
v 22563.1144 30658.1071 92.6500
v 22563.1144 30658.1071 92.6500
v 22563.1144 30658.1071 92.6500
v 22562.5561 30659.0742 95.0600
v 22562.5561 30659.0742 95.0600
v 22562.5561 30659.0742 95.0600
v 22562.5561 30659.0742 95.0600
v 22562.5561 30659.0742 95.0600
v 22562.0255 30658.2517 95.0600
v 22562.0255 30658.2517 95.0600
v 22562.0255 30658.2517 95.0600
v 22562.0255 30658.2517 95.0600
v 22560.9088 30658.2518 95.0600
v 22560.9088 30658.2518 95.0600
v 22560.9088 30658.2518 95.0600
v 22560.9088 30658.2518 95.0600
v 22560.9088 30658.2518 95.0600
v 22560.9088 30658.2518 95.0600
v 22562.0256 30658.2517 92.6500
v 22562.0256 30658.2517 92.6500
v 22562.0256 30658.2517 92.6500
v 22562.0256 30658.2517 92.6500
v 22562.0256 30658.2517 92.6500
v 22562.0256 30658.2517 92.6500
v 22562.0256 30658.2517 92.6500
v 22562.0256 30658.2517 92.6500
v 22562.0256 30658.2517 92.6500
v 22560.9133 30658.2518 92.6500
v 22560.9133 30658.2518 92.6500
v 22560.9133 30658.2518 92.6500
v 22560.9133 30658.2518 92.6500
v 22560.9088 30658.2518 92.6500
v 22560.9088 30658.2518 92.6500
v 22560.9088 30658.2518 92.6500
v 22560.9088 30658.2518 92.6500
v 22560.9088 30658.2518 92.6500
v 22560.3504 30659.2189 95.0600
v 22560.3504 30659.2189 95.0600
v 22560.3504 30659.2189 95.0600
v 22560.3504 30659.2189 95.0600
v 22560.3504 30659.2189 95.0600
v 22560.3504 30659.2189 95.0600
v 22560.8859 30658.2914 92.6500
v 22560.8859 30658.2914 92.6500
v 22560.8859 30658.2914 92.6500
v 22560.8859 30658.2914 92.6500
v 22560.3527 30659.2228 92.6500
v 22560.3527 30659.2228 92.6500
v 22560.3527 30659.2228 92.6500
v 22560.9088 30660.1860 95.0600
v 22560.9088 30660.1860 95.0600
v 22560.9088 30660.1860 95.0600
v 22560.9088 30660.1860 95.0600
v 22560.9088 30660.1860 95.0600
v 22560.9088 30660.1860 95.0600
v 22562.0256 30660.1860 95.0600
v 22562.0256 30660.1860 95.0600
v 22562.0256 30660.1860 95.0600
v 22562.0256 30660.1860 95.0600
v 22562.5839 30659.2188 95.0600
v 22562.5839 30659.2188 95.0600
v 22562.5839 30659.2188 95.0600
v 22562.5839 30659.2188 95.0600
v 22562.5839 30659.2188 95.0600
v 22562.5839 30659.2188 95.0600
v 22562.5839 30659.2188 95.0600
v 22562.5840 30659.2189 92.6500
v 22562.5840 30659.2189 92.6500
v 22562.5840 30659.2189 92.6500
v 22562.5840 30659.2189 92.6500
v 22562.5840 30659.2189 92.6500
v 22562.5840 30659.2189 92.6500
v 22562.5561 30659.0742 92.6500
v 22562.5561 30659.0742 92.6500
v 22562.5561 30659.0742 92.6500
v 22562.5561 30659.0742 92.6500
v 22562.5561 30659.0742 92.6500
v 22562.5561 30659.0742 92.6500
v 22563.1144 30660.0412 95.0600
v 22563.1144 30660.0412 95.0600
v 22563.1144 30660.0412 95.0600
v 22563.1144 30660.0412 95.0600
v 22564.2311 30660.0412 95.0600
v 22564.2311 30660.0412 95.0600
v 22564.2311 30660.0412 95.0600
v 22564.2311 30660.0412 95.0600
v 22564.2311 30660.0412 95.0600
v 22564.2311 30660.0412 95.0600
v 22564.2311 30660.0412 95.0600
v 22564.7894 30659.0741 95.0600
v 22564.7894 30659.0741 95.0600
v 22564.7894 30659.0741 95.0600
v 22564.7894 30659.0741 95.0600
v 22564.7894 30659.0741 92.6500
v 22564.7894 30659.0741 92.6500
v 22564.7894 30659.0741 92.6500
v 22564.7894 30659.0741 92.6500
v 22564.7894 30659.0741 92.6500
v 22564.7894 30659.0741 92.6500
v 22564.8164 30659.0245 92.6500
v 22564.8164 30659.0245 92.6500
v 22564.8164 30659.0245 92.6500
v 22564.8164 30659.0245 92.6500
v 22564.8164 30659.0245 92.6500
v 22564.8164 30659.0245 92.6500
v 22564.8164 30659.0245 92.6500
v 22564.8172 30659.0260 92.6500
v 22564.8172 30659.0260 92.6500
v 22564.8172 30659.0260 92.6500
v 22565.3749 30659.9918 95.0550
v 22565.3749 30659.9918 95.0550
v 22565.3749 30659.9918 95.0550
v 22565.3749 30659.9918 95.0550
v 22565.3749 30659.9918 95.0550
v 22565.3749 30659.9918 95.0550
v 22565.3749 30659.9918 95.0550
v 22565.3749 30659.9918 95.0550
v 22566.4919 30659.9918 95.0550
v 22566.4919 30659.9918 95.0550
v 22566.4919 30659.9918 95.0550
v 22566.4919 30659.9918 95.0550
v 22567.0504 30659.0244 95.0550
v 22567.0504 30659.0244 95.0550
v 22567.0504 30659.0244 95.0550
v 22567.0504 30659.0244 95.0550
v 22567.0504 30659.0244 95.0550
v 22566.4918 30658.0571 95.0550
v 22566.4918 30658.0571 95.0550
v 22566.4918 30658.0571 95.0550
v 22566.4918 30658.0571 95.0550
v 22566.4918 30658.0571 95.0550
v 22566.4919 30658.0571 92.6500
v 22566.4919 30658.0571 92.6500
v 22566.4919 30658.0571 92.6500
v 22566.4919 30658.0571 92.6500
v 22566.4919 30658.0571 92.6500
v 22566.9993 30656.9758 92.6500
v 22566.9993 30656.9758 92.6500
v 22566.9993 30656.9758 92.6500
v 22566.9993 30656.9758 92.6500
v 22566.9993 30656.9758 92.6500
v 22566.9993 30656.9758 92.6500
v 22566.9993 30656.9758 92.6500
v 22566.9993 30656.9758 92.6500
v 22566.9993 30656.9758 92.6500
v 22561.5175 30657.2051 92.6500
v 22561.5175 30657.2051 92.6500
v 22561.5175 30657.2051 92.6500
v 22561.5175 30657.2051 92.6500
v 22561.5175 30657.2051 92.6500
v 22561.5129 30657.2053 92.6500
v 22561.5129 30657.2053 92.6500
v 22561.5129 30657.2053 92.6500
v 22561.5129 30657.2053 92.6500
v 22561.5129 30657.2053 92.6500
v 22561.5129 30657.2053 92.6500
v 22561.5129 30657.2053 92.6500
v 22561.5129 30657.2053 92.6500
v 22561.5129 30657.2053 92.6500
v 22558.6567 30658.2915 92.6500
v 22558.6567 30658.2915 92.6500
v 22558.6567 30658.2915 92.6500
v 22558.6567 30658.2915 92.6500
v 22558.6567 30658.2915 92.6500
v 22558.6567 30658.2915 92.6500
v 22558.0983 30659.2587 92.6500
v 22558.0983 30659.2587 92.6500
v 22558.0983 30659.2587 92.6500
v 22558.0983 30659.2587 92.6500
v 22558.0983 30659.2587 92.6500
v 22558.0983 30659.2587 92.6500
v 22558.6568 30660.2259 92.6500
v 22558.6568 30660.2259 92.6500
v 22558.6568 30660.2259 92.6500
v 22558.6568 30660.2259 92.6500
v 22558.6568 30660.2259 92.6500
v 22558.6568 30660.2259 92.6500
v 22559.7736 30660.2259 92.6500
v 22559.7736 30660.2259 92.6500
v 22559.7736 30660.2259 92.6500
v 22559.7736 30660.2259 92.6500
v 22559.7736 30660.2259 92.6500
v 22559.7736 30660.2259 92.6500
v 22560.9088 30660.1860 92.6500
v 22560.9088 30660.1860 92.6500
v 22560.9088 30660.1860 92.6500
v 22560.9088 30660.1860 92.6500
v 22560.9088 30660.1860 92.6500
v 22560.9088 30660.1860 92.6500
v 22560.9088 30660.1860 92.6500
v 22560.9088 30660.1860 92.6500
v 22562.0256 30660.1860 92.6500
v 22562.0256 30660.1860 92.6500
v 22562.0256 30660.1860 92.6500
v 22562.0256 30660.1860 92.6500
v 22562.0256 30660.1860 92.6500
v 22562.0256 30660.1860 92.6500
v 22563.1145 30660.0412 92.6500
v 22563.1145 30660.0412 92.6500
v 22563.1145 30660.0412 92.6500
v 22563.1145 30660.0412 92.6500
v 22563.1145 30660.0412 92.6500
v 22563.1145 30660.0412 92.6500
v 22563.1145 30660.0412 92.6500
v 22564.2311 30660.0412 92.6500
v 22564.2311 30660.0412 92.6500
v 22564.2311 30660.0412 92.6500
v 22564.2311 30660.0412 92.6500
v 22564.2311 30660.0412 92.6500
v 22564.2311 30660.0412 92.6500
v 22565.3749 30659.9919 92.6500
v 22565.3749 30659.9919 92.6500
v 22565.3749 30659.9919 92.6500
v 22565.3749 30659.9919 92.6500
v 22565.3749 30659.9919 92.6500
v 22565.3749 30659.9919 92.6500
v 22565.3749 30659.9919 92.6500
v 22565.3749 30659.9919 92.6500
v 22566.4919 30659.9918 92.6500
v 22566.4919 30659.9918 92.6500
v 22566.4919 30659.9918 92.6500
v 22566.4919 30659.9918 92.6500
v 22566.4919 30659.9918 92.6500
v 22567.0504 30659.0245 92.6500
v 22567.0504 30659.0245 92.6500
v 22567.0504 30659.0245 92.6500
v 22567.0504 30659.0245 92.6500
v 22567.0504 30659.0245 92.6500
v 22567.0504 30659.0245 92.6500
v 22567.0504 30659.0245 92.6500
v 22567.0504 30659.0245 92.6500
v 22567.1249 30659.9918 92.6500
v 22567.1249 30659.9918 92.6500
v 22567.1249 30659.9918 92.6500
v 22567.1249 30659.9918 92.6500
v 22567.0873 30659.0883 92.6500
v 22567.0873 30659.0883 92.6500
v 22567.0873 30659.0883 92.6500
v 22567.0873 30659.0883 92.6500
v 22567.0873 30659.0883 92.6500
v 22567.0873 30659.0883 92.6500
v 22567.0259 30657.6125 88.4350
v 22567.0259 30657.6125 88.4350
v 22567.0259 30657.6125 88.4350
v 22567.0259 30657.6125 88.4350
v 22566.9994 30656.9758 88.4350
v 22566.9994 30656.9758 88.4350
v 22566.9994 30656.9758 88.4350
v 22566.9994 30656.9758 88.4350
v 22566.9994 30656.9758 88.4350
v 22566.9994 30656.9758 88.4350
v 22566.9994 30656.9758 88.4350
v 22566.9994 30656.9758 88.4350
v 22558.0144 30657.3517 92.6500
v 22558.0144 30657.3517 92.6500
v 22558.0144 30657.3517 92.6500
v 22558.0144 30657.3517 92.6500
v 22558.0144 30657.3517 92.6500
v 22558.0144 30657.3517 92.6500
v 22558.0144 30657.3517 92.6500
v 22558.0144 30657.3517 92.6500
v 22558.1727 30661.1468 92.6500
v 22558.1727 30661.1468 92.6500
v 22558.1727 30661.1468 92.6500
v 22558.1727 30661.1468 92.6500
v 22558.1727 30661.1468 92.6500
v 22567.1573 30660.7717 92.6500
v 22567.1573 30660.7717 92.6500
v 22567.1573 30660.7717 92.6500
v 22567.1573 30660.7717 92.6500
v 22567.1573 30660.7717 92.6500
v 22567.1573 30660.7717 92.6500
v 22567.1573 30660.7717 92.6500
v 22567.1573 30660.7717 92.6500
v 22567.1573 30660.7717 92.6500
v 22567.1573 30660.7717 92.6500
v 22567.1573 30660.7717 92.6500
v 22567.1573 30660.7717 92.6500
v 22567.1573 30660.7717 92.6500
v 22567.1573 30660.7717 92.6500
v 22560.4726 30661.0508 88.4350
v 22560.4726 30661.0508 88.4350
v 22560.4726 30661.0508 88.4350
v 22560.4726 30661.0508 88.4350
v 22560.4726 30661.0508 88.4350
v 22567.1573 30660.7717 88.4350
v 22567.1573 30660.7717 88.4350
v 22567.1573 30660.7717 88.4350
v 22567.1573 30660.7717 88.4350
v 22567.1573 30660.7717 88.4350
v 22567.1573 30660.7717 88.4350
v 22567.1573 30660.7717 88.4350
v 22579.0970 30639.2176 88.4349
v 22579.0970 30639.2176 88.4349
v 22579.0970 30639.2176 88.4349
v 22579.0970 30639.2176 88.4349
v 22579.0970 30639.2176 88.4349
v 22579.0970 30639.2176 88.4349
v 22579.0970 30639.2176 88.4349
v 22579.0970 30639.2176 88.4349
v 22579.0970 30639.2176 88.4349
v 22579.0970 30639.2176 88.4349
v 22579.0970 30639.2176 88.4349
v 22579.0970 30639.2176 88.4349
v 22580.2535 30646.0060 94.4350
v 22580.2535 30646.0060 94.4350
v 22580.2535 30646.0060 94.4350
v 22580.2535 30646.0060 94.4350
v 22580.3721 30648.2405 94.4350
v 22580.3721 30648.2405 94.4350
v 22580.3721 30648.2405 94.4350
v 22580.3721 30648.2405 94.4350
v 22580.3721 30648.2405 94.4350
v 22578.0205 30646.1252 94.4350
v 22578.0205 30646.1252 94.4350
v 22578.0205 30646.1252 94.4350
v 22578.0205 30646.1252 94.4350
v 22578.0205 30646.1252 94.4350
v 22578.0205 30646.1252 94.4350
v 22578.1393 30648.3590 94.4350
v 22578.1393 30648.3590 94.4350
v 22578.1393 30648.3590 94.4350
v 22578.0206 30646.1252 88.4350
v 22578.0206 30646.1252 88.4350
v 22578.0206 30646.1252 88.4350
v 22578.0206 30646.1252 88.4350
v 22578.0206 30646.1252 88.4350
v 22578.1393 30648.3591 88.4350
v 22578.1393 30648.3591 88.4350
v 22578.1393 30648.3591 88.4350
v 22578.1393 30648.3591 88.4350
v 22578.1393 30648.3591 88.4350
v 22578.1393 30648.3591 88.4350
v 22578.1393 30648.3591 88.4350
v 22579.3403 30649.6626 88.4350
v 22579.3403 30649.6626 88.4350
v 22579.3403 30649.6626 88.4350
v 22579.3403 30649.6626 88.4350
v 22579.3403 30649.6626 88.4350
v 22579.3403 30649.6626 88.4350
v 22580.3721 30648.2405 88.4350
v 22580.3721 30648.2405 88.4350
v 22580.3721 30648.2405 88.4350
v 22580.3721 30648.2405 88.4350
v 22580.3721 30648.2405 88.4350
v 22580.3721 30648.2405 88.4350
v 22580.3721 30648.2405 88.4350
v 22580.3721 30648.2405 88.4350
v 22580.2535 30646.0060 88.4350
v 22580.2535 30646.0060 88.4350
v 22580.2535 30646.0060 88.4350
v 22580.2535 30646.0060 88.4350
v 22580.2535 30646.0060 88.4350
v 22580.2535 30646.0060 88.4350
v 22576.3846 30649.8201 88.4350
v 22576.3846 30649.8201 88.4350
v 22576.3846 30649.8201 88.4350
v 22576.3846 30649.8201 88.4350
v 22576.3846 30649.8201 88.4350
v 22576.3846 30649.8201 88.4350
v 22575.0932 30649.8889 91.4950
v 22575.0932 30649.8889 91.4950
v 22575.0932 30649.8889 91.4950
v 22575.0932 30649.8889 91.4950
v 22575.0932 30649.8889 91.4950
v 22575.0932 30649.8889 91.4950
v 22579.3403 30649.6626 91.4950
v 22579.3403 30649.6626 91.4950
v 22579.3403 30649.6626 91.4950
v 22579.3403 30649.6626 91.4950
v 22575.2088 30652.0508 91.4950
v 22575.2088 30652.0508 91.4950
v 22575.2088 30652.0508 91.4950
v 22575.2088 30652.0508 91.4950
v 22575.2088 30652.0508 91.4950
v 22579.4552 30651.8252 91.4950
v 22579.4552 30651.8252 91.4950
v 22579.4552 30651.8252 91.4950
v 22579.4552 30651.8252 91.4950
v 22579.4552 30651.8252 91.4950
v 22579.4552 30651.8253 88.4350
v 22579.4552 30651.8253 88.4350
v 22579.4552 30651.8253 88.4350
v 22579.4552 30651.8253 88.4350
v 22579.4552 30651.8253 88.4350
v 22579.4552 30651.8253 88.4350
v 22579.4552 30651.8253 88.4350
v 22580.8709 30640.1936 88.4349
v 22580.8709 30640.1936 88.4349
v 22580.8709 30640.1936 88.4349
v 22580.8709 30640.1936 88.4349
v 22580.8709 30640.1936 88.4349
v 22580.8709 30640.1936 88.4349
v 22580.8709 30640.1936 88.4349
v 22580.8709 30640.1936 92.1849
v 22580.8709 30640.1936 92.1849
v 22580.8709 30640.1936 92.1849
v 22580.8709 30640.1936 92.1849
v 22580.8709 30640.1936 92.1849
v 22580.8709 30640.1936 92.1849
v 22579.0970 30639.2176 92.1849
v 22579.0970 30639.2176 92.1849
v 22579.0970 30639.2176 92.1849
v 22579.0970 30639.2176 92.1849
v 22579.0970 30639.2176 92.1849
v 22579.0970 30639.2176 92.1849
v 22579.0970 30639.2176 92.1849
v 22579.0970 30639.2176 92.1849
v 22579.0970 30639.2176 92.1849
v 22579.0970 30639.2176 92.1849
v 22579.0970 30639.2176 92.1849
v 22579.0970 30639.2176 92.1849
v 22564.4212 30634.3287 92.1849
v 22564.4212 30634.3287 92.1849
v 22564.4212 30634.3287 92.1849
v 22564.4212 30634.3287 92.1849
v 22565.4626 30634.2596 92.1849
v 22565.4626 30634.2596 92.1849
v 22565.4626 30634.2596 92.1849
v 22565.4626 30634.2596 92.1849
v 22564.6600 30637.9501 92.1849
v 22564.6600 30637.9501 92.1849
v 22564.6600 30637.9501 92.1849
v 22564.6600 30637.9501 92.1849
v 22564.6600 30637.9501 92.1849
v 22564.6600 30637.9501 92.1849
v 22564.6600 30637.9501 92.1849
v 22564.6600 30637.9501 92.1849
v 22564.6600 30637.9501 92.1849
v 22564.6600 30637.9501 92.1849
v 22559.3809 30634.3217 92.1848
v 22559.3809 30634.3217 92.1848
v 22559.3809 30634.3217 92.1848
v 22559.3809 30634.3217 92.1848
v 22560.4215 30634.2524 92.1848
v 22560.4215 30634.2524 92.1848
v 22560.4215 30634.2524 92.1848
v 22560.4215 30634.2524 92.1848
v 22559.6319 30638.1374 92.1849
v 22559.6319 30638.1374 92.1849
v 22559.6319 30638.1374 92.1849
v 22559.6319 30638.1374 92.1849
v 22559.6319 30638.1374 92.1849
v 22559.6319 30638.1374 92.1849
v 22559.6319 30638.1374 92.1849
v 22559.6319 30638.1374 92.1849
v 22559.6319 30638.1374 92.1849
v 22560.6750 30638.0985 92.1849
v 22560.6750 30638.0985 92.1849
v 22560.6750 30638.0985 92.1849
v 22560.6750 30638.0985 92.1849
v 22560.6750 30638.0985 92.1849
v 22560.6750 30638.0985 92.1849
v 22560.6750 30638.0985 92.1849
v 22560.6750 30638.0985 92.1849
v 22555.6110 30638.2864 92.1849
v 22555.6110 30638.2864 92.1849
v 22555.6110 30638.2864 92.1849
v 22555.6110 30638.2864 92.1849
v 22555.6110 30638.2864 92.1849
v 22555.6110 30638.2864 92.1849
v 22555.5825 30638.2883 92.1849
v 22555.5825 30638.2883 92.1849
v 22555.5825 30638.2883 92.1849
v 22555.5825 30638.2883 92.1849
v 22555.5825 30638.2883 92.1849
v 22555.5825 30638.2883 92.1849
v 22555.5825 30638.2883 92.1849
v 22555.5825 30638.2883 92.1849
v 22555.3578 30634.4439 92.1848
v 22555.3578 30634.4439 92.1848
v 22555.3578 30634.4439 92.1848
v 22555.3578 30634.4439 92.1848
v 22555.3578 30634.4439 92.1848
v 22554.3169 30634.5130 92.1848
v 22554.3169 30634.5130 92.1848
v 22554.3169 30634.5130 92.1848
v 22554.3169 30634.5130 92.1848
v 22554.5680 30638.3261 92.1848
v 22554.5680 30638.3261 92.1848
v 22554.5680 30638.3261 92.1848
v 22554.5680 30638.3261 92.1848
v 22554.5680 30638.3261 92.1848
v 22554.5680 30638.3261 92.1848
v 22554.5680 30638.3261 92.1848
v 22554.5680 30638.3261 92.1848
v 22554.5680 30638.3261 92.1848
v 22554.5680 30638.3261 92.1848
v 22554.5680 30638.3261 88.4348
v 22554.5680 30638.3261 88.4348
v 22554.5680 30638.3261 88.4348
v 22554.5680 30638.3261 88.4348
v 22554.0259 30638.3463 92.1848
v 22554.0259 30638.3463 92.1848
v 22554.0259 30638.3463 92.1848
v 22554.0259 30638.3463 92.1848
v 22554.0931 30640.1493 92.1849
v 22554.0931 30640.1493 92.1849
v 22554.0931 30640.1493 92.1849
v 22554.0931 30640.1493 92.1849
v 22554.0931 30640.1493 92.1849
v 22565.7033 30637.9112 92.1849
v 22565.7033 30637.9112 92.1849
v 22565.7033 30637.9112 92.1849
v 22565.7033 30637.9112 92.1849
v 22565.7033 30637.9112 92.1849
v 22565.7033 30637.9112 92.1849
v 22565.7033 30637.9112 92.1849
v 22565.7033 30637.9112 92.1849
v 22565.4626 30634.2596 89.7599
v 22565.4626 30634.2596 89.7599
v 22565.4626 30634.2596 89.7599
v 22565.4626 30634.2596 89.7599
v 22565.4626 30634.2596 89.7599
v 22565.4626 30634.2596 89.7599
v 22564.4212 30634.3287 89.7599
v 22564.4212 30634.3287 89.7599
v 22564.4212 30634.3287 89.7599
v 22564.4212 30634.3287 89.7599
v 22564.4212 30634.3287 89.7599
v 22564.4212 30634.3287 89.7599
v 22564.5511 30636.2982 89.7599
v 22564.5511 30636.2982 89.7599
v 22564.5511 30636.2982 89.7599
v 22564.5511 30636.2982 89.7599
v 22564.5511 30636.2982 88.4349
v 22564.5511 30636.2982 88.4349
v 22564.5511 30636.2982 88.4349
v 22564.5511 30636.2982 88.4349
v 22564.5511 30636.2982 88.4349
v 22564.6600 30637.9501 88.4349
v 22564.6600 30637.9501 88.4349
v 22564.6600 30637.9501 88.4349
v 22564.6600 30637.9501 88.4349
v 22564.6600 30637.9501 88.4349
v 22560.6750 30638.0986 88.4349
v 22560.6750 30638.0986 88.4349
v 22560.6750 30638.0986 88.4349
v 22560.6750 30638.0986 88.4349
v 22560.6750 30638.0986 88.4349
v 22560.5610 30636.3693 88.4349
v 22560.5610 30636.3693 88.4349
v 22560.5610 30636.3693 88.4349
v 22560.5610 30636.3693 88.4349
v 22560.5610 30636.3693 89.7499
v 22560.5610 30636.3693 89.7499
v 22560.5610 30636.3693 89.7499
v 22560.5610 30636.3693 89.7499
v 22560.5610 30636.3693 89.7499
v 22560.5610 30636.3693 89.7499
v 22560.4215 30634.2524 89.7498
v 22560.4215 30634.2524 89.7498
v 22560.4215 30634.2524 89.7498
v 22560.4215 30634.2524 89.7498
v 22560.4215 30634.2524 89.7498
v 22560.4215 30634.2524 89.7498
v 22559.3809 30634.3217 89.7498
v 22559.3809 30634.3217 89.7498
v 22559.3809 30634.3217 89.7498
v 22559.3809 30634.3217 89.7498
v 22559.3809 30634.3217 89.7498
v 22559.3809 30634.3217 89.7498
v 22559.5195 30636.4280 89.7498
v 22559.5195 30636.4280 89.7498
v 22559.5195 30636.4280 89.7498
v 22559.5195 30636.4280 89.7498
v 22559.5195 30636.4280 88.4349
v 22559.5195 30636.4280 88.4349
v 22559.5195 30636.4280 88.4349
v 22559.5195 30636.4280 88.4349
v 22559.5195 30636.4280 88.4349
v 22559.6319 30638.1374 88.4349
v 22559.6319 30638.1374 88.4349
v 22559.6319 30638.1374 88.4349
v 22559.6319 30638.1374 88.4349
v 22559.6319 30638.1374 88.4349
v 22559.6319 30638.1374 88.4349
v 22559.6319 30638.1374 88.4349
v 22555.5825 30638.2883 88.4349
v 22555.5825 30638.2883 88.4349
v 22555.5825 30638.2883 88.4349
v 22555.6111 30638.2864 88.4349
v 22555.6111 30638.2864 88.4349
v 22555.6111 30638.2864 88.4349
v 22555.6111 30638.2864 88.4349
v 22555.6111 30638.2864 88.4349
v 22555.6111 30638.2864 88.4349
v 22555.4880 30636.4200 88.4348
v 22555.4880 30636.4200 88.4348
v 22555.4880 30636.4200 88.4348
v 22555.4880 30636.4200 88.4348
v 22555.4880 30636.4200 89.6048
v 22555.4880 30636.4200 89.6048
v 22555.4880 30636.4200 89.6048
v 22555.4880 30636.4200 89.6048
v 22555.4880 30636.4200 89.6048
v 22555.4880 30636.4200 89.6048
v 22555.3578 30634.4439 89.6048
v 22555.3578 30634.4439 89.6048
v 22555.3578 30634.4439 89.6048
v 22555.3578 30634.4439 89.6048
v 22555.3578 30634.4439 89.6048
v 22555.3578 30634.4439 89.6048
v 22554.3169 30634.5130 89.6048
v 22554.3169 30634.5130 89.6048
v 22554.3169 30634.5130 89.6048
v 22554.3169 30634.5130 89.6048
v 22554.3169 30634.5130 89.6048
v 22554.3169 30634.5130 89.6048
v 22554.4464 30636.4787 89.6048
v 22554.4464 30636.4787 89.6048
v 22554.4464 30636.4787 89.6048
v 22554.4464 30636.4787 89.6048
v 22554.4464 30636.4787 88.4348
v 22554.4464 30636.4787 88.4348
v 22554.4464 30636.4787 88.4348
v 22554.4464 30636.4787 88.4348
v 22554.4464 30636.4787 88.4348
v 22554.4464 30636.4787 88.4348
v 22554.0259 30638.3463 88.4348
v 22554.0259 30638.3463 88.4348
v 22554.0259 30638.3463 88.4348
v 22554.0259 30638.3463 88.4348
v 22554.0259 30638.3463 88.4348
v 22554.0259 30638.3463 88.4348
v 22554.0931 30640.1493 88.4349
v 22554.0931 30640.1493 88.4349
v 22554.0931 30640.1493 88.4349
v 22554.0931 30640.1493 88.4349
v 22554.0931 30640.1493 88.4349
v 22554.0931 30640.1493 88.4349
v 22554.6549 30668.1018 94.9200
v 22554.6549 30668.1018 94.9200
v 22554.6549 30668.1018 94.9200
v 22554.6549 30668.1018 94.9200
v 22554.0966 30669.0689 94.9201
v 22554.0966 30669.0689 94.9201
v 22554.0966 30669.0689 94.9201
v 22554.0966 30669.0689 94.9201
v 22554.6549 30668.1018 92.6500
v 22554.6549 30668.1018 92.6500
v 22554.6549 30668.1018 92.6500
v 22554.6549 30668.1018 92.6500
v 22554.6549 30668.1018 92.6500
v 22554.6549 30668.1018 92.6500
v 22553.5117 30668.1520 94.9250
v 22553.5117 30668.1520 94.9250
v 22553.5117 30668.1520 94.9250
v 22553.5117 30668.1520 94.9250
v 22553.5117 30668.1520 94.9250
v 22552.3948 30668.1520 94.9250
v 22552.3948 30668.1520 94.9250
v 22552.3948 30668.1520 94.9250
v 22552.3948 30668.1520 94.9250
v 22552.3948 30668.1520 94.9250
v 22553.5117 30668.1520 92.6500
v 22553.5117 30668.1520 92.6500
v 22553.5117 30668.1520 92.6500
v 22553.5117 30668.1520 92.6500
v 22553.5117 30668.1520 92.6500
v 22553.5117 30668.1520 92.6500
v 22553.5117 30668.1520 92.6500
v 22553.5117 30668.1520 92.6500
v 22552.3948 30668.1520 92.6500
v 22552.3948 30668.1520 92.6500
v 22552.3948 30668.1520 92.6500
v 22552.3948 30668.1520 92.6500
v 22552.3948 30668.1520 92.6500
v 22552.3948 30668.1520 92.6500
v 22551.8364 30669.1193 94.9250
v 22551.8364 30669.1193 94.9250
v 22551.8364 30669.1193 94.9250
v 22551.8364 30669.1193 94.9250
v 22551.8364 30669.1193 94.9250
v 22549.6311 30669.2638 94.9301
v 22549.6311 30669.2638 94.9301
v 22549.6311 30669.2638 94.9301
v 22549.6311 30669.2638 94.9301
v 22549.6311 30669.2638 94.9301
v 22550.1895 30668.2966 94.9300
v 22550.1895 30668.2966 94.9300
v 22550.1895 30668.2966 94.9300
v 22550.1895 30668.2966 94.9300
v 22551.8647 30669.2638 94.9301
v 22551.8647 30669.2638 94.9301
v 22551.8647 30669.2638 94.9301
v 22551.8647 30669.2638 94.9301
v 22551.8647 30669.2638 94.9301
v 22551.8647 30669.2638 94.9301
v 22551.3063 30668.2966 94.9300
v 22551.3063 30668.2966 94.9300
v 22551.3063 30668.2966 94.9300
v 22551.3063 30668.2966 92.6500
v 22551.3063 30668.2966 92.6500
v 22551.3063 30668.2966 92.6500
v 22551.3063 30668.2966 92.6500
v 22551.3063 30668.2966 92.6500
v 22551.3063 30668.2966 92.6500
v 22551.3063 30668.2966 92.6500
v 22551.3063 30668.2966 92.6500
v 22550.1895 30668.2966 92.6500
v 22550.1895 30668.2966 92.6500
v 22550.1895 30668.2966 92.6500
v 22550.1895 30668.2966 92.6500
v 22550.1895 30668.2966 92.6500
v 22550.1895 30668.2966 92.6500
v 22549.0538 30668.3362 92.6500
v 22549.0538 30668.3362 92.6500
v 22549.0538 30668.3362 92.6500
v 22549.0538 30668.3362 92.6500
v 22549.0538 30668.3362 92.6500
v 22549.0538 30668.3362 92.6500
v 22549.0538 30668.3362 92.6500
v 22549.0538 30668.3362 94.9300
v 22549.0538 30668.3362 94.9300
v 22549.0538 30668.3362 94.9300
v 22549.0538 30668.3362 94.9300
v 22549.0538 30668.3362 94.9300
v 22547.9368 30668.3362 94.9300
v 22547.9368 30668.3362 94.9300
v 22547.9368 30668.3362 94.9300
v 22547.9368 30668.3362 94.9300
v 22547.9369 30670.2709 94.9301
v 22547.9369 30670.2709 94.9301
v 22547.9369 30670.2709 94.9301
v 22547.9369 30670.2709 94.9301
v 22547.3784 30669.3036 94.9301
v 22547.3784 30669.3036 94.9301
v 22547.3784 30669.3036 94.9301
v 22547.3784 30669.3036 94.9301
v 22547.3784 30669.3036 94.9301
v 22549.0539 30670.2709 94.9301
v 22549.0539 30670.2709 94.9301
v 22549.0539 30670.2709 94.9301
v 22549.0539 30670.2709 94.9301
v 22549.0539 30670.2709 94.9301
v 22549.0539 30670.2709 94.9301
v 22549.0539 30670.2709 94.9301
v 22549.6124 30669.3035 94.9301
v 22549.6124 30669.3035 94.9301
v 22549.6124 30669.3035 94.9301
v 22549.6124 30669.3035 94.9301
v 22549.6124 30669.3035 94.9301
v 22549.6124 30669.3035 92.6501
v 22549.6124 30669.3035 92.6501
v 22549.6124 30669.3035 92.6501
v 22549.6124 30669.3035 92.6501
v 22549.6124 30669.3035 92.6501
v 22549.6124 30669.3035 92.6501
v 22549.6311 30669.2638 92.6501
v 22549.6311 30669.2638 92.6501
v 22549.6311 30669.2638 92.6501
v 22549.6311 30669.2638 92.6501
v 22549.6311 30669.2638 92.6501
v 22549.6311 30669.2638 92.6501
v 22550.1896 30670.2310 94.9301
v 22550.1896 30670.2310 94.9301
v 22550.1896 30670.2310 94.9301
v 22550.1896 30670.2310 94.9301
v 22550.1896 30670.2310 94.9301
v 22551.3064 30670.2310 94.9301
v 22551.3064 30670.2310 94.9301
v 22551.3064 30670.2310 94.9301
v 22551.3064 30670.2310 94.9301
v 22551.8647 30669.2638 92.6501
v 22551.8647 30669.2638 92.6501
v 22551.8647 30669.2638 92.6501
v 22551.8647 30669.2638 92.6501
v 22551.8647 30669.2638 92.6501
v 22551.8647 30669.2638 92.6501
v 22551.8364 30669.1193 92.6501
v 22551.8364 30669.1193 92.6501
v 22551.8364 30669.1193 92.6501
v 22551.8364 30669.1193 92.6501
v 22551.8364 30669.1193 92.6501
v 22551.8364 30669.1193 92.6501
v 22552.3949 30670.0865 94.9251
v 22552.3949 30670.0865 94.9251
v 22552.3949 30670.0865 94.9251
v 22552.3949 30670.0865 94.9251
v 22553.5118 30670.0865 94.9251
v 22553.5118 30670.0865 94.9251
v 22553.5118 30670.0865 94.9251
v 22553.5118 30670.0865 94.9251
v 22553.5118 30670.0865 94.9251
v 22553.5118 30670.0865 94.9251
v 22553.5118 30670.0865 94.9251
v 22554.0702 30669.1192 94.9251
v 22554.0702 30669.1192 94.9251
v 22554.0702 30669.1192 94.9251
v 22554.0702 30669.1192 94.9251
v 22554.0702 30669.1192 92.6501
v 22554.0702 30669.1192 92.6501
v 22554.0702 30669.1192 92.6501
v 22554.0702 30669.1192 92.6501
v 22554.0702 30669.1192 92.6501
v 22554.0702 30669.1192 92.6501
v 22554.0966 30669.0690 92.6501
v 22554.0966 30669.0690 92.6501
v 22554.0966 30669.0690 92.6501
v 22554.0966 30669.0690 92.6501
v 22554.0966 30669.0690 92.6501
v 22554.0966 30669.0690 92.6501
v 22554.6550 30670.0360 94.9201
v 22554.6550 30670.0360 94.9201
v 22554.6550 30670.0360 94.9201
v 22554.6550 30670.0360 94.9201
v 22554.6550 30670.0360 94.9201
v 22554.6550 30670.0360 94.9201
v 22554.6550 30670.0360 94.9201
v 22555.7717 30670.0360 94.9201
v 22555.7717 30670.0360 94.9201
v 22555.7717 30670.0360 94.9201
v 22555.7717 30670.0360 94.9201
v 22556.3300 30669.0689 94.9201
v 22556.3300 30669.0689 94.9201
v 22556.3300 30669.0689 94.9201
v 22556.3300 30669.0689 94.9201
v 22556.3300 30669.0689 94.9201
v 22555.7716 30668.1018 94.9200
v 22555.7716 30668.1018 94.9200
v 22555.7716 30668.1018 94.9200
v 22555.7716 30668.1018 94.9200
v 22555.7716 30668.1018 94.9200
v 22555.7716 30668.1018 92.6500
v 22555.7716 30668.1018 92.6500
v 22555.7716 30668.1018 92.6500
v 22555.7716 30668.1018 92.6500
v 22556.2918 30667.1102 92.6500
v 22556.2918 30667.1102 92.6500
v 22556.2918 30667.1102 92.6500
v 22556.2918 30667.1102 92.6500
v 22556.2918 30667.1102 92.6500
v 22556.2918 30667.1102 92.6500
v 22556.2918 30667.1102 92.6500
v 22552.9150 30667.2511 92.6500
v 22552.9150 30667.2511 92.6500
v 22552.9150 30667.2511 92.6500
v 22552.9150 30667.2511 92.6500
v 22552.9150 30667.2511 92.6500
v 22552.9150 30667.2511 92.6500
v 22552.9150 30667.2511 92.6500
v 22552.9150 30667.2511 92.6500
v 22548.4559 30667.4371 92.6500
v 22548.4559 30667.4371 92.6500
v 22548.4559 30667.4371 92.6500
v 22548.4559 30667.4371 92.6500
v 22548.4559 30667.4371 92.6500
v 22547.9368 30668.3362 92.6500
v 22547.9368 30668.3362 92.6500
v 22547.9368 30668.3362 92.6500
v 22547.9368 30668.3362 92.6500
v 22547.9368 30668.3362 92.6500
v 22547.9368 30668.3362 92.6500
v 22547.3784 30669.3036 92.6500
v 22547.3784 30669.3036 92.6500
v 22547.3784 30669.3036 92.6500
v 22547.3784 30669.3036 92.6500
v 22547.3784 30669.3036 92.6500
v 22547.3784 30669.3036 92.6500
v 22547.9369 30670.2709 92.6501
v 22547.9369 30670.2709 92.6501
v 22547.9369 30670.2709 92.6501
v 22547.9369 30670.2709 92.6501
v 22547.9369 30670.2709 92.6501
v 22547.9369 30670.2709 92.6501
v 22549.0539 30670.2709 92.6501
v 22549.0539 30670.2709 92.6501
v 22549.0539 30670.2709 92.6501
v 22549.0539 30670.2709 92.6501
v 22549.0539 30670.2709 92.6501
v 22549.0769 30670.2310 92.6501
v 22549.0769 30670.2310 92.6501
v 22549.0769 30670.2310 92.6501
v 22549.0769 30670.2310 92.6501
v 22549.0769 30670.2310 92.6501
v 22550.1896 30670.2310 92.6501
v 22550.1896 30670.2310 92.6501
v 22550.1896 30670.2310 92.6501
v 22550.1896 30670.2310 92.6501
v 22550.1896 30670.2310 92.6501
v 22550.1896 30670.2310 92.6501
v 22551.3064 30670.2310 92.6501
v 22551.3064 30670.2310 92.6501
v 22551.3064 30670.2310 92.6501
v 22551.3064 30670.2310 92.6501
v 22551.3064 30670.2310 92.6501
v 22552.3949 30670.0865 92.6501
v 22552.3949 30670.0865 92.6501
v 22552.3949 30670.0865 92.6501
v 22552.3949 30670.0865 92.6501
v 22552.3949 30670.0865 92.6501
v 22552.3949 30670.0865 92.6501
v 22552.3949 30670.0865 92.6501
v 22553.5118 30670.0865 92.6501
v 22553.5118 30670.0865 92.6501
v 22553.5118 30670.0865 92.6501
v 22553.5118 30670.0865 92.6501
v 22553.5118 30670.0865 92.6501
v 22553.5118 30670.0865 92.6501
v 22554.6550 30670.0361 92.6501
v 22554.6550 30670.0361 92.6501
v 22554.6550 30670.0361 92.6501
v 22554.6550 30670.0361 92.6501
v 22554.6550 30670.0361 92.6501
v 22554.6550 30670.0361 92.6501
v 22554.6550 30670.0361 92.6501
v 22555.7717 30670.0360 92.6501
v 22555.7717 30670.0360 92.6501
v 22555.7717 30670.0360 92.6501
v 22555.7717 30670.0360 92.6501
v 22555.7717 30670.0360 92.6501
v 22556.3300 30669.0689 92.6501
v 22556.3300 30669.0689 92.6501
v 22556.3300 30669.0689 92.6501
v 22556.3300 30669.0689 92.6501
v 22556.3300 30669.0689 92.6501
v 22556.3300 30669.0689 92.6501
v 22556.3300 30669.0689 92.6501
v 22556.3300 30669.0689 92.6501
v 22556.3706 30668.9986 92.6501
v 22556.3706 30668.9986 92.6501
v 22556.3706 30668.9986 92.6501
v 22556.3706 30668.9986 92.6501
v 22556.3332 30668.1018 92.6500
v 22556.3332 30668.1018 92.6500
v 22556.3332 30668.1018 92.6500
v 22556.3332 30668.1018 92.6500
v 22556.3332 30668.1018 92.6500
v 22556.2918 30667.1103 88.4350
v 22556.2918 30667.1103 88.4350
v 22556.2918 30667.1103 88.4350
v 22556.2918 30667.1103 88.4350
v 22556.2918 30667.1103 88.4350
v 22556.2918 30667.1103 88.4350
v 22556.2918 30667.1103 88.4350
v 22556.2918 30667.1103 88.4350
v 22556.2918 30667.1103 88.4350
v 22556.2918 30667.1103 88.4350
v 22556.2918 30667.1103 88.4350
v 22548.7419 30650.0665 92.5949
v 22548.7419 30650.0665 92.5949
v 22548.7419 30650.0665 92.5949
v 22548.7419 30650.0665 92.5949
v 22548.7442 30650.0706 92.5949
v 22548.7442 30650.0706 92.5949
v 22548.7442 30650.0706 92.5949
v 22548.7442 30650.0706 92.5949
v 22548.7442 30650.0706 92.5949
v 22548.7442 30650.0706 92.5949
v 22548.1857 30649.1033 94.9499
v 22548.1857 30649.1033 94.9499
v 22548.1857 30649.1033 94.9499
v 22548.1857 30649.1033 94.9499
v 22548.1857 30649.1033 94.9499
v 22548.1857 30649.1033 94.9499
v 22548.7442 30650.0706 94.9499
v 22548.7442 30650.0706 94.9499
v 22548.7442 30650.0706 94.9499
v 22548.7442 30650.0706 94.9499
v 22548.1857 30651.0379 92.5949
v 22548.1857 30651.0379 92.5949
v 22548.1857 30651.0379 92.5949
v 22548.1857 30651.0379 92.5949
v 22548.1857 30651.0379 92.5949
v 22548.1857 30651.0379 92.5949
v 22549.3207 30650.9986 92.5949
v 22549.3207 30650.9986 92.5949
v 22549.3207 30650.9986 92.5949
v 22549.3207 30650.9986 92.5949
v 22549.3207 30650.9986 92.5949
v 22549.3207 30650.9986 92.5949
v 22549.3207 30650.9986 92.5949
v 22554.9043 30650.8039 94.9499
v 22554.9043 30650.8039 94.9499
v 22554.9043 30650.8039 94.9499
v 22554.9043 30650.8039 94.9499
v 22553.7872 30650.8039 94.9499
v 22553.7872 30650.8039 94.9499
v 22553.7872 30650.8039 94.9499
v 22553.7872 30650.8039 94.9499
v 22553.7872 30650.8039 94.9499
v 22555.4628 30649.8364 94.9499
v 22555.4628 30649.8364 94.9499
v 22555.4628 30649.8364 94.9499
v 22555.4628 30649.8364 94.9499
v 22554.9042 30648.8690 94.9499
v 22554.9042 30648.8690 94.9499
v 22554.9042 30648.8690 94.9499
v 22554.9042 30648.8690 94.9499
v 22554.9042 30648.8690 94.9499
v 22553.7871 30648.8690 94.9499
v 22553.7871 30648.8690 94.9499
v 22553.7871 30648.8690 94.9499
v 22553.7871 30648.8690 94.9499
v 22553.2286 30649.8365 94.9499
v 22553.2286 30649.8365 94.9499
v 22553.2286 30649.8365 94.9499
v 22553.2286 30649.8365 94.9499
v 22553.2286 30649.8365 92.5949
v 22553.2286 30649.8365 92.5949
v 22553.2286 30649.8365 92.5949
v 22553.2286 30649.8365 92.5949
v 22553.2286 30649.8365 92.5949
v 22553.2286 30649.8365 92.5949
v 22553.2286 30649.8365 92.5949
v 22552.6435 30650.8544 94.9499
v 22552.6435 30650.8544 94.9499
v 22552.6435 30650.8544 94.9499
v 22552.6435 30650.8544 94.9499
v 22551.5263 30650.8545 94.9499
v 22551.5263 30650.8545 94.9499
v 22551.5263 30650.8545 94.9499
v 22551.5263 30650.8545 94.9499
v 22551.5263 30650.8545 94.9499
v 22551.5263 30650.8545 94.9499
v 22551.5263 30650.8545 94.9499
v 22553.2021 30649.8869 94.9499
v 22553.2021 30649.8869 94.9499
v 22553.2021 30649.8869 94.9499
v 22553.2021 30649.8869 94.9499
v 22553.2021 30649.8869 94.9499
v 22553.2021 30649.8869 94.9499
v 22553.2021 30649.8869 92.5949
v 22553.2021 30649.8869 92.5949
v 22553.2021 30649.8869 92.5949
v 22553.2021 30649.8869 92.5949
v 22553.2021 30649.8869 92.5949
v 22553.2021 30649.8869 92.5949
v 22553.2008 30649.8846 92.5949
v 22553.2008 30649.8846 92.5949
v 22553.2008 30649.8846 92.5949
v 22553.2008 30649.8846 92.5949
v 22552.6435 30648.9194 94.9499
v 22552.6435 30648.9194 94.9499
v 22552.6435 30648.9194 94.9499
v 22552.6435 30648.9194 94.9499
v 22552.6435 30648.9194 94.9499
v 22552.6435 30648.9194 94.9499
v 22551.5263 30648.9194 94.9499
v 22551.5263 30648.9194 94.9499
v 22551.5263 30648.9194 94.9499
v 22551.5263 30648.9194 94.9499
v 22551.5263 30648.9194 94.9499
v 22550.9677 30649.8869 94.9499
v 22550.9677 30649.8869 94.9499
v 22550.9677 30649.8869 94.9499
v 22550.9677 30649.8869 94.9499
v 22550.9677 30649.8870 92.5949
v 22550.9677 30649.8870 92.5949
v 22550.9677 30649.8870 92.5949
v 22550.9677 30649.8870 92.5949
v 22550.9677 30649.8870 92.5949
v 22550.9677 30649.8870 92.5949
v 22550.9961 30650.0312 92.5949
v 22550.9961 30650.0312 92.5949
v 22550.9961 30650.0312 92.5949
v 22550.9961 30650.0312 92.5949
v 22550.9961 30650.0312 92.5949
v 22550.9961 30650.0312 92.5949
v 22550.9961 30650.0312 94.9499
v 22550.9961 30650.0312 94.9499
v 22550.9961 30650.0312 94.9499
v 22550.9961 30650.0312 94.9499
v 22550.9961 30650.0312 94.9499
v 22550.9961 30650.0312 94.9499
v 22550.4376 30649.0639 94.9499
v 22550.4376 30649.0639 94.9499
v 22550.4376 30649.0639 94.9499
v 22550.4376 30649.0639 94.9499
v 22549.3207 30649.0640 94.9499
v 22549.3207 30649.0640 94.9499
v 22549.3207 30649.0640 94.9499
v 22549.3207 30649.0640 94.9499
v 22549.3207 30649.0640 94.9499
v 22548.7622 30650.0313 94.9499
v 22548.7622 30650.0313 94.9499
v 22548.7622 30650.0313 94.9499
v 22548.7622 30650.0313 94.9499
v 22549.3207 30650.9986 94.9499
v 22549.3207 30650.9986 94.9499
v 22549.3207 30650.9986 94.9499
v 22549.3207 30650.9986 94.9499
v 22549.3207 30650.9986 94.9499
v 22550.4377 30650.9985 94.9499
v 22550.4377 30650.9985 94.9499
v 22550.4377 30650.9985 94.9499
v 22550.4377 30650.9985 94.9499
v 22550.4377 30650.9985 92.5949
v 22550.4377 30650.9985 92.5949
v 22550.4377 30650.9985 92.5949
v 22550.4377 30650.9985 92.5949
v 22550.4377 30650.9985 92.5949
v 22550.4377 30650.9985 92.5949
v 22551.5263 30650.8545 92.5949
v 22551.5263 30650.8545 92.5949
v 22551.5263 30650.8545 92.5949
v 22551.5263 30650.8545 92.5949
v 22551.5263 30650.8545 92.5949
v 22551.5263 30650.8545 92.5949
v 22551.5263 30650.8545 92.5949
v 22552.6435 30650.8545 92.5949
v 22552.6435 30650.8545 92.5949
v 22552.6435 30650.8545 92.5949
v 22552.6435 30650.8545 92.5949
v 22552.6435 30650.8545 92.5949
v 22552.6727 30650.8039 92.5949
v 22552.6727 30650.8039 92.5949
v 22552.6727 30650.8039 92.5949
v 22552.6727 30650.8039 92.5949
v 22552.6727 30650.8039 92.5949
v 22553.7872 30650.8039 92.5949
v 22553.7872 30650.8039 92.5949
v 22553.7872 30650.8039 92.5949
v 22553.7872 30650.8039 92.5949
v 22553.7872 30650.8039 92.5949
v 22553.7872 30650.8039 92.5949
v 22553.7872 30650.8039 92.5949
v 22554.9043 30650.8039 92.5949
v 22554.9043 30650.8039 92.5949
v 22554.9043 30650.8039 92.5949
v 22554.9043 30650.8039 92.5949
v 22554.9043 30650.8039 92.5949
v 22555.4628 30649.8364 92.5949
v 22555.4628 30649.8364 92.5949
v 22555.4628 30649.8364 92.5949
v 22555.4628 30649.8364 92.5949
v 22555.4628 30649.8364 92.5949
v 22555.4628 30649.8364 92.5949
v 22555.4628 30649.8364 92.5949
v 22555.4628 30649.8364 92.5949
v 22554.9042 30648.8690 92.5949
v 22554.9042 30648.8690 92.5949
v 22554.9042 30648.8690 92.5949
v 22554.9042 30648.8690 92.5949
v 22554.9042 30648.8690 92.5949
v 22553.7871 30648.8690 92.5949
v 22553.7871 30648.8690 92.5949
v 22553.7871 30648.8690 92.5949
v 22553.7871 30648.8690 92.5949
v 22553.7871 30648.8690 92.5949
v 22553.7871 30648.8690 92.5949
v 22552.6435 30648.9194 92.5949
v 22552.6435 30648.9194 92.5949
v 22552.6435 30648.9194 92.5949
v 22552.6435 30648.9194 92.5949
v 22552.6435 30648.9194 92.5949
v 22552.6435 30648.9194 92.5949
v 22552.6435 30648.9194 92.5949
v 22551.5263 30648.9194 92.5949
v 22551.5263 30648.9194 92.5949
v 22551.5263 30648.9194 92.5949
v 22551.5263 30648.9194 92.5949
v 22551.5263 30648.9194 92.5949
v 22551.5263 30648.9194 92.5949
v 22550.4376 30649.0639 92.5949
v 22550.4376 30649.0639 92.5949
v 22550.4376 30649.0639 92.5949
v 22550.4376 30649.0639 92.5949
v 22550.4376 30649.0639 92.5949
v 22550.4376 30649.0639 92.5949
v 22550.4376 30649.0639 92.5949
v 22550.4376 30649.0639 92.5949
v 22549.3207 30649.0640 92.5949
v 22549.3207 30649.0640 92.5949
v 22549.3207 30649.0640 92.5949
v 22549.3207 30649.0640 92.5949
v 22549.3207 30649.0640 92.5949
v 22548.7622 30650.0313 92.5949
v 22548.7622 30650.0313 92.5949
v 22548.7622 30650.0313 92.5949
v 22548.7622 30650.0313 92.5949
v 22548.7622 30650.0313 92.5949
v 22548.7622 30650.0313 92.5949
v 22548.7622 30650.0313 92.5949
v 22548.7622 30650.0313 92.5949
v 22548.1857 30649.1033 92.5949
v 22548.1857 30649.1033 92.5949
v 22548.1857 30649.1033 92.5949
v 22548.1857 30649.1033 92.5949
v 22548.1857 30649.1033 92.5949
v 22548.1857 30649.1033 92.5949
v 22547.0687 30649.1033 92.5949
v 22547.0687 30649.1033 92.5949
v 22547.0687 30649.1033 92.5949
v 22547.0687 30649.1033 92.5949
v 22547.0687 30649.1033 92.5949
v 22547.0687 30649.1033 92.5949
v 22547.0687 30649.1033 94.9499
v 22547.0687 30649.1033 94.9499
v 22547.0687 30649.1033 94.9499
v 22547.0687 30649.1033 94.9499
v 22547.0687 30649.1033 94.9499
v 22548.1857 30651.0379 94.9499
v 22548.1857 30651.0379 94.9499
v 22548.1857 30651.0379 94.9499
v 22548.1857 30651.0379 94.9499
v 22548.1857 30651.0379 94.9499
v 22548.1857 30651.0379 94.9499
v 22548.1857 30651.0379 94.9499
v 22547.0687 30651.0380 94.9499
v 22547.0687 30651.0380 94.9499
v 22547.0687 30651.0380 94.9499
v 22547.0687 30651.0380 92.5949
v 22547.0687 30651.0380 92.5949
v 22547.0687 30651.0380 92.5949
v 22547.0687 30651.0380 92.5949
v 22547.0687 30651.0380 92.5949
v 22547.0687 30651.0380 92.5949
v 22547.0687 30651.0380 92.5949
v 22546.5778 30650.1877 92.5949
v 22546.5778 30650.1877 92.5949
v 22546.5778 30650.1877 92.5949
v 22546.5778 30650.1877 92.5949
v 22546.5778 30650.1877 92.5949
v 22546.6558 30651.9985 92.5949
v 22546.6558 30651.9985 92.5949
v 22546.6558 30651.9985 92.5949
v 22546.6558 30651.9985 92.5949
v 22555.6525 30651.6123 92.5949
v 22555.6525 30651.6123 92.5949
v 22555.6525 30651.6123 92.5949
v 22555.6525 30651.6123 92.5949
v 22555.6525 30651.6123 92.5949
v 22555.6525 30651.6123 92.5949
v 22555.6525 30651.6123 92.5949
v 22555.6525 30651.6123 92.5949
v 22555.6525 30651.6123 92.5949
v 22555.6525 30651.6123 92.5949
v 22555.6525 30651.6123 92.5949
v 22555.6525 30651.6123 92.5949
v 22555.6525 30651.6123 92.5949
v 22555.6525 30651.6123 92.5949
v 22555.6525 30651.6123 92.5949
v 22555.6178 30650.8039 92.5949
v 22555.6178 30650.8039 92.5949
v 22555.6178 30650.8039 92.5949
v 22555.6178 30650.8039 92.5949
v 22555.5853 30650.0486 92.5949
v 22555.5853 30650.0486 92.5949
v 22555.5853 30650.0486 92.5949
v 22555.5853 30650.0486 92.5949
v 22555.5853 30650.0486 92.5949
v 22555.4947 30647.9390 92.5949
v 22555.4947 30647.9390 92.5949
v 22555.4947 30647.9390 92.5949
v 22555.4947 30647.9390 92.5949
v 22555.4947 30647.9390 92.5949
v 22555.4947 30647.9390 92.5949
v 22555.4947 30647.9390 92.5949
v 22555.4947 30647.9390 92.5949
v 22555.4947 30647.9390 92.5949
v 22549.8295 30648.1826 92.5949
v 22549.8295 30648.1826 92.5949
v 22549.8295 30648.1826 92.5949
v 22549.8295 30648.1826 92.5949
v 22549.8295 30648.1826 92.5949
v 22549.8295 30648.1826 92.5949
v 22549.8295 30648.1826 92.5949
v 22549.8295 30648.1826 92.5949
v 22546.4977 30648.3259 92.5949
v 22546.4977 30648.3259 92.5949
v 22546.4977 30648.3259 92.5949
v 22546.4977 30648.3259 92.5949
v 22546.4977 30648.3259 92.5949
v 22546.4977 30648.3259 92.5949
v 22546.5684 30649.9698 92.5949
v 22546.5684 30649.9698 92.5949
v 22546.5684 30649.9698 92.5949
v 22546.5684 30649.9698 92.5949
v 22546.5684 30649.9698 88.4349
v 22546.5684 30649.9698 88.4349
v 22546.5684 30649.9698 88.4349
v 22546.5684 30649.9698 88.4349
v 22546.5684 30649.9698 88.4349
v 22546.5102 30650.0706 94.9499
v 22546.5102 30650.0706 94.9499
v 22546.5102 30650.0706 94.9499
v 22546.5102 30650.0706 94.9499
v 22546.5102 30650.0706 94.9499
v 22546.5102 30650.0706 94.9499
v 22546.5102 30650.0706 94.9499
v 22546.5102 30650.0706 94.9499
v 22546.5102 30650.0706 94.9499
v 22546.5102 30650.0706 94.9499
v 22546.5778 30650.1878 88.4349
v 22546.5778 30650.1878 88.4349
v 22546.5778 30650.1878 88.4349
v 22546.5778 30650.1878 88.4349
v 22546.5778 30650.1878 88.4349
v 22546.6558 30651.9985 88.4349
v 22546.6558 30651.9985 88.4349
v 22546.6558 30651.9985 88.4349
v 22546.6558 30651.9985 88.4349
v 22546.6558 30651.9985 88.4349
v 22546.6558 30651.9985 88.4349
v 22549.7799 30651.8644 88.4349
v 22549.7799 30651.8644 88.4349
v 22549.7799 30651.8644 88.4349
v 22549.7799 30651.8644 88.4349
v 22549.7799 30651.8644 88.4349
v 22553.5792 30659.5746 92.6500
v 22553.5792 30659.5746 92.6500
v 22553.5792 30659.5746 92.6500
v 22553.5792 30659.5746 92.6500
v 22553.5792 30659.5746 92.6500
v 22553.5792 30659.5746 92.6500
v 22553.5792 30659.5746 92.6500
v 22553.5792 30659.5746 95.0550
v 22553.5792 30659.5746 95.0550
v 22553.5792 30659.5746 95.0550
v 22553.5792 30659.5746 95.0550
v 22553.0207 30658.6074 95.0550
v 22553.0207 30658.6074 95.0550
v 22553.0207 30658.6074 95.0550
v 22553.0207 30658.6074 95.0550
v 22553.0207 30658.6074 95.0550
v 22553.0208 30660.5418 95.0550
v 22553.0208 30660.5418 95.0550
v 22553.0208 30660.5418 95.0550
v 22553.0208 30660.5418 95.0550
v 22553.0208 30660.5418 95.0550
v 22553.0208 30660.5418 95.0550
v 22553.0208 30660.5418 95.0550
v 22551.9039 30658.6074 95.0550
v 22551.9039 30658.6074 95.0550
v 22551.9039 30658.6074 95.0550
v 22551.9039 30658.6074 95.0550
v 22551.9039 30658.6074 95.0550
v 22551.9039 30658.6074 95.0550
v 22551.3455 30659.5747 95.0550
v 22551.3455 30659.5747 95.0550
v 22551.3455 30659.5747 95.0550
v 22551.3455 30659.5747 95.0550
v 22551.3455 30659.5747 95.0550
v 22551.9039 30660.5419 95.0550
v 22551.9039 30660.5419 95.0550
v 22551.9039 30660.5419 95.0550
v 22551.9039 30660.5419 95.0550
v 22551.9039 30660.5419 95.0550
v 22551.3455 30659.5747 92.6500
v 22551.3455 30659.5747 92.6500
v 22551.3455 30659.5747 92.6500
v 22551.3455 30659.5747 92.6500
v 22551.3455 30659.5747 92.6500
v 22551.3455 30659.5747 92.6500
v 22551.4013 30659.6713 92.6500
v 22551.4013 30659.6713 92.6500
v 22551.4013 30659.6713 92.6500
v 22551.4013 30659.6713 92.6500
v 22551.3736 30659.7194 92.6500
v 22551.3736 30659.7194 92.6500
v 22551.3736 30659.7194 92.6500
v 22551.3736 30659.7194 92.6500
v 22551.3736 30659.7194 92.6500
v 22551.3736 30659.7194 92.6500
v 22551.3736 30659.7194 92.6500
v 22550.8151 30660.6867 95.0600
v 22550.8151 30660.6867 95.0600
v 22550.8151 30660.6867 95.0600
v 22550.8151 30660.6867 95.0600
v 22550.8151 30660.6867 95.0600
v 22551.3736 30659.7194 95.0600
v 22551.3736 30659.7194 95.0600
v 22551.3736 30659.7194 95.0600
v 22551.3736 30659.7194 95.0600
v 22551.3736 30659.7194 95.0600
v 22551.3736 30659.7194 95.0600
v 22551.3736 30659.7194 95.0600
v 22549.6981 30660.6868 95.0600
v 22549.6981 30660.6868 95.0600
v 22549.6981 30660.6868 95.0600
v 22549.6981 30660.6868 95.0600
v 22549.1396 30659.7194 95.0600
v 22549.1396 30659.7194 95.0600
v 22549.1396 30659.7194 95.0600
v 22549.1396 30659.7194 95.0600
v 22549.1396 30659.7194 95.0600
v 22549.1396 30659.7194 95.0600
v 22550.8151 30658.7520 95.0600
v 22550.8151 30658.7520 95.0600
v 22550.8151 30658.7520 95.0600
v 22549.6981 30658.7520 95.0600
v 22549.6981 30658.7520 95.0600
v 22549.6981 30658.7520 95.0600
v 22549.6981 30658.7520 95.0600
v 22549.6981 30658.7520 95.0600
v 22549.6981 30658.7520 95.0600
v 22549.1396 30659.7194 92.6500
v 22549.1396 30659.7194 92.6500
v 22549.1396 30659.7194 92.6500
v 22549.1396 30659.7194 92.6500
v 22549.1396 30659.7194 92.6500
v 22549.1396 30659.7194 92.6500
v 22549.1396 30659.7194 92.6500
v 22549.1421 30659.7238 92.6500
v 22549.1421 30659.7238 92.6500
v 22549.1421 30659.7238 92.6500
v 22549.1217 30659.7592 92.6500
v 22549.1217 30659.7592 92.6500
v 22549.1217 30659.7592 92.6500
v 22549.1217 30659.7592 92.6500
v 22549.1217 30659.7592 92.6500
v 22549.1217 30659.7592 92.6500
v 22549.1217 30659.7591 95.0550
v 22549.1217 30659.7591 95.0550
v 22549.1217 30659.7591 95.0550
v 22549.1217 30659.7591 95.0550
v 22548.5632 30658.7919 95.0550
v 22548.5632 30658.7919 95.0550
v 22548.5632 30658.7919 95.0550
v 22548.5632 30658.7919 95.0550
v 22548.5632 30658.7919 95.0550
v 22548.5633 30660.7265 95.0550
v 22548.5633 30660.7265 95.0550
v 22548.5633 30660.7265 95.0550
v 22548.5633 30660.7265 95.0550
v 22548.5633 30660.7265 95.0550
v 22548.5633 30660.7265 95.0550
v 22548.5633 30660.7265 95.0550
v 22547.4463 30658.7919 95.0550
v 22547.4463 30658.7919 95.0550
v 22547.4463 30658.7919 95.0550
v 22547.4463 30658.7919 95.0550
v 22547.4463 30658.7919 95.0550
v 22546.8879 30659.7592 95.0550
v 22546.8879 30659.7592 95.0550
v 22546.8879 30659.7592 95.0550
v 22546.8879 30659.7592 95.0550
v 22546.8879 30659.7592 95.0550
v 22547.4464 30660.7265 95.0550
v 22547.4464 30660.7265 95.0550
v 22547.4464 30660.7265 95.0550
v 22547.4464 30660.7265 95.0550
v 22547.4464 30660.7265 92.6500
v 22547.4464 30660.7265 92.6500
v 22547.4464 30660.7265 92.6500
v 22547.4464 30660.7265 92.6500
v 22547.4464 30660.7265 92.6500
v 22547.4464 30660.7265 92.6500
v 22548.5633 30660.7265 92.6500
v 22548.5633 30660.7265 92.6500
v 22548.5633 30660.7265 92.6500
v 22548.5633 30660.7265 92.6500
v 22548.5633 30660.7265 92.6500
v 22548.5633 30660.7265 92.6500
v 22549.6981 30660.6868 92.6500
v 22549.6981 30660.6868 92.6500
v 22549.6981 30660.6868 92.6500
v 22549.6981 30660.6868 92.6500
v 22549.6981 30660.6868 92.6500
v 22549.6981 30660.6868 92.6500
v 22549.6981 30660.6868 92.6500
v 22549.6981 30660.6868 92.6500
v 22549.6981 30660.6868 92.6500
v 22550.8151 30660.6868 92.6500
v 22550.8151 30660.6868 92.6500
v 22550.8151 30660.6868 92.6500
v 22550.8151 30660.6868 92.6500
v 22550.8151 30660.6868 92.6500
v 22551.9039 30660.5419 92.6500
v 22551.9039 30660.5419 92.6500
v 22551.9039 30660.5419 92.6500
v 22551.9039 30660.5419 92.6500
v 22551.9039 30660.5419 92.6500
v 22551.9039 30660.5419 92.6500
v 22551.9039 30660.5419 92.6500
v 22553.0208 30660.5418 92.6500
v 22553.0208 30660.5418 92.6500
v 22553.0208 30660.5418 92.6500
v 22553.0208 30660.5418 92.6500
v 22553.0208 30660.5418 92.6500
v 22553.0208 30660.5418 92.6500
v 22554.1637 30660.5096 92.6500
v 22554.1637 30660.5096 92.6500
v 22554.1637 30660.5096 92.6500
v 22554.1637 30660.5096 92.6500
v 22554.1637 30660.5096 92.6500
v 22554.1637 30660.5096 92.6500
v 22554.1637 30660.5096 92.6500
v 22553.6053 30659.5425 92.6500
v 22553.6053 30659.5425 92.6500
v 22553.6053 30659.5425 92.6500
v 22553.6053 30659.5425 92.6500
v 22553.6053 30659.5425 92.6500
v 22555.2805 30660.5096 92.6500
v 22555.2805 30660.5096 92.6500
v 22555.2805 30660.5096 92.6500
v 22555.2805 30660.5096 92.6500
v 22555.2805 30660.5096 95.0550
v 22555.2805 30660.5096 95.0550
v 22555.2805 30660.5096 95.0550
v 22555.2805 30660.5096 95.0550
v 22555.2805 30660.5096 95.0550
v 22554.1637 30660.5096 95.0550
v 22554.1637 30660.5096 95.0550
v 22554.1637 30660.5096 95.0550
v 22554.1637 30660.5096 95.0550
v 22554.1637 30660.5096 95.0550
v 22554.1637 30660.5096 95.0550
v 22554.1637 30660.5096 95.0550
v 22553.6053 30659.5425 95.0550
v 22553.6053 30659.5425 95.0550
v 22553.6053 30659.5425 95.0550
v 22553.6053 30659.5425 95.0550
v 22554.1637 30658.5753 95.0550
v 22554.1637 30658.5753 95.0550
v 22554.1637 30658.5753 95.0550
v 22554.1637 30658.5753 95.0550
v 22554.1637 30658.5753 95.0550
v 22555.2805 30658.5753 95.0550
v 22555.2805 30658.5753 95.0550
v 22555.2805 30658.5753 95.0550
v 22555.2805 30658.5753 95.0550
v 22555.2805 30658.5753 92.6500
v 22555.2805 30658.5753 92.6500
v 22555.2805 30658.5753 92.6500
v 22555.2805 30658.5753 92.6500
v 22555.2805 30658.5753 92.6500
v 22555.2805 30658.5753 92.6500
v 22554.1637 30658.5753 92.6500
v 22554.1637 30658.5753 92.6500
v 22554.1637 30658.5753 92.6500
v 22554.1637 30658.5753 92.6500
v 22554.1637 30658.5753 92.6500
v 22554.1637 30658.5753 92.6500
v 22554.1637 30658.5753 92.6500
v 22553.0207 30658.6074 92.6500
v 22553.0207 30658.6074 92.6500
v 22553.0207 30658.6074 92.6500
v 22553.0207 30658.6074 92.6500
v 22553.0207 30658.6074 92.6500
v 22553.0207 30658.6074 92.6500
v 22553.0207 30658.6074 92.6500
v 22552.0155 30658.6074 92.6500
v 22552.0155 30658.6074 92.6500
v 22552.0155 30658.6074 92.6500
v 22552.0155 30658.6074 92.6500
v 22551.9039 30658.6074 92.6500
v 22551.9039 30658.6074 92.6500
v 22551.9039 30658.6074 92.6500
v 22551.9039 30658.6074 92.6500
v 22551.9039 30658.6074 92.6500
v 22551.9039 30658.6074 92.6500
v 22550.8151 30658.7520 92.6500
v 22550.8151 30658.7520 92.6500
v 22550.8151 30658.7520 92.6500
v 22550.8151 30658.7520 92.6500
v 22550.8151 30658.7520 92.6500
v 22550.8151 30658.7520 92.6500
v 22550.8151 30658.7520 92.6500
v 22550.8151 30658.7520 92.6500
v 22549.6981 30658.7521 92.6500
v 22549.6981 30658.7521 92.6500
v 22549.6981 30658.7521 92.6500
v 22549.6981 30658.7521 92.6500
v 22549.6981 30658.7521 92.6500
v 22548.5632 30658.7919 92.6500
v 22548.5632 30658.7919 92.6500
v 22548.5632 30658.7919 92.6500
v 22548.5632 30658.7919 92.6500
v 22548.5632 30658.7919 92.6500
v 22548.5632 30658.7919 92.6500
v 22548.5632 30658.7919 92.6500
v 22547.4463 30658.7919 92.6500
v 22547.4463 30658.7919 92.6500
v 22547.4463 30658.7919 92.6500
v 22547.4463 30658.7919 92.6500
v 22547.4463 30658.7919 92.6500
v 22547.4463 30658.7919 92.6500
v 22546.8879 30659.7592 92.6500
v 22546.8879 30659.7592 92.6500
v 22546.8879 30659.7592 92.6500
v 22546.8879 30659.7592 92.6500
v 22546.8879 30659.7592 92.6500
v 22546.8879 30659.7592 92.6500
v 22546.8879 30659.7592 92.6500
v 22546.9231 30661.7261 92.6500
v 22546.9231 30661.7261 92.6500
v 22546.9231 30661.7261 92.6500
v 22546.9231 30661.7261 92.6500
v 22546.9231 30661.7261 92.6500
v 22555.9085 30661.3510 92.6500
v 22555.9085 30661.3510 92.6500
v 22555.9085 30661.3510 92.6500
v 22555.9085 30661.3510 92.6500
v 22555.9085 30661.3510 92.6500
v 22555.9085 30661.3510 92.6500
v 22555.9085 30661.3510 92.6500
v 22555.9085 30661.3510 92.6500
v 22555.9085 30661.3510 92.6500
v 22555.9085 30661.3510 92.6500
v 22555.9085 30661.3510 92.6500
v 22555.9085 30661.3510 92.6500
v 22555.9085 30661.3510 92.6500
v 22555.9085 30661.3510 92.6500
v 22555.8335 30659.5518 88.4350
v 22555.8335 30659.5518 88.4350
v 22555.8335 30659.5518 88.4350
v 22555.8335 30659.5518 88.4350
v 22555.8335 30659.5518 92.6500
v 22555.8335 30659.5518 92.6500
v 22555.8335 30659.5518 92.6500
v 22555.8335 30659.5518 92.6500
v 22555.8335 30659.5518 92.6500
v 22555.8335 30659.5518 92.6500
v 22555.8389 30659.5424 95.0550
v 22555.8389 30659.5424 95.0550
v 22555.8389 30659.5424 95.0550
v 22555.8389 30659.5424 95.0550
v 22555.8389 30659.5424 95.0550
v 22555.8389 30659.5424 95.0550
v 22555.8389 30659.5424 95.0550
v 22555.8389 30659.5424 95.0550
v 22555.8326 30659.5316 92.6500
v 22555.8326 30659.5316 92.6500
v 22555.8326 30659.5316 92.6500
v 22555.8326 30659.5316 92.6500
v 22555.8326 30659.5316 92.6500
v 22555.7503 30657.5553 92.6500
v 22555.7503 30657.5553 92.6500
v 22555.7503 30657.5553 92.6500
v 22555.7503 30657.5553 92.6500
v 22555.7503 30657.5553 92.6500
v 22555.7503 30657.5553 92.6500
v 22552.5455 30657.6894 92.6500
v 22552.5455 30657.6894 92.6500
v 22552.5455 30657.6894 92.6500
v 22552.5455 30657.6894 92.6500
v 22552.5455 30657.6894 92.6500
v 22552.5455 30657.6894 92.6500
v 22552.5455 30657.6894 92.6500
v 22552.5455 30657.6894 92.6500
v 22552.5455 30657.6894 92.6500
v 22552.5455 30657.6894 92.6500
v 22552.5455 30657.6894 92.6500
v 22552.5455 30657.6894 92.6500
v 22546.7645 30657.9312 92.6500
v 22546.7645 30657.9312 92.6500
v 22546.7645 30657.9312 92.6500
v 22546.7645 30657.9312 92.6500
v 22546.7645 30657.9312 92.6500
v 22546.8813 30660.7265 92.6500
v 22546.8813 30660.7265 92.6500
v 22546.8813 30660.7265 92.6500
v 22546.8813 30660.7265 92.6500
v 22546.8813 30660.7265 92.6500
v 22546.9231 30661.7262 88.4350
v 22546.9231 30661.7262 88.4350
v 22546.9231 30661.7262 88.4350
v 22546.9231 30661.7262 88.4350
v 22546.9231 30661.7262 88.4350
v 22546.9231 30661.7262 88.4350
v 22552.4786 30661.4942 88.4350
v 22552.4786 30661.4942 88.4350
v 22552.4786 30661.4942 88.4350
v 22552.4786 30661.4942 88.4350
v 22552.4786 30661.4942 88.4350
v 22552.4786 30661.4942 88.4350
v 22549.0622 30667.4119 88.4350
v 22549.0622 30667.4119 88.4350
v 22549.0622 30667.4119 88.4350
v 22555.9085 30661.3510 88.4350
v 22555.9085 30661.3510 88.4350
v 22555.9085 30661.3510 88.4350
v 22555.9085 30661.3510 88.4350
v 22555.9085 30661.3510 88.4350
v 22555.9085 30661.3510 88.4350
v 22555.8389 30659.5425 88.4350
v 22555.8389 30659.5425 88.4350
v 22555.8389 30659.5425 88.4350
v 22555.8389 30659.5425 88.4350
v 22555.8389 30659.5425 88.4350
v 22555.8389 30659.5425 88.4350
v 22555.8326 30659.5316 88.4350
v 22555.8326 30659.5316 88.4350
v 22555.8326 30659.5316 88.4350
v 22555.8326 30659.5316 88.4350
v 22555.8326 30659.5316 88.4350
v 22555.7503 30657.5553 88.4350
v 22555.7503 30657.5553 88.4350
v 22555.7503 30657.5553 88.4350
v 22555.7503 30657.5553 88.4350
v 22555.7503 30657.5553 88.4350
v 22555.7503 30657.5553 88.4350
v 22555.7503 30657.5553 88.4350
v 22553.1291 30657.6650 88.4350
v 22553.1291 30657.6650 88.4350
v 22553.1291 30657.6650 88.4350
v 22553.1291 30657.6650 88.4350
v 22553.1291 30657.6650 88.4350
v 22555.6525 30651.6124 88.4349
v 22555.6525 30651.6124 88.4349
v 22555.6525 30651.6124 88.4349
v 22555.6525 30651.6124 88.4349
v 22555.6525 30651.6124 88.4349
v 22555.6525 30651.6124 88.4349
v 22555.6525 30651.6124 88.4349
v 22555.6525 30651.6124 88.4349
v 22555.4947 30647.9390 88.4349
v 22555.4947 30647.9390 88.4349
v 22555.4947 30647.9390 88.4349
v 22555.4947 30647.9390 88.4349
v 22555.4947 30647.9390 88.4349
v 22555.4947 30647.9390 88.4349
v 22555.4947 30647.9390 88.4349
v 22555.4947 30647.9390 88.4349
v 22555.4947 30647.9390 88.4349
v 22555.4947 30647.9390 88.4349
v 22546.5102 30650.0707 88.4349
v 22546.5102 30650.0707 88.4349
v 22546.5102 30650.0707 88.4349
v 22546.5102 30650.0707 88.4349
v 22546.5102 30650.0707 88.4349
v 22546.5102 30650.0707 88.4349
v 22546.7645 30657.9313 88.4350
v 22546.7645 30657.9313 88.4350
v 22546.7645 30657.9313 88.4350
v 22546.7645 30657.9313 88.4350
v 22546.7645 30657.9313 88.4350
v 22546.7645 30657.9313 88.4350
v 22546.7645 30657.9313 88.4350
v 22546.7645 30657.9313 88.4350
v 22546.7645 30657.9313 88.4350
v 22546.7645 30657.9313 88.4350
v 22546.7645 30657.9313 88.4350
v 22547.1143 30667.4931 88.4350
v 22547.1143 30667.4931 88.4350
v 22547.1143 30667.4931 88.4350
v 22547.1143 30667.4931 88.4350
v 22547.1143 30667.4931 88.4350
v 22547.1143 30667.4931 88.4350
v 22547.1143 30667.4931 88.4350
v 22547.1143 30667.4931 88.4350
v 22547.1143 30667.4931 92.6500
v 22547.1143 30667.4931 92.6500
v 22547.1143 30667.4931 92.6500
v 22547.1143 30667.4931 92.6500
v 22547.1143 30667.4931 92.6500
v 22547.1143 30667.4931 92.6500
v 22547.1143 30667.4931 92.6500
v 22547.2729 30671.2888 92.6501
v 22547.2729 30671.2888 92.6501
v 22547.2729 30671.2888 92.6501
v 22547.2729 30671.2888 92.6501
v 22547.2729 30671.2888 92.6501
v 22547.2729 30671.2888 92.6501
v 22556.4503 30670.9059 92.6501
v 22556.4503 30670.9059 92.6501
v 22556.4503 30670.9059 92.6501
v 22556.4503 30670.9059 92.6501
v 22556.4503 30670.9059 92.6501
v 22556.4503 30670.9059 92.6501
v 22556.4503 30670.9059 92.6501
v 22556.4503 30670.9059 92.6501
v 22556.4503 30670.9059 92.6501
v 22556.4503 30670.9059 92.6501
v 22556.4503 30670.9059 92.6501
v 22556.4503 30670.9059 92.6501
v 22556.4503 30670.9059 92.6501
v 22556.4503 30670.9059 92.6501
v 22556.3777 30669.1677 88.4351
v 22556.3777 30669.1677 88.4351
v 22556.3777 30669.1677 88.4351
v 22556.3777 30669.1677 88.4351
v 22556.3777 30669.1677 88.4351
v 22556.3777 30669.1677 88.4351
v 22558.8922 30639.9705 88.4349
v 22558.8922 30639.9705 88.4349
v 22558.8922 30639.9705 88.4349
v 22558.8922 30639.9705 88.4349
v 22558.8922 30639.9705 88.4349
v 22558.8922 30639.9705 88.4349
v 22558.8922 30639.9705 88.4349
v 22558.8922 30639.9705 88.4349
v 22558.8922 30639.9705 88.4349
v 22558.8922 30639.9705 88.4349
v 22558.8922 30639.9705 88.4349
v 22558.8922 30639.9705 88.4349
v 22558.8922 30639.9705 88.4349
v 22558.8922 30639.9705 88.4349
v 22558.0144 30657.3517 88.4350
v 22558.0144 30657.3517 88.4350
v 22558.0144 30657.3517 88.4350
v 22558.0144 30657.3517 88.4350
v 22558.0144 30657.3517 88.4350
v 22558.1727 30661.1468 88.4350
v 22558.1727 30661.1468 88.4350
v 22558.1727 30661.1468 88.4350
v 22558.1727 30661.1468 88.4350
v 22558.1727 30661.1468 88.4350
v 22558.1727 30661.1468 88.4350
v 22558.1727 30661.1468 88.4350
v 22558.1727 30661.1468 88.4350
v 22558.4686 30667.0106 88.4350
v 22558.4686 30667.0106 88.4350
v 22558.4686 30667.0106 88.4350
v 22558.4686 30667.0106 88.4350
v 22558.4686 30667.0106 88.4350
v 22558.4686 30667.0106 88.4350
v 22558.4686 30667.0106 88.4350
v 22560.8134 30668.8109 92.6501
v 22560.8134 30668.8109 92.6501
v 22560.8134 30668.8109 92.6501
v 22560.8134 30668.8109 92.6501
v 22560.8134 30668.8109 92.6501
v 22560.8134 30668.8109 92.6501
v 22560.8134 30668.8109 94.9901
v 22560.8134 30668.8109 94.9901
v 22560.8134 30668.8109 94.9901
v 22560.8134 30668.8109 94.9901
v 22561.3717 30669.7779 94.9901
v 22561.3717 30669.7779 94.9901
v 22561.3717 30669.7779 94.9901
v 22561.3717 30669.7779 94.9901
v 22562.4884 30669.7778 94.9901
v 22562.4884 30669.7778 94.9901
v 22562.4884 30669.7778 94.9901
v 22562.4884 30669.7778 94.9901
v 22563.0467 30668.8108 94.9901
v 22563.0467 30668.8108 94.9901
v 22563.0467 30668.8108 94.9901
v 22563.0467 30668.8108 94.9901
v 22563.0467 30668.8108 94.9901
v 22561.3717 30667.8438 94.9901
v 22561.3717 30667.8438 94.9901
v 22561.3717 30667.8438 94.9901
v 22561.3717 30667.8438 94.9901
v 22561.3717 30667.8438 94.9901
v 22562.4883 30667.8438 94.9901
v 22562.4883 30667.8438 94.9901
v 22562.4883 30667.8438 94.9901
v 22562.4883 30667.8438 94.9901
v 22563.0467 30668.8108 92.6501
v 22563.0467 30668.8108 92.6501
v 22563.0467 30668.8108 92.6501
v 22563.0467 30668.8108 92.6501
v 22563.0467 30668.8108 92.6501
v 22563.0467 30668.8108 92.6501
v 22563.0467 30668.8108 92.6501
v 22563.0188 30668.6666 92.6501
v 22563.0188 30668.6666 92.6501
v 22563.0188 30668.6666 92.6501
v 22563.0188 30668.6666 92.6501
v 22563.0188 30668.6666 92.6501
v 22563.0188 30668.6666 92.6501
v 22563.0744 30668.7628 92.6501
v 22563.0744 30668.7628 92.6501
v 22563.0744 30668.7628 92.6501
v 22563.0744 30668.7628 92.6501
v 22563.5773 30669.6339 94.9901
v 22563.5773 30669.6339 94.9901
v 22563.5773 30669.6339 94.9901
v 22563.5773 30669.6339 94.9901
v 22563.5773 30669.6339 94.9901
v 22563.0188 30668.6666 94.9901
v 22563.0188 30668.6666 94.9901
v 22563.0188 30668.6666 94.9901
v 22563.0188 30668.6666 94.9901
v 22563.0188 30668.6666 94.9901
v 22564.6943 30669.6339 94.9901
v 22564.6943 30669.6339 94.9901
v 22564.6943 30669.6339 94.9901
v 22564.6943 30669.6339 94.9901
v 22564.6943 30669.6339 94.9901
v 22564.6943 30669.6339 94.9901
v 22564.6943 30669.6339 94.9901
v 22563.5773 30667.6992 94.9901
v 22563.5773 30667.6992 94.9901
v 22563.5773 30667.6992 94.9901
v 22563.5773 30667.6992 94.9901
v 22563.5773 30667.6992 94.9901
v 22564.6943 30667.6992 94.9901
v 22564.6943 30667.6992 94.9901
v 22564.6943 30667.6992 94.9901
v 22564.6943 30667.6992 94.9901
v 22564.6943 30667.6992 94.9901
v 22564.6943 30667.6992 94.9901
v 22565.2528 30668.6665 94.9901
v 22565.2528 30668.6665 94.9901
v 22565.2528 30668.6665 94.9901
v 22565.2528 30668.6665 94.9901
v 22565.2528 30668.6665 92.6501
v 22565.2528 30668.6665 92.6501
v 22565.2528 30668.6665 92.6501
v 22565.2528 30668.6665 92.6501
v 22565.2528 30668.6665 92.6501
v 22565.2528 30668.6665 92.6501
v 22565.2518 30668.6648 92.6501
v 22565.2518 30668.6648 92.6501
v 22565.2518 30668.6648 92.6501
v 22565.2518 30668.6648 92.6501
v 22565.2798 30668.6163 92.6501
v 22565.2798 30668.6163 92.6501
v 22565.2798 30668.6163 92.6501
v 22565.2798 30668.6163 92.6501
v 22565.2798 30668.6163 92.6501
v 22565.2798 30668.6163 92.6501
v 22565.2798 30668.6163 92.6501
v 22565.2798 30668.6163 94.9901
v 22565.2798 30668.6163 94.9901
v 22565.2798 30668.6163 94.9901
v 22565.2798 30668.6163 94.9901
v 22565.8383 30669.5837 94.9901
v 22565.8383 30669.5837 94.9901
v 22565.8383 30669.5837 94.9901
v 22565.8383 30669.5837 94.9901
v 22565.8383 30669.5837 94.9901
v 22565.8383 30669.5837 94.9901
v 22565.8383 30669.5837 94.9901
v 22565.8382 30667.6489 94.9901
v 22565.8382 30667.6489 94.9901
v 22565.8382 30667.6489 94.9901
v 22565.8382 30667.6489 94.9901
v 22566.9553 30669.5836 94.9901
v 22566.9553 30669.5836 94.9901
v 22566.9553 30669.5836 94.9901
v 22566.9553 30669.5836 94.9901
v 22567.5138 30668.6162 94.9901
v 22567.5138 30668.6162 94.9901
v 22567.5138 30668.6162 94.9901
v 22567.5138 30668.6162 94.9901
v 22567.5138 30668.6162 94.9901
v 22566.9553 30667.6489 94.9901
v 22566.9553 30667.6489 94.9901
v 22566.9553 30667.6489 94.9901
v 22566.9553 30667.6489 94.9901
v 22566.9553 30667.6489 94.9901
v 22566.9553 30667.6489 92.6501
v 22566.9553 30667.6489 92.6501
v 22566.9553 30667.6489 92.6501
v 22566.9553 30667.6489 92.6501
v 22565.8382 30667.6489 92.6501
v 22565.8382 30667.6489 92.6501
v 22565.8382 30667.6489 92.6501
v 22565.8382 30667.6489 92.6501
v 22565.8382 30667.6489 92.6501
v 22565.8382 30667.6489 92.6501
v 22564.6943 30667.6992 92.6501
v 22564.6943 30667.6992 92.6501
v 22564.6943 30667.6992 92.6501
v 22564.6943 30667.6992 92.6501
v 22564.6943 30667.6992 92.6501
v 22564.6943 30667.6992 92.6501
v 22564.6943 30667.6992 92.6501
v 22563.5773 30667.6992 92.6501
v 22563.5773 30667.6992 92.6501
v 22563.5773 30667.6992 92.6501
v 22563.5773 30667.6992 92.6501
v 22563.5773 30667.6992 92.6501
v 22563.5773 30667.6992 92.6501
v 22562.4883 30667.8438 92.6501
v 22562.4883 30667.8438 92.6501
v 22562.4883 30667.8438 92.6501
v 22562.4883 30667.8438 92.6501
v 22562.4883 30667.8438 92.6501
v 22562.4883 30667.8438 92.6501
v 22562.4883 30667.8438 92.6501
v 22561.3717 30667.8438 92.6501
v 22561.3717 30667.8438 92.6501
v 22561.3717 30667.8438 92.6501
v 22561.3717 30667.8438 92.6501
v 22561.3717 30667.8438 92.6501
v 22561.3717 30667.8438 92.6501
v 22560.2371 30667.8831 92.6501
v 22560.2371 30667.8831 92.6501
v 22560.2371 30667.8831 92.6501
v 22560.2371 30667.8831 92.6501
v 22560.2371 30667.8831 92.6501
v 22560.2371 30667.8831 92.6501
v 22559.1203 30669.8175 94.9901
v 22559.1203 30669.8175 94.9901
v 22559.1203 30669.8175 94.9901
v 22559.1203 30669.8175 94.9901
v 22558.5619 30668.8503 94.9901
v 22558.5619 30668.8503 94.9901
v 22558.5619 30668.8503 94.9901
v 22558.5619 30668.8503 94.9901
v 22558.5619 30668.8503 94.9901
v 22560.2371 30669.8175 94.9901
v 22560.2371 30669.8175 94.9901
v 22560.2371 30669.8175 94.9901
v 22560.2371 30669.8175 94.9901
v 22560.2371 30669.8175 94.9901
v 22560.2371 30669.8175 94.9901
v 22560.2371 30669.8175 94.9901
v 22559.1203 30667.8831 94.9900
v 22559.1203 30667.8831 94.9900
v 22559.1203 30667.8831 94.9900
v 22559.1203 30667.8831 94.9900
v 22560.7955 30668.8503 94.9901
v 22560.7955 30668.8503 94.9901
v 22560.7955 30668.8503 94.9901
v 22560.7955 30668.8503 94.9901
v 22560.2371 30667.8831 94.9900
v 22560.2371 30667.8831 94.9900
v 22560.2371 30667.8831 94.9900
v 22560.2371 30667.8831 94.9900
v 22560.2371 30667.8831 94.9900
v 22559.1203 30667.8831 92.6500
v 22559.1203 30667.8831 92.6500
v 22559.1203 30667.8831 92.6500
v 22559.1203 30667.8831 92.6500
v 22559.1203 30667.8831 92.6500
v 22559.1203 30667.8831 92.6500
v 22559.1203 30667.8831 92.6500
v 22558.5619 30668.8503 92.6501
v 22558.5619 30668.8503 92.6501
v 22558.5619 30668.8503 92.6501
v 22558.5619 30668.8503 92.6501
v 22558.5619 30668.8503 92.6501
v 22558.5619 30668.8503 92.6501
v 22559.1203 30669.8175 92.6501
v 22559.1203 30669.8175 92.6501
v 22559.1203 30669.8175 92.6501
v 22559.1203 30669.8175 92.6501
v 22559.1203 30669.8175 92.6501
v 22559.1203 30669.8175 92.6501
v 22559.1203 30669.8175 92.6501
v 22560.2371 30669.8175 92.6501
v 22560.2371 30669.8175 92.6501
v 22560.2371 30669.8175 92.6501
v 22560.2371 30669.8175 92.6501
v 22560.2371 30669.8175 92.6501
v 22560.7955 30668.8503 92.6501
v 22560.7955 30668.8503 92.6501
v 22560.7955 30668.8503 92.6501
v 22560.7955 30668.8503 92.6501
v 22560.7955 30668.8503 92.6501
v 22560.7955 30668.8503 92.6501
v 22560.7955 30668.8503 92.6501
v 22561.3717 30669.7779 92.6501
v 22561.3717 30669.7779 92.6501
v 22561.3717 30669.7779 92.6501
v 22561.3717 30669.7779 92.6501
v 22561.3717 30669.7779 92.6501
v 22561.3717 30669.7779 92.6501
v 22562.4884 30669.7779 92.6501
v 22562.4884 30669.7779 92.6501
v 22562.4884 30669.7779 92.6501
v 22562.4884 30669.7779 92.6501
v 22562.4884 30669.7779 92.6501
v 22562.4884 30669.7779 92.6501
v 22562.4884 30669.7779 92.6501
v 22563.5773 30669.6339 92.6501
v 22563.5773 30669.6339 92.6501
v 22563.5773 30669.6339 92.6501
v 22563.5773 30669.6339 92.6501
v 22563.5773 30669.6339 92.6501
v 22563.5773 30669.6339 92.6501
v 22563.5773 30669.6339 92.6501
v 22564.6943 30669.6339 92.6501
v 22564.6943 30669.6339 92.6501
v 22564.6943 30669.6339 92.6501
v 22564.6943 30669.6339 92.6501
v 22564.6943 30669.6339 92.6501
v 22564.6943 30669.6339 92.6501
v 22565.8383 30669.5837 92.6501
v 22565.8383 30669.5837 92.6501
v 22565.8383 30669.5837 92.6501
v 22565.8383 30669.5837 92.6501
v 22565.8383 30669.5837 92.6501
v 22565.8383 30669.5837 92.6501
v 22565.8383 30669.5837 92.6501
v 22566.9553 30669.5836 92.6501
v 22566.9553 30669.5836 92.6501
v 22566.9553 30669.5836 92.6501
v 22566.9553 30669.5836 92.6501
v 22566.9553 30669.5836 92.6501
v 22567.5138 30668.6163 92.6501
v 22567.5138 30668.6163 92.6501
v 22567.5138 30668.6163 92.6501
v 22567.5138 30668.6163 92.6501
v 22567.5138 30668.6163 92.6501
v 22567.5138 30668.6163 92.6501
v 22567.5138 30668.6163 92.6501
v 22567.4529 30666.6348 92.6501
v 22567.4529 30666.6348 92.6501
v 22567.4529 30666.6348 92.6501
v 22567.4529 30666.6348 92.6501
v 22567.4529 30666.6348 92.6501
v 22567.4529 30666.6348 92.6501
v 22567.4529 30666.6348 92.6501
v 22567.4529 30666.6348 92.6501
v 22567.4529 30666.6348 92.6501
v 22567.4529 30666.6348 92.6501
v 22567.4529 30666.6348 92.6501
v 22567.4529 30666.6348 92.6501
v 22567.4529 30666.6348 92.6501
v 22558.4686 30667.0106 92.6500
v 22558.4686 30667.0106 92.6500
v 22558.4686 30667.0106 92.6500
v 22558.4686 30667.0106 92.6500
v 22558.5465 30668.8769 92.6501
v 22558.5465 30668.8769 92.6501
v 22558.5465 30668.8769 92.6501
v 22558.5465 30668.8769 92.6501
v 22558.5465 30668.8769 92.6501
v 22558.5465 30668.8769 92.6501
v 22558.5858 30669.8175 92.6501
v 22558.5858 30669.8175 92.6501
v 22558.5858 30669.8175 92.6501
v 22558.5858 30669.8175 92.6501
v 22558.5858 30669.8175 92.6501
v 22558.6270 30670.8057 92.6501
v 22558.6270 30670.8057 92.6501
v 22558.6270 30670.8057 92.6501
v 22558.6270 30670.8057 92.6501
v 22561.8866 30670.6696 92.6501
v 22561.8866 30670.6696 92.6501
v 22561.8866 30670.6696 92.6501
v 22561.8866 30670.6696 92.6501
v 22561.8866 30670.6696 92.6501
v 22561.8866 30670.6696 92.6501
v 22561.8866 30670.6696 92.6501
v 22561.8866 30670.6696 92.6501
v 22561.8866 30670.6696 92.6501
v 22567.6119 30670.4305 92.6501
v 22567.6119 30670.4305 92.6501
v 22567.6119 30670.4305 92.6501
v 22567.6119 30670.4305 92.6501
v 22567.6119 30670.4305 92.6501
v 22567.6119 30670.4305 92.6501
v 22567.6119 30670.4305 92.6501
v 22567.6119 30670.4305 92.6501
v 22567.6119 30670.4305 92.6501
v 22567.5344 30668.5805 92.6501
v 22567.5344 30668.5805 92.6501
v 22567.5344 30668.5805 92.6501
v 22567.5344 30668.5805 92.6501
v 22567.5344 30668.5805 92.6501
v 22567.4529 30666.6348 88.4351
v 22567.4529 30666.6348 88.4351
v 22567.4529 30666.6348 88.4351
v 22567.4529 30666.6348 88.4351
v 22567.4529 30666.6348 88.4351
v 22567.4529 30666.6348 88.4351
v 22567.4529 30666.6348 88.4351
v 22567.4529 30666.6348 88.4351
v 22575.0932 30649.8889 88.4350
v 22575.0932 30649.8889 88.4350
v 22575.0932 30649.8889 88.4350
v 22575.0932 30649.8889 88.4350
v 22575.0932 30649.8889 88.4350
v 22575.0932 30649.8889 88.4350
v 22575.0932 30649.8889 88.4350
v 22575.0932 30649.8889 88.4350
v 22575.0932 30649.8889 88.4350
v 22575.0932 30649.8889 88.4350
v 22575.1447 30650.8525 88.4350
v 22575.1447 30650.8525 88.4350
v 22575.1447 30650.8525 88.4350
v 22575.1447 30650.8525 88.4350
v 22575.2088 30652.0509 88.4350
v 22575.2088 30652.0509 88.4350
v 22575.2088 30652.0509 88.4350
v 22575.2088 30652.0509 88.4350
v 22575.2088 30652.0509 88.4350
v 22575.2088 30652.0509 88.4350
v 22575.2624 30654.8487 88.4350
v 22575.2624 30654.8487 88.4350
v 22575.2624 30654.8487 88.4350
v 22575.2624 30654.8487 88.4350
v 22575.2624 30654.8487 88.4350
v 22575.2624 30654.8487 88.4350
v 22575.2624 30654.8487 88.4350
v 22575.5617 30661.0365 88.4350
v 22575.5617 30661.0365 88.4350
v 22575.5617 30661.0365 88.4350
v 22575.5617 30661.0365 88.4350
v 22575.5617 30661.0365 88.4350
v 22575.5617 30661.0365 88.4350
v 22581.7685 30660.7364 88.4351
v 22581.7685 30660.7364 88.4351
v 22581.7685 30660.7364 88.4351
v 22581.7685 30660.7364 88.4351
v 22581.7685 30660.7364 88.4351
v 22581.7685 30660.7364 88.4351
v 22582.5925 30639.9878 92.1849
v 22582.5925 30639.9878 92.1849
v 22582.5925 30639.9878 92.1849
v 22582.5925 30639.9878 92.1849
v 22582.5925 30639.9878 92.1849
v 22582.5925 30639.9878 92.1849
v 22582.8090 30638.4351 92.1849
v 22582.8090 30638.4351 92.1849
v 22582.8090 30638.4351 92.1849
v 22582.8090 30638.4351 92.1849
v 22582.8090 30638.4351 92.1849
v 22582.8090 30638.4351 92.1849
v 22582.5226 30638.5901 92.1849
v 22582.5226 30638.5901 92.1849
v 22582.5226 30638.5901 92.1849
v 22582.5226 30638.5901 92.1849
v 22582.5226 30638.5901 92.1849
v 22582.5226 30638.5901 92.1849
v 22581.5711 30638.5831 92.1849
v 22581.5711 30638.5831 92.1849
v 22581.5711 30638.5831 92.1849
v 22581.5711 30638.5831 92.1849
v 22581.5711 30638.5831 92.1849
v 22581.5711 30638.5831 92.1849
v 22579.4209 30637.4000 92.1849
v 22579.4209 30637.4000 92.1849
v 22579.4209 30637.4000 92.1849
v 22579.4209 30637.4000 92.1849
v 22579.4209 30637.4000 92.1849
v 22579.4209 30637.4000 92.1849
v 22579.4209 30637.4000 92.1849
v 22565.7033 30637.9112 88.4349
v 22565.7033 30637.9112 88.4349
v 22565.7033 30637.9112 88.4349
v 22565.7033 30637.9112 88.4349
v 22565.7033 30637.9112 88.4349
v 22565.5946 30636.2626 88.4349
v 22565.5946 30636.2626 88.4349
v 22565.5946 30636.2626 88.4349
v 22565.5946 30636.2626 88.4349
v 22565.5946 30636.2626 89.7599
v 22565.5946 30636.2626 89.7599
v 22565.5946 30636.2626 89.7599
v 22565.5946 30636.2626 89.7599
v 22565.5946 30636.2626 89.7599
v 22565.5946 30636.2626 89.7599
v 22565.8843 30636.2527 89.7599
v 22565.8843 30636.2527 89.7599
v 22565.8843 30636.2527 89.7599
v 22565.6686 30629.8889 89.7598
v 22565.6686 30629.8889 89.7598
v 22565.6686 30629.8889 89.7598
v 22565.6686 30629.8889 89.7598
v 22565.6686 30629.8889 89.7598
v 22565.6686 30629.8889 89.7598
v 22565.6686 30629.8889 89.7598
v 22565.6686 30629.8889 89.7598
v 22563.0026 30629.9790 89.7598
v 22563.0026 30629.9790 89.7598
v 22563.0026 30629.9790 89.7598
v 22563.0026 30629.9790 89.7598
v 22563.2186 30636.3436 89.7599
v 22563.2186 30636.3436 89.7599
v 22563.2186 30636.3436 89.7599
v 22563.2186 30636.3436 89.7599
v 22563.2186 30636.3436 89.7599
v 22563.2186 30636.3436 89.7599
v 22563.2186 30636.3436 89.7599
v 22563.2186 30636.3436 88.4349
v 22563.2186 30636.3436 88.4349
v 22563.2186 30636.3436 88.4349
v 22563.2186 30636.3436 88.4349
v 22563.2186 30636.3436 88.4349
v 22561.0223 30636.3433 88.4349
v 22561.0223 30636.3433 88.4349
v 22561.0223 30636.3433 88.4349
v 22561.0223 30636.3433 88.4349
v 22561.0223 30636.3433 88.4349
v 22561.0223 30636.3433 88.4349
v 22561.0223 30636.3433 88.4349
v 22561.0223 30636.3433 88.4349
v 22561.0223 30636.3433 88.4349
v 22561.0223 30636.3433 89.7499
v 22561.0223 30636.3433 89.7499
v 22561.0223 30636.3433 89.7499
v 22560.6706 30630.1059 89.7498
v 22560.6706 30630.1059 89.7498
v 22560.6706 30630.1059 89.7498
v 22560.6706 30630.1059 89.7498
v 22560.6706 30630.1059 89.7498
v 22560.6706 30630.1059 89.7498
v 22560.6706 30630.1059 89.7498
v 22560.6706 30630.1059 89.7498
v 22557.9903 30630.2572 89.7498
v 22557.9903 30630.2572 89.7498
v 22557.9903 30630.2572 89.7498
v 22557.9903 30630.2572 89.7498
v 22558.3419 30636.4944 89.7499
v 22558.3419 30636.4944 89.7499
v 22558.3419 30636.4944 89.7499
v 22558.3419 30636.4944 89.7499
v 22558.3419 30636.4944 89.7499
v 22558.3419 30636.4944 89.7499
v 22558.3419 30636.4944 89.7499
v 22558.3419 30636.4944 88.4348
v 22558.3419 30636.4944 88.4348
v 22558.3419 30636.4944 88.4348
v 22558.3419 30636.4944 88.4348
v 22558.3419 30636.4944 88.4348
v 22556.0212 30636.3899 88.4348
v 22556.0212 30636.3899 88.4348
v 22556.0212 30636.3899 88.4348
v 22556.0212 30636.3899 88.4348
v 22556.0212 30636.3899 88.4348
v 22556.0212 30636.3899 88.4348
v 22556.0212 30636.3899 88.4348
v 22556.0212 30636.3899 88.4348
v 22556.0212 30636.3899 88.4348
v 22556.0212 30636.3899 89.6048
v 22556.0212 30636.3899 89.6048
v 22556.0212 30636.3899 89.6048
v 22555.6282 30629.4294 89.6048
v 22555.6282 30629.4294 89.6048
v 22555.6282 30629.4294 89.6048
v 22555.6282 30629.4294 89.6048
v 22555.6282 30629.4294 89.6048
v 22555.6282 30629.4294 89.6048
v 22555.6282 30629.4294 89.6048
v 22555.6282 30629.4294 89.6048
v 22552.9474 30629.5812 89.6048
v 22552.9474 30629.5812 89.6048
v 22552.9474 30629.5812 89.6048
v 22552.9474 30629.5812 89.6048
v 22553.3404 30636.5411 89.6048
v 22553.3404 30636.5411 89.6048
v 22553.3404 30636.5411 89.6048
v 22553.3404 30636.5411 89.6048
v 22553.3404 30636.5411 89.6048
v 22553.3404 30636.5411 89.6048
v 22553.3404 30636.5411 89.6048
v 22553.3404 30636.5411 88.4348
v 22553.3404 30636.5411 88.4348
v 22553.3404 30636.5411 88.4348
v 22553.3404 30636.5411 88.4348
v 22553.3404 30636.5411 88.4348
v 22553.3404 30636.5411 88.4348
v 22553.3404 30636.5411 88.4348
v 22535.4867 30658.2925 88.4350
v 22535.4867 30658.2925 88.4350
v 22535.4867 30658.2925 88.4350
v 22535.4867 30658.2925 88.4350
v 22535.4867 30658.2925 88.4350
v 22535.4867 30658.2925 88.4350
v 22535.4867 30658.2925 88.4350
v 22535.6452 30662.0881 88.4350
v 22535.6452 30662.0881 88.4350
v 22535.6452 30662.0881 88.4350
v 22535.6452 30662.0881 88.4350
v 22535.6452 30662.0881 88.4350
v 22535.6452 30662.0881 88.4350
v 22535.6452 30662.0881 88.4350
v 22535.6452 30662.0881 88.4350
v 22536.0189 30667.9418 88.4351
v 22536.0189 30667.9418 88.4351
v 22536.0189 30667.9418 88.4351
v 22536.0189 30667.9418 88.4351
v 22536.0189 30667.9418 88.4351
v 22536.0189 30667.9418 88.4351
v 22536.0455 30668.5786 92.7401
v 22536.0455 30668.5786 92.7401
v 22536.0455 30668.5786 92.7401
v 22536.0455 30668.5786 92.7401
v 22536.0455 30668.5786 92.7401
v 22536.0455 30668.5786 92.7401
v 22536.0455 30668.5786 92.7401
v 22536.1013 30669.9124 92.7401
v 22536.1013 30669.9124 92.7401
v 22536.1013 30669.9124 92.7401
v 22536.1013 30669.9124 92.7401
v 22536.1775 30671.7370 92.7401
v 22536.1775 30671.7370 92.7401
v 22536.1775 30671.7370 92.7401
v 22536.1775 30671.7370 92.7401
v 22536.1775 30671.7370 92.7401
v 22545.1606 30671.3618 92.7401
v 22545.1606 30671.3618 92.7401
v 22545.1606 30671.3618 92.7401
v 22545.1606 30671.3618 92.7401
v 22545.1606 30671.3618 92.7401
v 22545.1606 30671.3618 92.7401
v 22545.1606 30671.3618 92.7401
v 22545.1606 30671.3618 92.7401
v 22545.1606 30671.3618 92.7401
v 22545.1606 30671.3618 92.7401
v 22545.1606 30671.3618 92.7401
v 22545.1606 30671.3618 92.7401
v 22545.1606 30671.3618 92.7401
v 22545.1606 30671.3618 92.7401
v 22541.7879 30671.5027 88.4351
v 22541.7879 30671.5027 88.4351
v 22541.7879 30671.5027 88.4351
v 22541.7879 30671.5027 88.4351
v 22541.7879 30671.5027 88.4351
v 22545.1606 30671.3619 88.4351
v 22545.1606 30671.3619 88.4351
v 22545.1606 30671.3619 88.4351
v 22545.1606 30671.3619 88.4351
v 22545.1606 30671.3619 88.4351
v 22545.1606 30671.3619 88.4351
v 22545.1606 30671.3619 88.4351
v 22545.1606 30671.3619 88.4351
v 22545.1606 30671.3619 88.4351
v 22545.1606 30671.3619 88.4351
v 22545.1606 30671.3619 88.4351
v 22547.2729 30671.2888 88.4351
v 22547.2729 30671.2888 88.4351
v 22547.2729 30671.2888 88.4351
v 22547.2729 30671.2888 88.4351
v 22547.2729 30671.2888 88.4351
v 22547.2729 30671.2888 88.4351
v 22556.4503 30670.9059 88.4351
v 22556.4503 30670.9059 88.4351
v 22556.4503 30670.9059 88.4351
v 22556.4503 30670.9059 88.4351
v 22556.4503 30670.9059 88.4351
v 22556.4503 30670.9059 88.4351
v 22556.4503 30670.9059 88.4351
v 22556.4503 30670.9059 88.4351
v 22556.4503 30670.9059 88.4351
v 22558.6270 30670.8057 88.4351
v 22558.6270 30670.8057 88.4351
v 22558.6270 30670.8057 88.4351
v 22558.6270 30670.8057 88.4351
v 22558.6270 30670.8057 88.4351
v 22558.6270 30670.8057 88.4351
v 22558.6270 30670.8057 88.4351
v 22558.6270 30670.8057 88.4351
v 22558.6270 30670.8057 88.4351
v 22567.6120 30670.4306 88.4351
v 22567.6120 30670.4306 88.4351
v 22567.6120 30670.4306 88.4351
v 22567.6120 30670.4306 88.4351
v 22567.6120 30670.4306 88.4351
v 22567.6120 30670.4306 88.4351
v 22567.6120 30670.4306 88.4351
v 22567.6120 30670.4306 88.4351
v 22569.3496 30671.9047 88.4351
v 22569.3496 30671.9047 88.4351
v 22569.3496 30671.9047 88.4351
v 22569.3496 30671.9047 88.4351
v 22569.3496 30671.9047 88.4351
v 22572.3132 30672.2809 88.4351
v 22572.3132 30672.2809 88.4351
v 22572.3132 30672.2809 88.4351
v 22572.3132 30672.2809 88.4351
v 22572.3132 30672.2809 88.4351
v 22575.6944 30672.7101 88.4351
v 22575.6944 30672.7101 88.4351
v 22575.6944 30672.7101 88.4351
v 22575.6944 30672.7101 88.4351
v 22575.4931 30669.0199 88.4351
v 22575.4931 30669.0199 88.4351
v 22575.4931 30669.0199 88.4351
v 22575.4931 30669.0199 88.4351
v 22575.4931 30669.0199 88.4351
v 22575.4931 30669.0199 88.4351
v 22575.4931 30669.0199 88.4351
v 22575.4931 30669.0199 88.4351
v 22575.4931 30669.0199 88.4351
v 22575.4931 30669.0199 88.4351
v 22575.4931 30669.0199 92.0351
v 22575.4931 30669.0199 92.0351
v 22575.4931 30669.0199 92.0351
v 22575.4931 30669.0199 92.0351
v 22582.1857 30669.9057 88.4351
v 22582.1857 30669.9057 88.4351
v 22582.1857 30669.9057 88.4351
v 22582.1857 30669.9057 88.4351
v 22582.1857 30669.9057 88.4351
v 22582.1857 30669.9057 88.4351
v 22582.1857 30669.9057 88.4351
v 22582.1857 30669.9057 88.4351
v 22582.8747 30664.6979 88.4351
v 22582.8747 30664.6979 88.4351
v 22582.8747 30664.6979 88.4351
v 22582.8747 30664.6979 88.4351
v 22582.8747 30664.6979 88.4351
v 22582.8747 30664.6979 88.8851
v 22582.8747 30664.6979 88.8851
v 22582.8747 30664.6979 88.8851
v 22582.8747 30664.6979 88.8851
v 22582.8747 30664.6979 88.8851
v 22583.1006 30662.9897 88.8851
v 22583.1006 30662.9897 88.8851
v 22583.1006 30662.9897 88.8851
v 22583.1006 30662.9897 88.8851
v 22583.1006 30662.9897 88.8851
v 22583.1006 30662.9897 88.8851
v 22583.2558 30661.8168 88.4351
v 22583.2558 30661.8168 88.4351
v 22583.2558 30661.8168 88.4351
v 22583.2558 30661.8168 88.4351
v 22583.2558 30661.8168 88.4351
v 22583.2558 30661.8168 88.4351
v 22583.2558 30661.8168 88.4351
v 22583.2558 30661.8168 88.4351
v 22583.2558 30661.8168 88.4351
v 22583.2558 30661.8168 88.4351
v 22589.7696 30670.3688 93.4552
v 22589.7696 30670.3688 93.4552
v 22589.7696 30670.3688 93.4552
v 22589.7696 30670.3688 93.4552
v 22587.0872 30670.0150 93.4552
v 22587.0872 30670.0150 93.4552
v 22587.0872 30670.0150 93.4552
v 22587.0872 30670.0150 93.4552
v 22587.0872 30670.0150 93.4552
v 22590.1861 30667.2067 93.4552
v 22590.1861 30667.2067 93.4552
v 22590.1861 30667.2067 93.4552
v 22590.1861 30667.2067 93.4552
v 22590.1861 30667.2067 93.4552
v 22587.5045 30666.8529 93.4552
v 22587.5045 30666.8529 93.4552
v 22587.5045 30666.8529 93.4552
v 22587.5045 30666.8529 93.4552
v 22587.5046 30666.8529 93.3552
v 22587.5046 30666.8529 93.3552
v 22587.5046 30666.8529 93.3552
v 22587.5046 30666.8529 93.3552
v 22587.5046 30666.8529 93.3552
v 22587.5046 30666.8529 93.3552
v 22587.0872 30670.0150 93.3552
v 22587.0872 30670.0150 93.3552
v 22587.0872 30670.0150 93.3552
v 22587.0872 30670.0150 93.3552
v 22587.0872 30670.0150 93.3552
v 22589.7696 30670.3688 93.3552
v 22589.7696 30670.3688 93.3552
v 22589.7696 30670.3688 93.3552
v 22589.7696 30670.3688 93.3552
v 22589.7696 30670.3688 93.3552
v 22589.7696 30670.3688 93.3552
v 22589.7696 30670.3688 93.3552
v 22590.1861 30667.2067 93.3552
v 22590.1861 30667.2067 93.3552
v 22590.1861 30667.2067 93.3552
v 22590.1861 30667.2067 93.3552
v 22590.1861 30667.2067 93.3552
v 22590.1861 30667.2067 93.3552
v 22587.8057 30667.2457 93.3552
v 22587.8057 30667.2457 93.3552
v 22587.8057 30667.2457 93.3552
v 22587.8057 30667.2457 93.3552
v 22587.8057 30667.2457 93.3552
v 22587.8057 30667.2457 93.3552
v 22587.4800 30669.7138 93.3552
v 22587.4800 30669.7138 93.3552
v 22587.4800 30669.7138 93.3552
v 22587.4800 30669.7138 93.3552
v 22587.4800 30669.7138 93.3552
v 22587.4800 30669.7138 93.3552
v 22589.4683 30669.9760 93.3552
v 22589.4683 30669.9760 93.3552
v 22589.4683 30669.9760 93.3552
v 22589.4683 30669.9760 93.3552
v 22589.4683 30669.9760 93.3552
v 22589.7934 30667.5079 93.3552
v 22589.7934 30667.5079 93.3552
v 22589.7934 30667.5079 93.3552
v 22589.7934 30667.5079 93.3552
v 22589.7934 30667.5079 93.3552
v 22589.7934 30667.5079 93.3552
v 22589.7934 30667.5079 93.3552
v 22587.8058 30667.2457 92.0352
v 22587.8058 30667.2457 92.0352
v 22587.8058 30667.2457 92.0352
v 22587.8058 30667.2457 92.0352
v 22587.8058 30667.2457 92.0352
v 22587.8058 30667.2457 92.0352
v 22583.2558 30661.8168 92.0351
v 22583.2558 30661.8168 92.0351
v 22583.2558 30661.8168 92.0351
v 22583.2558 30661.8168 92.0351
v 22583.2558 30661.8168 92.0351
v 22583.2558 30661.8168 92.0351
v 22587.4800 30669.7138 92.0352
v 22587.4800 30669.7138 92.0352
v 22587.4800 30669.7138 92.0352
v 22587.4800 30669.7138 92.0352
v 22587.4800 30669.7138 92.0352
v 22587.4800 30669.7138 92.0352
v 22587.4800 30669.7138 92.0352
v 22587.4800 30669.7138 92.0352
v 22587.4800 30669.7138 92.0352
v 22587.4800 30669.7138 92.0352
v 22588.9031 30677.2405 93.4803
v 22588.9031 30677.2405 93.4803
v 22588.9031 30677.2405 93.4803
v 22588.9031 30677.2405 93.4803
v 22586.1728 30676.8799 93.4802
v 22586.1728 30676.8799 93.4802
v 22586.1728 30676.8799 93.4802
v 22586.1728 30676.8799 93.4802
v 22586.1728 30676.8799 93.4802
v 22589.3254 30674.0397 93.4802
v 22589.3254 30674.0397 93.4802
v 22589.3254 30674.0397 93.4802
v 22589.3254 30674.0397 93.4802
v 22589.3254 30674.0397 93.4802
v 22586.5952 30673.6790 93.4802
v 22586.5952 30673.6790 93.4802
v 22586.5952 30673.6790 93.4802
v 22586.5952 30673.6790 93.4802
v 22586.1728 30676.8799 93.4202
v 22586.1728 30676.8799 93.4202
v 22586.1728 30676.8799 93.4202
v 22586.1728 30676.8799 93.4202
v 22586.1728 30676.8799 93.4202
v 22588.9031 30677.2405 93.4203
v 22588.9031 30677.2405 93.4203
v 22588.9031 30677.2405 93.4203
v 22588.9031 30677.2405 93.4203
v 22588.9031 30677.2405 93.4203
v 22588.9031 30677.2405 93.4203
v 22588.9031 30677.2405 93.4203
v 22589.3254 30674.0397 93.4202
v 22589.3254 30674.0397 93.4202
v 22589.3254 30674.0397 93.4202
v 22589.3254 30674.0397 93.4202
v 22589.3254 30674.0397 93.4202
v 22589.3254 30674.0397 93.4202
v 22586.5952 30673.6790 93.4202
v 22586.5952 30673.6790 93.4202
v 22586.5952 30673.6790 93.4202
v 22586.5952 30673.6790 93.4202
v 22586.5952 30673.6790 93.4202
v 22586.5952 30673.6790 93.4202
v 22586.5824 30676.5658 93.4202
v 22586.5824 30676.5658 93.4202
v 22586.5824 30676.5658 93.4202
v 22586.5824 30676.5658 93.4202
v 22586.5824 30676.5658 93.4202
v 22586.5824 30676.5658 93.4202
v 22586.5824 30676.5658 93.4202
v 22588.5890 30676.8308 93.4203
v 22588.5890 30676.8308 93.4203
v 22588.5890 30676.8308 93.4203
v 22588.5890 30676.8308 93.4203
v 22588.5890 30676.8308 93.4203
v 22588.9158 30674.3538 93.4202
v 22588.9158 30674.3538 93.4202
v 22588.9158 30674.3538 93.4202
v 22588.9158 30674.3538 93.4202
v 22588.9158 30674.3538 93.4202
v 22588.9158 30674.3538 93.4202
v 22586.9093 30674.0887 93.4202
v 22586.9093 30674.0887 93.4202
v 22586.9093 30674.0887 93.4202
v 22586.9093 30674.0887 93.4202
v 22586.9093 30674.0887 93.4202
v 22586.9093 30674.0887 93.4202
v 22586.9093 30674.0887 92.0352
v 22586.9093 30674.0887 92.0352
v 22586.9093 30674.0887 92.0352
v 22586.9093 30674.0887 92.0352
v 22586.9093 30674.0887 92.0352
v 22586.5824 30676.5658 92.0352
v 22586.5824 30676.5658 92.0352
v 22586.5824 30676.5658 92.0352
v 22586.5824 30676.5658 92.0352
v 22586.5824 30676.5658 92.0352
v 22586.5824 30676.5658 92.0352
v 22586.5824 30676.5658 92.0352
v 22588.5890 30676.8309 92.0353
v 22588.5890 30676.8309 92.0353
v 22588.5890 30676.8309 92.0353
v 22588.5890 30676.8309 92.0353
v 22588.5890 30676.8309 92.0353
v 22588.9158 30674.3538 92.0352
v 22588.9158 30674.3538 92.0352
v 22588.9158 30674.3538 92.0352
v 22588.9158 30674.3538 92.0352
v 22588.9158 30674.3538 92.0352
v 22588.9158 30674.3538 92.0352
v 22588.9158 30674.3538 92.0352
v 22589.4683 30669.9760 92.0352
v 22589.4683 30669.9760 92.0352
v 22589.4683 30669.9760 92.0352
v 22589.4683 30669.9760 92.0352
v 22589.4683 30669.9760 92.0352
v 22589.4683 30669.9760 92.0352
v 22589.7934 30667.5079 92.0352
v 22589.7934 30667.5079 92.0352
v 22589.7934 30667.5079 92.0352
v 22589.7934 30667.5079 92.0352
v 22589.7934 30667.5079 92.0352
v 22590.4184 30662.7642 92.0351
v 22590.4184 30662.7642 92.0351
v 22590.4184 30662.7642 92.0351
v 22590.4184 30662.7642 92.0351
v 22590.4184 30662.7642 92.0351
v 22590.4184 30662.7642 92.0351
v 22593.2653 30663.1407 92.0352
v 22593.2653 30663.1407 92.0352
v 22593.2653 30663.1407 92.0352
v 22593.2653 30663.1407 92.0352
v 22593.2653 30663.1407 92.0352
v 22593.2653 30663.1407 92.0352
v 22593.3788 30663.0550 92.0352
v 22593.3788 30663.0550 92.0352
v 22593.3788 30663.0550 92.0352
v 22593.3788 30663.0550 92.0352
v 22593.3788 30663.0550 92.0352
v 22593.3788 30663.0550 92.0352
v 22593.3788 30663.0550 92.0352
v 22593.3788 30663.0550 92.0352
v 22591.7325 30638.1914 92.0350
v 22591.7325 30638.1914 92.0350
v 22591.7325 30638.1914 92.0350
v 22591.7325 30638.1914 92.0350
v 22591.7325 30638.1914 92.0350
v 22591.7325 30638.1914 88.4350
v 22591.7325 30638.1914 88.4350
v 22591.7325 30638.1914 88.4350
v 22591.7325 30638.1914 88.4350
v 22591.7325 30638.1914 88.4350
v 22591.7047 30638.1928 88.4350
v 22591.7047 30638.1928 88.4350
v 22591.7047 30638.1928 88.4350
v 22591.7047 30638.1928 88.4350
v 22591.7047 30638.1928 88.4350
v 22591.7047 30638.1928 88.4350
v 22591.7047 30638.1928 88.4350
v 22591.7047 30638.1928 88.4350
v 22591.7047 30638.1928 88.4350
v 22591.7047 30638.1928 88.4350
v 22586.6448 30638.4417 88.4350
v 22586.6448 30638.4417 88.4350
v 22586.6448 30638.4417 88.4350
v 22586.6448 30638.4417 88.4350
v 22586.7745 30641.0435 92.6800
v 22586.7745 30641.0435 92.6800
v 22586.7745 30641.0435 92.6800
v 22586.7745 30641.0435 92.6800
v 22586.7745 30641.0435 92.6800
v 22584.5201 30641.1553 92.6800
v 22584.5201 30641.1553 92.6800
v 22584.5201 30641.1553 92.6800
v 22584.5201 30641.1553 92.6800
v 22584.5201 30641.1553 92.6800
v 22584.4607 30639.9669 92.6800
v 22584.4607 30639.9669 92.6800
v 22584.4607 30639.9669 92.6800
v 22584.4607 30639.9669 92.6800
v 22584.4607 30639.9669 92.6800
v 22582.5961 30640.0595 92.6800
v 22582.5961 30640.0595 92.6800
v 22582.5961 30640.0595 92.6800
v 22582.5961 30640.0595 92.6800
v 22582.5961 30640.0595 92.6800
v 22582.5961 30640.0595 92.6800
v 22582.5961 30640.0595 92.6800
v 22582.5961 30640.0595 92.6800
v 22582.5961 30640.0595 92.6800
v 22582.5226 30638.5901 92.6799
v 22582.5226 30638.5901 92.6799
v 22582.5226 30638.5901 92.6799
v 22582.5226 30638.5901 92.6799
v 22582.8257 30638.5750 92.1849
v 22582.8257 30638.5750 92.1849
v 22582.8257 30638.5750 92.1849
v 22582.8257 30638.5750 92.1849
v 22582.8257 30638.5750 92.1849
v 22582.8257 30638.5750 92.1849
v 22583.0314 30638.5648 88.4349
v 22583.0314 30638.5648 88.4349
v 22583.0314 30638.5648 88.4349
v 22583.0314 30638.5648 88.4349
v 22582.8257 30638.5750 88.4349
v 22582.8257 30638.5750 88.4349
v 22582.8257 30638.5750 88.4349
v 22582.8257 30638.5750 88.4349
v 22582.8257 30638.5750 88.4349
v 22582.8090 30638.4352 88.4349
v 22582.8090 30638.4352 88.4349
v 22582.8090 30638.4352 88.4349
v 22582.8090 30638.4352 88.4349
v 22582.8090 30638.4352 88.4349
v 22582.3252 30631.2475 92.1349
v 22582.3252 30631.2475 92.1349
v 22582.3252 30631.2475 92.1349
v 22582.3252 30631.2475 92.1349
v 22582.4329 30633.3084 92.1349
v 22582.4329 30633.3084 92.1349
v 22582.4329 30633.3084 92.1349
v 22582.4329 30633.3084 92.1349
v 22582.4329 30633.3084 92.1349
v 22582.3253 30631.2475 88.4349
v 22582.3253 30631.2475 88.4349
v 22582.3253 30631.2475 88.4349
v 22582.3253 30631.2475 88.4349
v 22582.3253 30631.2475 88.4349
v 22582.3253 30631.2475 88.4349
v 22582.3253 30631.2475 88.4349
v 22582.4329 30633.3084 88.4349
v 22582.4329 30633.3084 88.4349
v 22582.4329 30633.3084 88.4349
v 22582.4329 30633.3084 88.4349
v 22582.4329 30633.3084 88.4349
v 22581.5711 30638.5831 88.4349
v 22581.5711 30638.5831 88.4349
v 22581.5711 30638.5831 88.4349
v 22581.5711 30638.5831 88.4349
v 22581.5711 30638.5831 88.4349
v 22581.5711 30638.5831 88.4349
v 22581.5711 30638.5831 88.4349
v 22581.5711 30638.5831 88.4349
v 22579.4209 30637.4001 88.4349
v 22579.4209 30637.4001 88.4349
v 22579.4209 30637.4001 88.4349
v 22579.4209 30637.4001 88.4349
v 22579.4209 30637.4001 88.4349
v 22565.8843 30636.2527 88.4349
v 22565.8843 30636.2527 88.4349
v 22565.8843 30636.2527 88.4349
v 22565.8843 30636.2527 88.4349
v 22565.8843 30636.2527 88.4349
v 22565.8843 30636.2527 88.4349
v 22565.8843 30636.2527 88.4349
v 22565.8843 30636.2527 88.4349
v 22565.6686 30629.8889 88.4348
v 22565.6686 30629.8889 88.4348
v 22565.6686 30629.8889 88.4348
v 22565.6686 30629.8889 88.4348
v 22565.6686 30629.8889 88.4348
v 22563.0026 30629.9790 88.4348
v 22563.0026 30629.9790 88.4348
v 22563.0026 30629.9790 88.4348
v 22563.0026 30629.9790 88.4348
v 22563.0026 30629.9790 88.4348
v 22563.0026 30629.9790 88.4348
v 22563.0026 30629.9790 88.4348
v 22560.6706 30630.1059 88.4348
v 22560.6706 30630.1059 88.4348
v 22560.6706 30630.1059 88.4348
v 22560.6706 30630.1059 88.4348
v 22560.6706 30630.1059 88.4348
v 22560.6706 30630.1059 88.4348
v 22557.9903 30630.2572 88.4348
v 22557.9903 30630.2572 88.4348
v 22557.9903 30630.2572 88.4348
v 22557.9903 30630.2572 88.4348
v 22557.9903 30630.2572 88.4348
v 22557.9903 30630.2572 88.4348
v 22557.9903 30630.2572 88.4348
v 22555.6282 30629.4294 88.4348
v 22555.6282 30629.4294 88.4348
v 22555.6282 30629.4294 88.4348
v 22555.6282 30629.4294 88.4348
v 22555.6282 30629.4294 88.4348
v 22555.6282 30629.4294 88.4348
v 22552.9474 30629.5812 88.4348
v 22552.9474 30629.5812 88.4348
v 22552.9474 30629.5812 88.4348
v 22552.9474 30629.5812 88.4348
v 22552.9474 30629.5812 88.4348
v 22552.9474 30629.5812 88.4348
v 22552.9474 30629.5812 88.4348
v 22552.9474 30629.5812 88.4348
v 22552.9474 30629.5812 88.4348
v 22547.5536 30629.9957 88.4348
v 22547.5536 30629.9957 88.4348
v 22547.5536 30629.9957 88.4348
v 22547.5536 30629.9957 88.4348
v 22547.5536 30629.9957 88.4348
v 22547.5536 30629.9957 88.4348
v 22544.8719 30630.1470 88.4348
v 22544.8719 30630.1470 88.4348
v 22544.8719 30630.1470 88.4348
v 22544.8719 30630.1470 88.4348
v 22544.8719 30630.1470 88.4348
v 22544.8719 30630.1470 88.4348
v 22544.8719 30630.1470 88.4348
v 22544.8719 30630.1470 88.4348
v 22544.8719 30630.1470 88.4348
v 22544.8719 30630.1470 88.4348
v 22535.0763 30631.1125 88.4348
v 22535.0763 30631.1125 88.4348
v 22535.0763 30631.1125 88.4348
v 22535.0763 30631.1125 88.4348
v 22535.0763 30631.1125 88.4348
v 22535.0763 30631.1125 88.4348
v 22535.0763 30631.1125 88.4348
v 22535.0763 30631.1125 88.4348
v 22535.0763 30631.1125 88.4348
v 22535.0763 30631.1125 88.4348
v 22525.9760 30641.3493 88.4349
v 22525.9760 30641.3493 88.4349
v 22525.9760 30641.3493 88.4349
v 22525.9760 30641.3493 88.4349
v 22525.9760 30641.3493 88.4349
v 22525.9760 30641.3493 88.4349
v 22517.1482 30641.6361 88.4349
v 22517.1482 30641.6361 88.4349
v 22517.1482 30641.6361 88.4349
v 22517.1482 30641.6361 88.4349
v 22517.1482 30641.6361 88.4349
v 22517.1482 30641.6361 88.4349
v 22517.1855 30642.7808 92.2149
v 22517.1855 30642.7808 92.2149
v 22517.1855 30642.7808 92.2149
v 22517.1855 30642.7808 92.2149
v 22517.1855 30642.7808 92.2149
v 22517.1891 30642.8918 92.2149
v 22517.1891 30642.8918 92.2149
v 22517.1891 30642.8918 92.2149
v 22517.1891 30642.8918 92.2149
v 22517.1891 30642.8918 92.2149
v 22527.8741 30644.0034 92.2149
v 22527.8741 30644.0034 92.2149
v 22527.8741 30644.0034 92.2149
v 22527.8741 30644.0034 92.2149
v 22527.8741 30644.0034 92.2149
v 22527.8741 30644.0034 92.2149
v 22527.8741 30644.0034 92.2149
v 22527.8741 30644.0034 92.2149
v 22527.8741 30644.0034 88.4349
v 22527.8741 30644.0034 88.4349
v 22527.8741 30644.0034 88.4349
v 22527.8741 30644.0034 88.4349
v 22527.8741 30644.0034 88.4349
v 22527.8741 30644.0034 88.4349
v 22527.8741 30644.0034 88.4349
v 22509.9425 30646.1281 88.4350
v 22509.9425 30646.1281 88.4350
v 22509.9425 30646.1281 88.4350
v 22509.9425 30646.1281 88.4350
v 22509.9425 30646.1281 88.4350
v 22509.9425 30646.1281 88.4350
v 22509.9425 30646.1281 88.4350
v 22510.3243 30659.6045 88.4351
v 22510.3243 30659.6045 88.4351
v 22510.3243 30659.6045 88.4351
v 22510.3243 30659.6045 88.4351
v 22510.3243 30659.6045 88.4351
v 22510.3243 30659.6045 88.4351
v 22510.3243 30659.6045 88.4351
v 22510.3243 30659.6045 91.5351
v 22510.3243 30659.6045 91.5351
v 22510.3243 30659.6045 91.5351
v 22510.3243 30659.6045 91.5351
v 22510.3243 30659.6045 91.5351
v 22510.3243 30659.6045 91.5351
v 22510.6037 30666.7894 91.5351
v 22510.6037 30666.7894 91.5351
v 22510.6037 30666.7894 91.5351
v 22510.6037 30666.7894 91.5351
v 22526.9100 30666.1551 91.5351
v 22526.9100 30666.1551 91.5351
v 22526.9100 30666.1551 91.5351
v 22526.9100 30666.1551 91.5351
v 22526.9100 30666.1551 91.5351
v 22526.9100 30666.1551 91.5351
v 22526.6304 30658.9702 91.5350
v 22526.6304 30658.9702 91.5350
v 22526.6304 30658.9702 91.5350
v 22526.6304 30658.9702 91.5350
v 22526.6304 30658.9702 88.4350
v 22526.6304 30658.9702 88.4350
v 22526.6304 30658.9702 88.4350
v 22526.6304 30658.9702 88.4350
v 22526.6304 30658.9702 88.4350
v 22526.6304 30658.9702 88.4350
v 22526.6304 30658.9702 88.4350
v 22526.6304 30658.9702 88.4350
v 22532.5741 30655.4307 88.4350
v 22532.5741 30655.4307 88.4350
v 22532.5741 30655.4307 88.4350
v 22532.5741 30655.4307 88.4350
v 22532.5741 30655.4307 88.4350
v 22532.5741 30655.4307 88.4350
v 22532.5741 30655.4307 88.4350
v 22532.5741 30655.4307 88.4350
v 22532.5741 30655.4307 88.4350
v 22532.5741 30655.4307 88.4350
v 22532.5741 30655.4307 88.4350
v 22532.5741 30655.4307 88.4350
v 22532.5741 30655.4307 88.4350
v 22532.5741 30655.4307 88.4350
v 22532.5741 30655.4307 88.4350
v 22536.1775 30671.7371 88.4351
v 22536.1775 30671.7371 88.4351
v 22536.1775 30671.7371 88.4351
v 22536.1775 30671.7371 88.4351
v 22536.1775 30671.7371 88.4351
v 22536.1775 30671.7371 88.4351
v 22536.1775 30671.7371 88.4351
v 22536.1775 30671.7371 88.4351
v 22536.1775 30671.7371 88.4351
v 22536.1775 30671.7371 88.4351
v 22540.1501 30674.3397 88.4351
v 22540.1501 30674.3397 88.4351
v 22540.1501 30674.3397 88.4351
v 22540.1501 30674.3397 88.4351
v 22540.1501 30674.3397 88.4351
v 22569.0794 30673.6090 88.4351
v 22569.0794 30673.6090 88.4351
v 22569.0794 30673.6090 88.4351
v 22569.0794 30673.6090 88.4351
v 22569.0794 30673.6090 88.4351
v 22569.0794 30673.6090 88.4351
v 22569.0794 30673.6090 88.4351
v 22569.0794 30673.6090 88.4351
v 22569.0794 30673.6090 88.4351
v 22569.0794 30673.6090 88.4351
v 22569.3495 30671.9047 92.0351
v 22569.3495 30671.9047 92.0351
v 22569.3495 30671.9047 92.0351
v 22569.3495 30671.9047 92.0351
v 22569.3495 30671.9047 92.0351
v 22569.3495 30671.9047 92.0351
v 22569.3495 30671.9047 92.0351
v 22575.6944 30672.7100 92.0351
v 22575.6944 30672.7100 92.0351
v 22575.6944 30672.7100 92.0351
v 22575.6944 30672.7100 92.0351
v 22575.6944 30672.7100 92.0351
v 22575.6944 30672.7100 92.0351
v 22582.1856 30669.9056 92.0352
v 22582.1856 30669.9056 92.0352
v 22582.1856 30669.9056 92.0352
v 22582.1856 30669.9056 92.0352
v 22582.1856 30669.9056 92.0352
v 22582.1856 30669.9056 92.0352
v 22582.1856 30669.9056 92.0352
v 22582.1856 30669.9056 92.0352
v 22582.1856 30669.9056 92.0352
v 22582.1856 30669.9056 92.0352
v 22585.9383 30681.4457 92.0353
v 22585.9383 30681.4457 92.0353
v 22585.9383 30681.4457 92.0353
v 22585.9383 30681.4457 92.0353
v 22585.9383 30681.4457 92.0353
v 22585.9383 30681.4457 92.0353
v 22585.9383 30681.4457 92.0353
v 22585.9383 30681.4457 92.0353
v 22591.0797 30682.1259 92.0353
v 22591.0797 30682.1259 92.0353
v 22591.0797 30682.1259 92.0353
v 22591.0797 30682.1259 92.0353
v 22591.0797 30682.1259 92.0353
v 22591.0797 30682.1259 92.0353
v 22591.0797 30682.1259 92.0353
v 22591.0797 30682.1259 92.0353
v 22591.0797 30682.1259 92.0353
v 22591.0797 30682.1259 92.0353
v 22591.0797 30682.1259 92.0353
v 22593.5733 30663.2840 92.0352
v 22593.5733 30663.2840 92.0352
v 22593.5733 30663.2840 92.0352
v 22593.5733 30663.2840 92.0352
v 22593.5733 30663.2840 92.0352
v 22593.5733 30663.2840 92.0352
v 22593.6889 30663.1967 92.0352
v 22593.6889 30663.1967 92.0352
v 22593.6889 30663.1967 92.0352
v 22593.6889 30663.1967 92.0352
v 22593.6889 30663.1967 92.0352
v 22593.6889 30663.1967 92.0352
v 22592.3683 30638.1604 21.6000
v 22592.3683 30638.1604 21.6000
v 22592.3683 30638.1604 21.6000
v 22592.3683 30638.1604 21.6000
v 22592.2076 30640.8196 21.6000
v 22592.2076 30640.8196 21.6000
v 22592.2076 30640.8196 21.6000
v 22592.2076 30640.8196 21.6000
v 22592.0326 30638.1770 21.6000
v 22592.0326 30638.1770 21.6000
v 22592.0326 30638.1770 21.6000
v 22592.0326 30638.1770 21.6000
v 22592.2076 30640.8196 29.8500
v 22592.2076 30640.8196 29.8500
v 22592.2076 30640.8196 29.8500
v 22592.2076 30640.8196 29.8500
v 22592.2076 30640.8196 29.8500
v 22592.2076 30640.8196 29.8500
v 22592.3682 30638.1604 29.8500
v 22592.3682 30638.1604 29.8500
v 22592.3682 30638.1604 29.8500
v 22592.3682 30638.1604 29.8500
v 22592.3682 30638.1604 29.8500
v 22592.3682 30638.1604 29.8500
v 22592.0321 30638.1767 92.0350
v 22592.0321 30638.1767 92.0350
v 22592.0321 30638.1767 92.0350
v 22592.0321 30638.1767 92.0350
v 22592.0321 30638.1767 92.0350
v 22592.0321 30638.1767 92.0350
v 22592.0321 30638.1767 92.0350
v 22592.0321 30638.1767 92.0350
v 22592.0321 30638.1767 92.0350
v 22592.0321 30638.1767 92.0350
v 22585.3627 30632.9418 98.0099
v 22585.3627 30632.9418 98.0099
v 22585.3627 30632.9418 98.0099
v 22585.3572 30632.8021 98.0099
v 22585.3572 30632.8021 98.0099
v 22585.3572 30632.8021 98.0099
v 22585.3572 30632.8021 98.0099
v 22588.2051 30632.7240 98.0100
v 22588.2051 30632.7240 98.0100
v 22588.2051 30632.7240 98.0100
v 22588.2051 30632.7240 98.0100
v 22588.2051 30632.7240 98.0100
v 22588.2051 30632.7240 98.8600
v 22588.2051 30632.7240 98.8600
v 22588.2051 30632.7240 98.8600
v 22588.2051 30632.7240 98.8600
v 22588.2051 30632.7240 98.8600
v 22585.3572 30632.8021 98.8599
v 22585.3572 30632.8021 98.8599
v 22585.3572 30632.8021 98.8599
v 22585.3572 30632.8021 98.8599
v 22585.3572 30632.8021 98.8599
v 22585.3572 30632.8021 98.8599
v 22585.3572 30632.8021 98.8599
v 22585.3627 30632.9418 98.8799
v 22585.3627 30632.9418 98.8799
v 22585.3627 30632.9418 98.8799
v 22585.3627 30632.9418 98.8799
v 22585.3627 30632.9418 98.8799
v 22585.3627 30632.9418 98.8799
v 22585.3627 30632.9418 98.8799
v 22585.3627 30632.9418 98.8799
v 22585.3627 30632.9418 98.8799
v 22588.3146 30632.7156 98.8800
v 22588.3146 30632.7156 98.8800
v 22588.3146 30632.7156 98.8800
v 22588.3146 30632.7156 98.8800
v 22588.3146 30632.7156 98.8800
v 22588.3146 30632.7156 98.8800
v 22588.3146 30632.7156 98.8600
v 22588.3146 30632.7156 98.8600
v 22588.3146 30632.7156 98.8600
v 22588.3146 30632.7156 98.8600
v 22588.3146 30632.7156 98.8600
v 22588.3146 30632.7156 98.8600
v 22590.4501 30632.6624 98.8600
v 22590.4501 30632.6624 98.8600
v 22590.4501 30632.6624 98.8600
v 22588.3150 30632.7210 98.8600
v 22588.3150 30632.7210 98.8600
v 22588.3150 30632.7210 98.8600
v 22588.3150 30632.7210 98.8600
v 22588.3150 30632.7210 98.8600
v 22588.3150 30632.7210 98.8600
v 22590.3936 30630.6083 98.8600
v 22590.3936 30630.6083 98.8600
v 22590.3936 30630.6083 98.8600
v 22590.3936 30630.6083 98.8600
v 22590.3936 30630.6083 98.8600
v 22590.3936 30630.6083 98.8600
v 22590.3936 30630.6083 98.8600
v 22590.3936 30630.6083 98.8600
v 22590.3936 30630.6083 98.8600
v 22585.2755 30630.7487 98.8599
v 22585.2755 30630.7487 98.8599
v 22585.2755 30630.7487 98.8599
v 22585.2755 30630.7487 98.8599
v 22585.2755 30630.7487 98.8599
v 22585.2755 30630.7487 98.8599
v 22583.2913 30630.6152 99.3349
v 22583.2913 30630.6152 99.3349
v 22583.2913 30630.6152 99.3349
v 22583.2913 30630.6152 99.3349
v 22583.2913 30630.6152 99.3349
v 22585.2671 30630.5369 99.3349
v 22585.2671 30630.5369 99.3349
v 22585.2671 30630.5369 99.3349
v 22585.2671 30630.5369 99.3349
v 22585.4427 30634.9543 99.3349
v 22585.4427 30634.9543 99.3349
v 22585.4427 30634.9543 99.3349
v 22585.4427 30634.9543 99.3349
v 22585.4427 30634.9543 99.3349
v 22585.4427 30634.9543 99.3349
v 22585.4427 30634.9543 99.3349
v 22585.4427 30634.9543 99.3349
v 22585.4427 30634.9543 99.3349
v 22585.4143 30634.2398 98.0099
v 22585.4143 30634.2398 98.0099
v 22585.4143 30634.2398 98.0099
v 22585.4143 30634.2398 98.0099
v 22585.4143 30634.2397 98.8799
v 22585.4143 30634.2397 98.8799
v 22585.4143 30634.2397 98.8799
v 22585.4143 30634.2397 98.8799
v 22585.4143 30634.2397 98.8799
v 22585.4143 30634.2397 98.8799
v 22586.2113 30634.1783 98.8800
v 22586.2113 30634.1783 98.8800
v 22586.2113 30634.1783 98.8800
v 22586.2113 30634.1783 98.8800
v 22586.4640 30637.4607 98.8800
v 22586.4640 30637.4607 98.8800
v 22586.4640 30637.4607 98.8800
v 22586.4640 30637.4607 98.8800
v 22586.4640 30637.4607 98.8800
v 22588.6671 30637.2919 98.8800
v 22588.6671 30637.2919 98.8800
v 22588.6671 30637.2919 98.8800
v 22588.6671 30637.2919 98.8800
v 22588.6671 30637.2919 98.8800
v 22588.6671 30637.2919 98.8800
v 22588.6671 30637.2919 98.8800
v 22588.3150 30632.7210 98.0100
v 22588.3150 30632.7210 98.0100
v 22588.3150 30632.7210 98.0100
v 22588.3150 30632.7210 98.0100
v 22588.6671 30637.2919 98.0100
v 22588.6671 30637.2919 98.0100
v 22588.6671 30637.2919 98.0100
v 22588.6671 30637.2919 98.0100
v 22588.6671 30637.2919 98.0100
v 22590.4501 30632.6624 98.0100
v 22590.4501 30632.6624 98.0100
v 22590.4501 30632.6624 98.0100
v 22590.4501 30632.6624 98.0100
v 22590.4501 30632.6624 98.0100
v 22590.4501 30632.6624 98.0100
v 22590.4501 30632.6624 98.0100
v 22590.4501 30632.6624 98.0100
v 22590.3936 30630.6083 98.0100
v 22590.3936 30630.6083 98.0100
v 22590.3936 30630.6083 98.0100
v 22590.3936 30630.6083 98.0100
v 22585.2755 30630.7487 98.0099
v 22585.2755 30630.7487 98.0099
v 22585.2755 30630.7487 98.0099
v 22585.2755 30630.7487 98.0099
v 22585.2755 30630.7487 98.0099
v 22585.2671 30630.5369 98.0099
v 22585.2671 30630.5369 98.0099
v 22585.2671 30630.5369 98.0099
v 22585.2671 30630.5369 98.0099
v 22585.2671 30630.5369 98.0099
v 22585.2671 30630.5369 98.0099
v 22583.2913 30630.6153 98.0099
v 22583.2913 30630.6153 98.0099
v 22583.2913 30630.6153 98.0099
v 22583.2913 30630.6153 98.0099
v 22583.2913 30630.6153 98.0099
v 22583.2913 30630.6153 98.0099
v 22583.2913 30630.6153 98.0099
v 22583.4671 30635.0326 99.3349
v 22583.4671 30635.0326 99.3349
v 22583.4671 30635.0326 99.3349
v 22583.4671 30635.0326 99.3349
v 22583.4671 30635.0326 99.3349
v 22585.4427 30634.9543 98.0099
v 22585.4427 30634.9543 98.0099
v 22585.4427 30634.9543 98.0099
v 22585.4427 30634.9543 98.0099
v 22585.4427 30634.9543 98.0099
v 22585.4427 30634.9543 98.0099
v 22586.2113 30634.1783 98.0099
v 22586.2113 30634.1783 98.0099
v 22586.2113 30634.1783 98.0099
v 22586.2113 30634.1783 98.0099
v 22586.2113 30634.1783 98.0099
v 22586.2113 30634.1783 98.0099
v 22586.2113 30634.1783 98.0099
v 22586.4640 30637.4607 98.0100
v 22586.4640 30637.4607 98.0100
v 22586.4640 30637.4607 98.0100
v 22586.4640 30637.4607 98.0100
v 22586.4640 30637.4607 98.0100
v 22586.4640 30637.4607 98.0100
v 22593.7125 30638.0940 98.0100
v 22593.7125 30638.0940 98.0100
v 22593.7125 30638.0940 98.0100
v 22593.7125 30638.0940 98.0100
v 22593.7125 30638.0940 98.0100
v 22593.7125 30638.0940 98.0100
v 22593.7125 30638.0940 98.0100
v 22593.7125 30638.0940 98.0100
v 22593.4656 30630.0897 98.0100
v 22593.4656 30630.0897 98.0100
v 22593.4656 30630.0897 98.0100
v 22593.4656 30630.0897 98.0100
v 22593.4656 30630.0897 98.0100
v 22593.4656 30630.0897 98.0100
v 22593.4656 30630.0897 98.0100
v 22593.4656 30630.0897 98.0100
v 22593.4656 30630.0897 98.0100
v 22593.4656 30630.0897 98.0100
v 22593.4656 30630.0897 98.0100
v 22593.4656 30630.0897 98.0100
v 22593.4656 30630.0897 98.0100
v 22583.2817 30630.3720 98.0099
v 22583.2817 30630.3720 98.0099
v 22583.2817 30630.3720 98.0099
v 22583.2317 30630.3734 100.1599
v 22583.2317 30630.3734 100.1599
v 22583.2317 30630.3734 100.1599
v 22583.2317 30630.3734 100.1599
v 22583.2317 30630.3734 100.1599
v 22594.3279 30630.0658 100.1600
v 22594.3279 30630.0658 100.1600
v 22594.3279 30630.0658 100.1600
v 22594.3279 30630.0658 100.1600
v 22594.3279 30630.0658 100.1600
v 22583.2088 30629.5358 100.1599
v 22583.2088 30629.5358 100.1599
v 22583.2088 30629.5358 100.1599
v 22583.2088 30629.5358 100.1599
v 22594.3047 30629.2288 100.1600
v 22594.3047 30629.2288 100.1600
v 22594.3047 30629.2288 100.1600
v 22594.3047 30629.2288 100.1600
v 22594.3047 30629.2288 100.1600
v 22594.3047 30629.2288 100.1600
v 22594.3047 30629.2288 100.1600
v 22594.3047 30629.2288 100.1600
v 22594.3047 30629.2288 100.1600
v 22594.2538 30629.2302 98.0100
v 22594.2538 30629.2302 98.0100
v 22594.2538 30629.2302 98.0100
v 22594.2538 30629.2302 98.0100
v 22594.2544 30629.2304 21.6000
v 22594.2544 30629.2304 21.6000
v 22594.2544 30629.2304 21.6000
v 22594.2544 30629.2304 21.6000
v 22594.2544 30629.2304 21.6000
v 22594.3118 30629.4683 29.8500
v 22594.3118 30629.4683 29.8500
v 22594.3118 30629.4683 29.8500
v 22594.3118 30629.4683 29.8500
v 22594.3119 30629.4684 21.6000
v 22594.3119 30629.4684 21.6000
v 22594.3119 30629.4684 21.6000
v 22594.3119 30629.4684 21.6000
v 22594.3119 30629.4684 21.6000
v 22596.0056 30629.3478 21.6000
v 22596.0056 30629.3478 21.6000
v 22596.0056 30629.3478 21.6000
v 22596.0056 30629.3478 21.6000
v 22596.0056 30629.3478 21.6000
v 22594.3053 30629.2290 21.6000
v 22594.3053 30629.2290 21.6000
v 22594.3053 30629.2290 21.6000
v 22594.3053 30629.2290 21.6000
v 22594.3053 30629.2290 21.6000
v 22594.3053 30629.2290 21.6000
v 22594.2028 30627.6735 21.6000
v 22594.2028 30627.6735 21.6000
v 22594.2028 30627.6735 21.6000
v 22594.2028 30627.6735 21.6000
v 22594.2028 30627.6735 21.6000
v 22594.0929 30624.3725 98.0100
v 22594.0929 30624.3725 98.0100
v 22594.0929 30624.3725 98.0100
v 22594.0929 30624.3725 98.0100
v 22594.0929 30624.3725 98.0100
v 22594.0929 30624.3725 98.0100
v 22594.0929 30624.3725 98.0100
v 22583.2088 30629.5358 98.0099
v 22583.2088 30629.5358 98.0099
v 22583.2088 30629.5358 98.0099
v 22583.2088 30629.5358 98.0099
v 22583.2088 30629.5358 98.0099
v 22583.2088 30629.5358 98.0099
v 22583.2088 30629.5358 98.0099
v 22583.2088 30629.5358 98.0099
v 22583.2318 30630.3734 98.0099
v 22583.2318 30630.3734 98.0099
v 22583.2318 30630.3734 98.0099
v 22583.2318 30630.3734 98.0099
v 22583.2318 30630.3734 98.0099
v 22583.2318 30630.3734 98.0099
v 22583.2318 30630.3734 98.0099
v 22583.4671 30635.0326 98.0099
v 22583.4671 30635.0326 98.0099
v 22583.4671 30635.0326 98.0099
v 22583.4671 30635.0326 98.0099
v 22583.4671 30635.0326 98.0099
v 22583.4671 30635.0326 98.0099
v 22585.5835 30638.4939 98.0100
v 22585.5835 30638.4939 98.0100
v 22585.5835 30638.4939 98.0100
v 22585.5835 30638.4939 98.0100
v 22585.5835 30638.4939 98.0100
v 22585.5835 30638.4939 98.0100
v 22585.5835 30638.4939 98.0100
v 22586.6448 30638.4417 92.6800
v 22586.6448 30638.4417 92.6800
v 22586.6448 30638.4417 92.6800
v 22586.6448 30638.4417 92.6800
v 22586.6448 30638.4417 92.6800
v 22586.6448 30638.4417 92.6800
v 22586.6448 30638.4417 92.6800
v 22586.6448 30638.4417 92.6800
v 22586.6448 30638.4417 92.6800
v 22586.6448 30638.4417 92.6800
v 22586.6448 30638.4417 92.6800
v 22586.6448 30638.4417 92.6800
v 22583.0334 30638.6194 92.6799
v 22583.0334 30638.6194 92.6799
v 22583.0334 30638.6194 92.6799
v 22583.0334 30638.6194 92.6799
v 22583.0334 30638.6194 92.6799
v 22583.0313 30638.5648 92.6799
v 22583.0313 30638.5648 92.6799
v 22583.0313 30638.5648 92.6799
v 22583.0313 30638.5648 92.6799
v 22583.0313 30638.5648 92.6799
v 22583.0313 30638.5648 92.6799
v 22583.0313 30638.5648 92.6799
v 22582.8309 30633.2877 88.4349
v 22582.8309 30633.2877 88.4349
v 22582.8309 30633.2877 88.4349
v 22582.8309 30633.2877 88.4349
v 22582.8309 30633.2877 88.4349
v 22582.8309 30633.2877 88.4349
v 22582.8309 30633.2877 88.4349
v 22582.8309 30633.2877 88.4349
v 22582.8309 30633.2876 92.1349
v 22582.8309 30633.2876 92.1349
v 22582.8309 30633.2876 92.1349
v 22582.8309 30633.2876 92.1349
v 22582.8309 30633.2876 92.1349
v 22582.7525 30631.2251 92.1349
v 22582.7525 30631.2251 92.1349
v 22582.7525 30631.2251 92.1349
v 22582.7525 30631.2251 92.1349
v 22582.7525 30631.2251 92.1349
v 22582.7525 30631.2251 92.1349
v 22582.7525 30631.2251 88.4349
v 22582.7525 30631.2251 88.4349
v 22582.7525 30631.2251 88.4349
v 22582.5703 30626.4276 88.4349
v 22582.5703 30626.4276 88.4349
v 22582.5703 30626.4276 88.4349
v 22582.5703 30626.4276 88.4349
v 22582.5703 30626.4276 88.4349
v 22582.5703 30626.4276 88.4349
v 22582.5703 30626.4276 88.4349
v 22582.5703 30626.4276 88.4349
v 22582.5703 30626.4276 88.4349
v 22582.5703 30626.4276 88.4349
v 22582.5703 30626.4276 88.4349
v 22582.5703 30626.4276 88.4349
v 22582.5703 30626.4276 88.4349
v 22582.5703 30626.4276 88.4349
v 22582.5703 30626.4276 88.4349
v 22582.5703 30626.4276 88.4349
v 22582.5703 30626.4276 88.4349
v 22582.5703 30626.4276 88.4349
v 22582.5703 30626.4276 88.4349
v 22582.5703 30626.4276 88.4349
v 22582.5703 30626.4276 88.4349
v 22525.2272 30628.6946 88.4349
v 22525.2272 30628.6946 88.4349
v 22525.2272 30628.6946 88.4349
v 22525.2272 30628.6946 88.4349
v 22525.2272 30628.6946 91.8699
v 22525.2272 30628.6946 91.8699
v 22525.2272 30628.6946 91.8699
v 22525.2272 30628.6946 91.8699
v 22525.2272 30628.6946 91.8699
v 22524.9537 30631.8896 91.8699
v 22524.9537 30631.8896 91.8699
v 22524.9537 30631.8896 91.8699
v 22524.9537 30631.8896 91.8699
v 22524.9537 30631.8896 91.8699
v 22524.8738 30628.7086 91.8699
v 22524.8738 30628.7086 91.8699
v 22524.8738 30628.7086 91.8699
v 22524.8738 30628.7086 91.8699
v 22524.8738 30628.7086 91.8699
v 22525.3013 30631.8783 91.8699
v 22525.3013 30631.8783 91.8699
v 22525.3013 30631.8783 91.8699
v 22525.3013 30631.8783 91.8699
v 22525.3013 30631.8783 91.8699
v 22525.3013 30631.8783 91.8699
v 22525.3013 30631.8783 88.4349
v 22525.3013 30631.8783 88.4349
v 22525.3013 30631.8783 88.4349
v 22525.3013 30631.8783 88.4349
v 22525.3013 30631.8783 88.4349
v 22525.6688 30631.8664 88.4349
v 22525.6688 30631.8664 88.4349
v 22525.6688 30631.8664 88.4349
v 22525.6688 30631.8664 88.4349
v 22525.6688 30631.8664 88.4349
v 22525.6688 30631.8664 88.4349
v 22525.9760 30641.3492 97.9499
v 22525.9760 30641.3492 97.9499
v 22525.9760 30641.3492 97.9499
v 22525.9760 30641.3492 97.9499
v 22525.9760 30641.3492 97.9499
v 22525.9760 30641.3492 97.9499
v 22525.9760 30641.3492 97.9499
v 22525.9760 30641.3492 97.9499
v 22525.9760 30641.3492 97.9499
v 22517.1482 30641.6360 97.9499
v 22517.1482 30641.6360 97.9499
v 22517.1482 30641.6360 97.9499
v 22517.1482 30641.6360 97.9499
v 22517.1482 30641.6360 97.9499
v 22524.4205 30636.5977 97.9499
v 22524.4205 30636.5977 97.9499
v 22524.4205 30636.5977 97.9499
v 22524.4205 30636.5977 97.9499
v 22524.4205 30636.5977 97.9499
v 22524.4205 30636.5977 97.9499
v 22524.4205 30636.5977 97.9499
v 22524.3630 30635.2869 97.9499
v 22524.3630 30635.2869 97.9499
v 22524.3630 30635.2869 97.9499
v 22524.3630 30635.2869 97.9499
v 22521.4588 30635.4493 97.9499
v 22521.4588 30635.4493 97.9499
v 22521.4588 30635.4493 97.9499
v 22521.4588 30635.4493 97.9499
v 22521.4588 30635.4493 97.9499
v 22521.4588 30635.4493 98.9149
v 22521.4588 30635.4493 98.9149
v 22521.4588 30635.4493 98.9149
v 22521.4588 30635.4493 98.9149
v 22521.4588 30635.4493 98.9149
v 22521.4588 30635.4493 98.9149
v 22521.4391 30634.8863 99.3199
v 22521.4391 30634.8863 99.3199
v 22521.4391 30634.8863 99.3199
v 22521.4391 30634.8863 99.3199
v 22519.4527 30634.9555 99.3199
v 22519.4527 30634.9555 99.3199
v 22519.4527 30634.9555 99.3199
v 22519.4527 30634.9555 99.3199
v 22519.4527 30634.9555 99.3199
v 22519.5365 30637.3357 99.3199
v 22519.5365 30637.3357 99.3199
v 22519.5365 30637.3357 99.3199
v 22519.5365 30637.3357 99.3199
v 22519.5365 30637.3357 99.3199
v 22519.5365 30637.3357 97.9499
v 22519.5365 30637.3357 97.9499
v 22519.5365 30637.3357 97.9499
v 22519.5365 30637.3357 97.9499
v 22519.5365 30637.3357 97.9499
v 22519.1590 30637.4423 97.9499
v 22519.1590 30637.4423 97.9499
v 22519.1590 30637.4423 97.9499
v 22519.1590 30637.4423 97.9499
v 22519.1590 30637.4423 97.9499
v 22519.1590 30637.4423 97.9499
v 22519.1590 30637.4423 97.9499
v 22519.1590 30637.4423 97.9499
v 22519.0872 30635.4407 99.3149
v 22519.0872 30635.4407 99.3149
v 22519.0872 30635.4407 99.3149
v 22519.0872 30635.4407 99.3149
v 22516.7211 30635.5254 99.3149
v 22516.7211 30635.5254 99.3149
v 22516.7211 30635.5254 99.3149
v 22516.7211 30635.5254 99.3149
v 22516.7211 30635.5254 99.3149
v 22516.7211 30635.5254 99.3149
v 22516.7927 30637.5270 99.3149
v 22516.7927 30637.5270 99.3149
v 22516.7927 30637.5270 99.3149
v 22516.7927 30637.5270 99.3149
v 22517.3148 30637.5083 98.8849
v 22517.3148 30637.5083 98.8849
v 22517.3148 30637.5083 98.8849
v 22517.3148 30637.5083 98.8849
v 22517.3148 30637.5083 98.8849
v 22517.3148 30637.5083 98.8849
v 22517.3148 30637.5083 98.8849
v 22517.3148 30637.5083 97.9499
v 22517.3148 30637.5083 97.9499
v 22517.3148 30637.5083 97.9499
v 22517.3421 30638.2006 97.9499
v 22517.3421 30638.2006 97.9499
v 22517.3421 30638.2006 97.9499
v 22517.3421 30638.2006 97.9499
v 22517.3421 30638.2006 97.9499
v 22517.3421 30638.2006 97.9499
v 22513.6890 30638.3460 98.8849
v 22513.6890 30638.3460 98.8849
v 22513.6890 30638.3460 98.8849
v 22513.6890 30638.3460 98.8849
v 22513.7775 30640.5655 98.8849
v 22513.7775 30640.5655 98.8849
v 22513.7775 30640.5655 98.8849
v 22513.7775 30640.5655 98.8849
v 22513.7775 30640.5655 98.8849
v 22513.7775 30640.5655 97.9499
v 22513.7775 30640.5655 97.9499
v 22513.7775 30640.5655 97.9499
v 22513.7775 30640.5655 97.9499
v 22513.7775 30640.5655 97.9499
v 22513.7775 30640.5655 97.9499
v 22513.7775 30640.5655 97.9499
v 22517.1891 30642.8918 97.9499
v 22517.1891 30642.8918 97.9499
v 22517.1891 30642.8918 97.9499
v 22517.1891 30642.8918 97.9499
v 22517.1891 30642.8918 97.9499
v 22517.1891 30642.8918 97.9499
v 22517.1891 30642.8918 97.9499
v 22513.1806 30643.0216 92.2150
v 22513.1806 30643.0216 92.2150
v 22513.1806 30643.0216 92.2150
v 22513.1806 30643.0216 92.2150
v 22513.1806 30643.0216 92.2150
v 22513.1806 30643.0216 92.2150
v 22513.1806 30643.0216 92.2150
v 22513.1806 30643.0216 92.2150
v 22509.2884 30645.1381 92.2150
v 22509.2884 30645.1381 92.2150
v 22509.2884 30645.1381 92.2150
v 22509.2884 30645.1381 92.2150
v 22509.2884 30645.1381 92.2150
v 22509.1833 30643.2618 92.2150
v 22509.1833 30643.2618 92.2150
v 22509.1833 30643.2618 92.2150
v 22509.1833 30643.2618 92.2150
v 22513.1806 30643.0216 88.4350
v 22513.1806 30643.0216 88.4350
v 22513.1806 30643.0216 88.4350
v 22513.1806 30643.0216 88.4350
v 22509.2872 30643.1476 88.4350
v 22509.2872 30643.1476 88.4350
v 22509.2872 30643.1476 88.4350
v 22509.2872 30643.1476 88.4350
v 22509.2872 30643.1476 88.4350
v 22509.1833 30643.2619 88.4350
v 22509.1833 30643.2619 88.4350
v 22509.1833 30643.2619 88.4350
v 22509.1833 30643.2619 88.4350
v 22509.1833 30643.2619 88.4350
v 22509.1833 30643.2619 88.4350
v 22509.1833 30643.2619 88.4350
v 22509.2883 30645.1381 88.4350
v 22509.2883 30645.1381 88.4350
v 22509.2883 30645.1381 88.4350
v 22509.2883 30645.1381 88.4350
v 22509.2883 30645.1381 88.4350
v 22509.2883 30645.1381 88.4350
v 22509.2883 30645.1381 88.4350
v 22509.2883 30645.1381 88.4350
v 22510.6036 30666.7894 88.4351
v 22510.6036 30666.7894 88.4351
v 22510.6036 30666.7894 88.4351
v 22510.6036 30666.7894 88.4351
v 22510.6036 30666.7894 88.4351
v 22510.6036 30666.7894 88.4351
v 22510.6036 30666.7894 88.4351
v 22510.8251 30666.7808 88.4351
v 22510.8251 30666.7808 88.4351
v 22510.8251 30666.7808 88.4351
v 22510.8251 30666.7808 88.4351
v 22510.8251 30666.7808 88.4351
v 22526.9099 30666.1551 88.4351
v 22526.9099 30666.1551 88.4351
v 22526.9099 30666.1551 88.4351
v 22526.9099 30666.1551 88.4351
v 22526.9099 30666.1551 88.4351
v 22526.9099 30666.1551 88.4351
v 22526.9099 30666.1551 88.4351
v 22528.6217 30671.0744 88.4351
v 22528.6217 30671.0744 88.4351
v 22528.6217 30671.0744 88.4351
v 22528.6217 30671.0744 88.4351
v 22528.6217 30671.0744 88.4351
v 22528.6217 30671.0744 88.4351
v 22528.6217 30671.0744 88.4351
v 22528.7649 30674.6272 88.4351
v 22528.7649 30674.6272 88.4351
v 22528.7649 30674.6272 88.4351
v 22528.7649 30674.6272 88.4351
v 22528.7649 30674.6272 88.4351
v 22528.7649 30674.6272 88.4351
v 22569.0794 30673.6090 92.0351
v 22569.0794 30673.6090 92.0351
v 22569.0794 30673.6090 92.0351
v 22569.0794 30673.6090 92.0351
v 22569.0794 30673.6090 92.0351
v 22569.0794 30673.6090 92.0351
v 22569.0794 30673.6090 92.0351
v 22569.0794 30673.6090 92.0351
v 22569.0316 30673.9103 92.0351
v 22569.0316 30673.9103 92.0351
v 22569.0316 30673.9103 92.0351
v 22569.0316 30673.9103 92.0351
v 22569.0316 30673.9103 92.0351
v 22569.0316 30673.9103 92.0351
v 22581.2693 30679.2812 92.0352
v 22581.2693 30679.2812 92.0352
v 22581.2693 30679.2812 92.0352
v 22581.2693 30679.2812 92.0352
v 22581.2693 30679.2812 92.0352
v 22581.2693 30679.2812 92.0352
v 22581.2693 30679.2812 92.0352
v 22581.2693 30679.2812 92.0352
v 22581.2693 30679.2812 92.0352
v 22581.0685 30680.8014 92.0353
v 22581.0685 30680.8014 92.0353
v 22581.0685 30680.8014 92.0353
v 22581.0685 30680.8014 92.0353
v 22581.0685 30680.8014 92.0353
v 22591.0801 30682.1265 29.8503
v 22591.0801 30682.1265 29.8503
v 22591.0801 30682.1265 29.8503
v 22591.0801 30682.1265 29.8503
v 22591.0801 30682.1265 29.8503
v 22593.6893 30663.1972 29.8502
v 22593.6893 30663.1972 29.8502
v 22593.6893 30663.1972 29.8502
v 22593.6893 30663.1972 29.8502
v 22593.6893 30663.1972 29.8502
v 22593.6893 30663.1972 29.8502
v 22593.7130 30638.0942 29.8500
v 22593.7130 30638.0942 29.8500
v 22593.7130 30638.0942 29.8500
v 22593.7130 30638.0942 29.8500
v 22593.7130 30638.0942 29.8500
v 22593.7130 30638.0942 29.8500
v 22593.7130 30638.0942 29.8500
v 22593.7130 30638.0942 29.8500
v 22593.4661 30630.0899 29.8500
v 22593.4661 30630.0899 29.8500
v 22593.4661 30630.0899 29.8500
v 22594.3284 30630.0660 29.8500
v 22594.3284 30630.0660 29.8500
v 22594.3284 30630.0660 29.8500
v 22594.3284 30630.0660 29.8500
v 22594.3284 30630.0660 29.8500
v 22594.3284 30630.0660 29.8500
v 22594.3284 30630.0660 29.8500
v 22594.3284 30630.0660 29.8500
v 22596.0055 30629.3478 29.8500
v 22596.0055 30629.3478 29.8500
v 22596.0055 30629.3478 29.8500
v 22596.0055 30629.3478 29.8500
v 22596.0055 30629.3478 29.8500
v 22596.0055 30629.3478 29.8500
v 22596.0055 30629.3478 29.8500
v 22596.8183 30641.3754 21.6001
v 22596.8183 30641.3754 21.6001
v 22596.8183 30641.3754 21.6001
v 22596.8183 30641.3754 21.6001
v 22596.8183 30641.3754 21.6001
v 22596.8183 30641.3754 29.8501
v 22596.8183 30641.3754 29.8501
v 22596.8183 30641.3754 29.8501
v 22596.8183 30641.3754 29.8501
v 22596.8183 30641.3754 29.8501
v 22596.8183 30641.3754 29.8501
v 22596.8183 30641.3754 29.8501
v 22608.0986 30642.8991 21.6002
v 22608.0986 30642.8991 21.6002
v 22608.0986 30642.8991 21.6002
v 22608.0986 30642.8991 21.6002
v 22608.0986 30642.8991 21.6002
v 22608.0986 30642.8991 21.6002
v 22608.0985 30642.8991 29.8502
v 22608.0985 30642.8991 29.8502
v 22608.0985 30642.8991 29.8502
v 22608.0985 30642.8991 29.8502
v 22599.3404 30655.0288 29.8501
v 22599.3404 30655.0288 29.8501
v 22599.3404 30655.0288 29.8501
v 22599.3404 30655.0288 29.8501
v 22599.3404 30655.0288 29.8501
v 22599.3404 30655.0288 29.8501
v 22599.9344 30655.1133 29.8502
v 22599.9344 30655.1133 29.8502
v 22599.9344 30655.1133 29.8502
v 22599.9344 30655.1133 29.8502
v 22599.9344 30655.1133 29.8502
v 22601.7050 30642.6653 29.8501
v 22601.7050 30642.6653 29.8501
v 22601.7050 30642.6653 29.8501
v 22601.7050 30642.6653 29.8501
v 22601.7050 30642.6653 29.8501
v 22611.4212 30643.9401 31.5902
v 22611.4212 30643.9401 31.5902
v 22611.4212 30643.9401 31.5902
v 22611.4212 30643.9401 31.5902
v 22611.4212 30643.9401 31.5902
v 22611.4212 30643.9401 31.5902
v 22611.4212 30643.9401 31.5902
v 22611.4212 30643.9401 31.5902
v 22611.1631 30643.9063 29.8502
v 22611.1631 30643.9063 29.8502
v 22611.1631 30643.9063 29.8502
v 22611.1631 30643.9063 29.8502
v 22611.1632 30643.9063 21.6002
v 22611.1632 30643.9063 21.6002
v 22611.1632 30643.9063 21.6002
v 22611.1632 30643.9063 21.6002
v 22611.1632 30643.9063 21.6002
v 22611.4213 30643.9402 21.6002
v 22611.4213 30643.9402 21.6002
v 22611.4213 30643.9402 21.6002
v 22611.4213 30643.9402 21.6002
v 22611.4213 30643.9402 21.6002
v 22607.2131 30675.3041 21.6004
v 22607.2131 30675.3041 21.6004
v 22607.2131 30675.3041 21.6004
v 22607.2131 30675.3041 21.6004
v 22601.7499 30716.0214 31.5909
v 22601.7499 30716.0214 31.5909
v 22601.7499 30716.0214 31.5909
v 22601.7499 30716.0214 31.5909
v 22601.7499 30716.0214 31.5909
v 22601.7499 30716.0214 31.5909
v 22601.7499 30716.0214 31.5909
v 22601.7499 30716.0214 31.5909
v 22601.7499 30716.0214 31.5909
v 22601.7499 30716.0214 31.5909
v 22592.3882 30707.5161 31.5907
v 22592.3882 30707.5161 31.5907
v 22592.3882 30707.5161 31.5907
v 22592.3882 30707.5161 31.5907
v 22592.3882 30707.5161 31.5907
v 22592.9831 30707.5941 31.5907
v 22592.9831 30707.5941 31.5907
v 22592.9831 30707.5941 31.5907
v 22592.9831 30707.5941 31.5907
v 22592.0306 30714.8581 31.5908
v 22592.0306 30714.8581 31.5908
v 22592.0306 30714.8581 31.5908
v 22592.0306 30714.8581 31.5908
v 22592.0306 30714.8581 31.5908
v 22592.0306 30714.8581 31.5908
v 22592.0306 30714.8581 29.8508
v 22592.0306 30714.8581 29.8508
v 22592.0306 30714.8581 29.8508
v 22592.0306 30714.8581 29.8508
v 22592.0306 30714.8581 29.8508
v 22592.9831 30707.5941 29.8507
v 22592.9831 30707.5941 29.8507
v 22592.9831 30707.5941 29.8507
v 22592.9831 30707.5941 29.8507
v 22592.9831 30707.5941 29.8507
v 22592.9831 30707.5941 29.8507
v 22593.5738 30663.2845 29.8502
v 22593.5738 30663.2845 29.8502
v 22593.5738 30663.2845 29.8502
v 22593.5738 30663.2845 29.8502
v 22593.5738 30663.2845 29.8502
v 22593.5738 30663.2845 29.8502
v 22593.5738 30663.2845 29.8502
v 22593.5738 30663.2845 29.8502
v 22592.3882 30707.5161 29.8507
v 22592.3882 30707.5161 29.8507
v 22592.3882 30707.5161 29.8507
v 22592.3882 30707.5161 29.8507
v 22592.3882 30707.5161 29.8507
v 22591.3568 30715.3817 31.5908
v 22591.3568 30715.3817 31.5908
v 22591.3568 30715.3817 31.5908
v 22591.3568 30715.3817 31.5908
v 22591.3568 30715.3817 31.5908
v 22591.3568 30715.3817 31.5908
v 22602.2659 30716.6875 31.5909
v 22602.2659 30716.6875 31.5909
v 22602.2659 30716.6875 31.5909
v 22602.2659 30716.6875 31.5909
v 22602.2659 30716.6875 31.5909
v 22602.2659 30716.6875 31.5909
v 22602.2659 30716.6875 31.5909
v 22602.2659 30716.6875 31.5909
v 22612.0959 30643.4235 31.5902
v 22612.0959 30643.4235 31.5902
v 22612.0959 30643.4235 31.5902
v 22612.0959 30643.4235 31.5902
v 22612.0959 30643.4235 31.5902
v 22612.0959 30643.4235 31.5902
v 22612.0959 30643.4235 31.5902
v 22612.0959 30643.4235 31.5902
v 22612.0959 30643.4235 31.5902
v 22612.0959 30643.4235 31.5902
v 22611.8034 30643.3852 21.6002
v 22611.8034 30643.3852 21.6002
v 22611.8034 30643.3852 21.6002
v 22611.8034 30643.3852 21.6002
v 22611.8034 30643.3852 21.6002
v 22613.6876 30630.1468 21.6002
v 22613.6876 30630.1468 21.6002
v 22613.6876 30630.1468 21.6002
v 22613.6876 30630.1468 21.6002
v 22613.6876 30630.1468 21.6002
v 22613.6876 30630.1468 21.6002
v 22613.6876 30630.1468 21.6002
v 22613.6876 30630.1468 21.6002
v 22594.2029 30627.6736 11.4550
v 22594.2029 30627.6736 11.4550
v 22594.2029 30627.6736 11.4550
v 22594.2029 30627.6736 11.4550
v 22594.2029 30627.6736 11.4550
v 22594.2029 30627.6736 11.4550
v 22594.0935 30624.3727 11.4550
v 22594.0935 30624.3727 11.4550
v 22594.0935 30624.3727 11.4550
v 22594.0935 30624.3727 11.4550
v 22594.0935 30624.3727 11.4550
v 22598.6928 30620.3664 11.4550
v 22598.6928 30620.3664 11.4550
v 22598.6928 30620.3664 11.4550
v 22598.6928 30620.3664 11.4550
v 22598.6928 30620.3664 11.4550
v 22598.6928 30620.3664 11.4550
v 22598.6928 30620.3664 11.4550
v 22598.6928 30620.3664 11.4550
v 22598.6928 30620.3664 11.4550
v 22598.6928 30620.3664 11.4550
v 22598.6928 30620.3664 11.4550
v 22578.6895 30621.0727 6.2333
v 22578.6895 30621.0727 6.2333
v 22578.6895 30621.0727 6.2333
v 22578.6895 30621.0727 6.2333
v 22578.6895 30621.0727 6.2333
v 22578.6895 30621.0727 10.3247
v 22578.6895 30621.0727 10.3247
v 22578.6895 30621.0727 10.3247
v 22578.6895 30621.0727 10.3247
v 22578.6895 30621.0727 10.3247
v 22578.5673 30618.3601 6.5622
v 22578.5673 30618.3601 6.5622
v 22578.5673 30618.3601 6.5622
v 22578.5673 30618.3601 6.5622
v 22578.5673 30618.3601 6.5622
v 22578.5673 30618.3601 6.5622
v 22572.5894 30618.6307 10.1543
v 22572.5894 30618.6307 10.1543
v 22572.5894 30618.6307 10.1543
v 22572.5894 30618.6307 10.1543
v 22572.5894 30618.6307 10.1543
v 22572.5894 30618.6307 10.1543
v 22573.6940 30618.5807 6.5731
v 22573.6940 30618.5807 6.5731
v 22573.6940 30618.5807 6.5731
v 22573.6940 30618.5807 6.5731
v 22573.6940 30618.5807 6.5731
v 22578.5672 30618.3601 10.1540
v 22578.5672 30618.3601 10.1540
v 22578.5672 30618.3601 10.1540
v 22578.5672 30618.3601 10.1540
v 22578.5672 30618.3601 10.1540
v 22578.5672 30618.3601 10.1540
v 22578.3480 30621.0848 10.3245
v 22578.3480 30621.0848 10.3245
v 22578.3480 30621.0848 10.3245
v 22578.3480 30621.0848 10.3245
v 22578.3480 30621.0848 10.3245
v 22578.3480 30621.0848 10.3245
v 22578.3480 30621.0848 10.3245
v 22578.3480 30621.0848 11.4549
v 22578.3480 30621.0848 11.4549
v 22578.3480 30621.0848 11.4549
v 22578.3480 30621.0848 11.4549
v 22598.6928 30620.3665 6.1645
v 22598.6928 30620.3665 6.1645
v 22598.6928 30620.3665 6.1645
v 22601.0812 30618.1392 6.4154
v 22601.0812 30618.1392 6.4154
v 22601.0812 30618.1392 6.4154
v 22601.0812 30618.1392 6.4154
v 22601.0812 30618.1392 6.4154
v 22601.0812 30618.1392 6.4154
v 22601.0812 30618.1392 6.4154
v 22572.5034 30592.6570 9.7167
v 22572.5034 30592.6570 9.7167
v 22572.5034 30592.6570 9.7167
v 22572.5034 30592.6570 9.7167
v 22572.5034 30592.6570 9.7167
v 22572.5034 30592.6570 9.7167
v 22572.5034 30592.6570 9.7167
v 22572.5034 30592.6570 9.7167
v 22572.5034 30592.6570 9.7167
v 22523.7804 30573.7583 12.7550
v 22523.7804 30573.7583 12.7550
v 22523.7804 30573.7583 12.7550
v 22523.7804 30573.7583 12.7550
v 22523.7804 30573.7583 12.7550
v 22522.1442 30571.7068 12.7550
v 22522.1442 30571.7068 12.7550
v 22522.1442 30571.7068 12.7550
v 22522.1442 30571.7068 12.7550
v 22522.1442 30571.7068 12.7550
v 22522.1442 30571.7068 12.7550
v 22524.0486 30564.1688 12.7550
v 22524.0486 30564.1688 12.7550
v 22524.0486 30564.1688 12.7550
v 22524.0486 30564.1688 12.7550
v 22524.0486 30564.1688 12.7550
v 22524.0486 30564.1688 12.7550
v 22524.0486 30564.1688 12.7550
v 22520.3742 30563.0899 12.7550
v 22520.3742 30563.0899 12.7550
v 22520.3742 30563.0899 12.7550
v 22520.3742 30563.0899 12.7550
v 22520.3742 30563.0899 12.7550
v 22520.3742 30563.0899 12.7550
v 22520.3742 30563.0899 12.7550
v 22519.7800 30570.5683 12.7550
v 22519.7800 30570.5683 12.7550
v 22519.7800 30570.5683 12.7550
v 22519.7800 30570.5683 12.7550
v 22519.7800 30570.5683 12.7550
v 22517.1559 30570.5684 12.7550
v 22517.1559 30570.5684 12.7550
v 22517.1559 30570.5684 12.7550
v 22517.1559 30570.5684 12.7550
v 22517.1559 30570.5684 12.7550
v 22517.1559 30570.5684 12.7550
v 22516.5459 30563.0898 12.7551
v 22516.5459 30563.0898 12.7551
v 22516.5459 30563.0898 12.7551
v 22516.5459 30563.0898 12.7551
v 22516.5459 30563.0898 12.7551
v 22516.5459 30563.0898 12.7551
v 22516.5459 30563.0898 12.7551
v 22514.7918 30571.7070 12.7550
v 22514.7918 30571.7070 12.7550
v 22514.7918 30571.7070 12.7550
v 22514.7918 30571.7070 12.7550
v 22514.7918 30571.7070 12.7550
v 22513.1558 30573.7586 12.7550
v 22513.1558 30573.7586 12.7550
v 22513.1558 30573.7586 12.7550
v 22513.1558 30573.7586 12.7550
v 22513.1558 30573.7586 12.7550
v 22512.8714 30564.1685 12.7551
v 22512.8714 30564.1685 12.7551
v 22512.8714 30564.1685 12.7551
v 22512.8714 30564.1685 12.7551
v 22512.8714 30564.1685 12.7551
v 22512.8714 30564.1685 12.7551
v 22512.8714 30564.1685 12.7551
v 22512.2689 30561.1360 14.3131
v 22512.2689 30561.1360 14.3131
v 22512.2689 30561.1360 14.3131
v 22512.2689 30561.1360 14.3131
v 22512.2689 30561.1360 14.3131
v 22512.2689 30561.1360 14.3131
v 22512.4233 30564.4566 12.7551
v 22512.4233 30564.4566 12.7551
v 22512.4233 30564.4566 12.7551
v 22512.4233 30564.4566 12.7551
v 22512.4233 30564.4566 12.7551
v 22512.8628 30573.9114 14.0273
v 22512.8628 30573.9114 14.0273
v 22512.8628 30573.9114 14.0273
v 22512.8628 30573.9114 14.0273
v 22512.8628 30573.9114 14.0273
v 22512.8628 30573.9114 12.7550
v 22512.8628 30573.9114 12.7550
v 22512.8628 30573.9114 12.7550
v 22512.8628 30573.9114 12.7550
v 22512.8628 30573.9114 12.7550
v 22512.8879 30574.9324 12.7550
v 22512.8879 30574.9324 12.7550
v 22512.8879 30574.9324 12.7550
v 22512.8879 30574.9324 12.7550
v 22512.8879 30574.9324 12.7550
v 22513.1558 30573.7586 14.0500
v 22513.1558 30573.7586 14.0500
v 22513.1558 30573.7586 14.0500
v 22513.1558 30573.7586 14.0500
v 22513.1558 30573.7586 14.0500
v 22513.1558 30573.7586 14.0500
v 22513.1558 30573.7586 14.0500
v 22514.7918 30571.7070 14.0500
v 22514.7918 30571.7070 14.0500
v 22514.7918 30571.7070 14.0500
v 22514.7918 30571.7070 14.0500
v 22514.7918 30571.7070 14.0500
v 22517.1560 30570.5684 14.0500
v 22517.1560 30570.5684 14.0500
v 22517.1560 30570.5684 14.0500
v 22517.1560 30570.5684 14.0500
v 22517.1560 30570.5684 14.0500
v 22519.7800 30570.5683 14.0500
v 22519.7800 30570.5683 14.0500
v 22519.7800 30570.5683 14.0500
v 22519.7800 30570.5683 14.0500
v 22519.7800 30570.5683 14.0500
v 22522.1442 30571.7068 14.0500
v 22522.1442 30571.7068 14.0500
v 22522.1442 30571.7068 14.0500
v 22522.1442 30571.7068 14.0500
v 22522.1442 30571.7068 14.0500
v 22523.7804 30573.7583 14.0500
v 22523.7804 30573.7583 14.0500
v 22523.7804 30573.7583 14.0500
v 22523.7804 30573.7583 14.0500
v 22523.7804 30573.7583 14.0500
v 22523.7805 30578.8748 14.0499
v 22523.7805 30578.8748 14.0499
v 22523.7805 30578.8748 14.0499
v 22523.7805 30578.8748 14.0499
v 22523.7805 30578.8748 14.0499
v 22524.3643 30576.3165 14.0499
v 22524.3643 30576.3165 14.0499
v 22524.3643 30576.3165 14.0499
v 22524.3643 30576.3165 14.0499
v 22524.3643 30576.3165 14.0499
v 22523.7805 30578.8748 12.7549
v 22523.7805 30578.8748 12.7549
v 22523.7805 30578.8748 12.7549
v 22523.7805 30578.8748 12.7549
v 22523.7805 30578.8748 12.7549
v 22524.3643 30576.3165 12.7549
v 22524.3643 30576.3165 12.7549
v 22524.3643 30576.3165 12.7549
v 22524.3643 30576.3165 12.7549
v 22524.3643 30576.3165 12.7549
v 22524.3643 30576.3165 12.7549
v 22524.3643 30576.3165 12.7549
v 22524.3643 30576.3165 12.7549
v 22527.2700 30566.2387 12.7550
v 22527.2700 30566.2387 12.7550
v 22527.2700 30566.2387 12.7550
v 22527.2700 30566.2387 12.7550
v 22527.2700 30566.2387 12.7550
v 22527.2700 30566.2387 12.7550
v 22532.8274 30585.4638 12.7549
v 22532.8274 30585.4638 12.7549
v 22532.8274 30585.4638 12.7549
v 22532.8274 30585.4638 12.7549
v 22532.8274 30585.4638 12.7549
v 22532.8274 30585.4638 12.7549
v 22532.8274 30585.4638 12.7549
v 22532.8274 30585.4638 12.7549
v 22532.8274 30585.4638 12.7549
v 22532.8274 30585.4638 12.7549
v 22529.7777 30569.1325 12.7550
v 22529.7777 30569.1325 12.7550
v 22529.7777 30569.1325 12.7550
v 22529.7777 30569.1325 12.7550
v 22529.7777 30569.1325 12.7550
v 22531.3674 30572.6154 12.7549
v 22531.3674 30572.6154 12.7549
v 22531.3674 30572.6154 12.7549
v 22531.3674 30572.6154 12.7549
v 22531.3674 30572.6154 12.7549
v 22531.9128 30576.4052 12.7549
v 22531.9128 30576.4052 12.7549
v 22531.9128 30576.4052 12.7549
v 22531.9128 30576.4052 12.7549
v 22558.4943 30587.3642 11.4020
v 22558.4943 30587.3642 11.4020
v 22558.4943 30587.3642 11.4020
v 22558.4943 30587.3642 11.4020
v 22558.4655 30587.3678 11.4199
v 22558.4655 30587.3678 11.4199
v 22558.4655 30587.3678 11.4199
v 22558.4655 30587.3678 11.4199
v 22558.4655 30587.3678 11.4199
v 22558.4653 30587.3653 11.4199
v 22558.4653 30587.3653 11.4199
v 22558.4653 30587.3653 11.4199
v 22558.4653 30587.3653 11.4199
v 22558.4653 30587.3653 11.4199
v 22558.4653 30587.3653 11.4199
v 22558.4653 30587.3653 11.4199
v 22558.4653 30587.3653 11.4199
v 22558.4653 30587.3653 11.4199
v 22533.8373 30570.9428 25.4449
v 22533.8373 30570.9428 25.4449
v 22533.8373 30570.9428 25.4449
v 22533.8373 30570.9428 25.4449
v 22534.5052 30588.2903 25.4449
v 22534.5052 30588.2903 25.4449
v 22534.5052 30588.2903 25.4449
v 22534.5052 30588.2903 25.4449
v 22534.5052 30588.2903 25.4449
v 22534.5052 30588.2903 25.4449
v 22534.5052 30588.2903 25.4449
v 22533.8373 30570.9427 16.5899
v 22533.8373 30570.9427 16.5899
v 22533.8373 30570.9427 16.5899
v 22533.8373 30570.9427 16.5899
v 22533.8373 30570.9427 16.5899
v 22533.8373 30570.9427 16.5899
v 22533.8373 30570.9427 16.5899
v 22534.5052 30588.2903 16.5899
v 22534.5052 30588.2903 16.5899
v 22534.5052 30588.2903 16.5899
v 22534.5052 30588.2903 16.5899
v 22534.5052 30588.2903 16.5899
v 22534.5052 30588.2903 16.5899
v 22533.5380 30569.4810 16.5900
v 22533.5380 30569.4810 16.5900
v 22533.5380 30569.4810 16.5900
v 22533.5380 30569.4810 16.5900
v 22533.5380 30569.4810 16.5900
v 22533.5380 30569.4810 16.5900
v 22533.5380 30569.4810 16.5900
v 22534.2986 30589.2495 16.5898
v 22534.2986 30589.2495 16.5898
v 22534.2986 30589.2495 16.5898
v 22534.2986 30589.2495 16.5898
v 22534.2986 30589.2495 16.5898
v 22534.2986 30589.2495 16.5898
v 22550.5719 30588.6226 16.5898
v 22550.5719 30588.6226 16.5898
v 22550.5719 30588.6226 16.5898
v 22550.5719 30588.6226 16.5898
v 22550.5719 30588.6226 16.5898
v 22550.5353 30587.6731 16.5898
v 22550.5353 30587.6731 16.5898
v 22550.5353 30587.6731 16.5898
v 22550.5353 30587.6731 16.5898
v 22550.5353 30587.6731 16.5898
v 22550.5353 30587.6731 11.4198
v 22550.5353 30587.6731 11.4198
v 22550.5353 30587.6731 11.4198
v 22550.5353 30587.6731 11.4198
v 22551.4345 30587.6385 11.4198
v 22551.4345 30587.6385 11.4198
v 22551.4345 30587.6385 11.4198
v 22551.4345 30587.6385 11.4198
v 22551.4345 30587.6385 11.4198
v 22551.4345 30587.6385 18.9448
v 22551.4345 30587.6385 18.9448
v 22551.4345 30587.6385 18.9448
v 22551.4345 30587.6385 18.9448
v 22551.4345 30587.6385 18.9448
v 22551.4345 30587.6385 18.9448
v 22551.4345 30587.6385 18.9448
v 22551.4345 30587.6385 18.9448
v 22551.4345 30587.6385 18.9448
v 22551.4521 30588.9734 18.9448
v 22551.4521 30588.9734 18.9448
v 22551.4521 30588.9734 18.9448
v 22553.4878 30588.9464 18.9448
v 22553.4878 30588.9464 18.9448
v 22553.4878 30588.9464 18.9448
v 22553.4878 30588.9464 18.9448
v 22553.4878 30588.9464 18.9448
v 22553.4698 30587.5845 18.9448
v 22553.4698 30587.5845 18.9448
v 22553.4698 30587.5845 18.9448
v 22553.4698 30587.5845 18.9448
v 22553.4698 30587.5845 18.9448
v 22553.4878 30588.9464 11.4198
v 22553.4878 30588.9464 11.4198
v 22553.4878 30588.9464 11.4198
v 22553.4878 30588.9464 11.4198
v 22553.4878 30588.9464 11.4198
v 22553.4878 30588.9464 11.4198
v 22553.4698 30587.5845 11.4198
v 22553.4698 30587.5845 11.4198
v 22553.4698 30587.5845 11.4198
v 22553.4698 30587.5845 11.4198
v 22553.4698 30587.5845 11.4198
v 22553.4698 30587.5845 11.4198
v 22552.6214 30587.5815 16.5548
v 22552.6214 30587.5815 16.5548
v 22552.6214 30587.5815 16.5548
v 22552.6214 30587.5815 16.5548
v 22552.6214 30587.5815 16.5548
v 22552.6214 30587.5815 11.4198
v 22552.6214 30587.5815 11.4198
v 22552.6214 30587.5815 11.4198
v 22552.6214 30587.5815 11.4198
v 22552.6214 30587.5815 11.4198
v 22552.6214 30587.5815 11.4198
v 22552.5064 30587.5972 11.4198
v 22552.5064 30587.5972 11.4198
v 22552.5064 30587.5972 11.4198
v 22552.5064 30587.5972 11.4198
v 22552.5033 30587.5973 11.4198
v 22552.5033 30587.5973 11.4198
v 22552.5033 30587.5973 11.4198
v 22552.5033 30587.5973 11.4198
v 22552.5033 30587.5973 11.4198
v 22552.5033 30587.5974 18.9448
v 22552.5033 30587.5974 18.9448
v 22552.5033 30587.5974 18.9448
v 22552.5033 30587.5974 18.9448
v 22552.5033 30587.5974 18.9448
v 22552.5033 30587.5974 18.9448
v 22552.5033 30587.5974 18.9448
v 22552.5033 30587.5974 18.9448
v 22552.5033 30587.5974 25.4448
v 22552.5033 30587.5974 25.4448
v 22552.5033 30587.5974 25.4448
v 22552.5033 30587.5974 25.4448
v 22551.8361 30570.2498 25.4449
v 22551.8361 30570.2498 25.4449
v 22551.8361 30570.2498 25.4449
v 22551.8361 30570.2498 25.4449
v 22551.8361 30570.2498 25.4449
v 22543.8325 30570.5579 16.5899
v 22543.8325 30570.5579 16.5899
v 22543.8325 30570.5579 16.5899
v 22543.8325 30570.5579 16.5899
v 22543.8325 30570.5579 16.5899
v 22543.8325 30570.5579 16.5899
v 22543.7758 30569.0869 16.5899
v 22543.7758 30569.0869 16.5899
v 22543.7758 30569.0869 16.5899
v 22543.7758 30569.0869 16.5899
v 22543.7758 30569.0869 16.5899
v 22543.7758 30569.0869 16.5899
v 22536.8744 30569.3526 14.2899
v 22536.8744 30569.3526 14.2899
v 22536.8744 30569.3526 14.2899
v 22536.8744 30569.3526 14.2899
v 22536.8744 30569.3526 14.2899
v 22536.8744 30569.3526 14.2899
v 22536.8744 30569.3526 14.2899
v 22543.7758 30569.0868 14.2899
v 22543.7758 30569.0868 14.2899
v 22543.7758 30569.0868 14.2899
v 22543.7758 30569.0868 14.2899
v 22543.6187 30565.0096 14.2900
v 22543.6187 30565.0096 14.2900
v 22543.6187 30565.0096 14.2900
v 22543.6187 30565.0096 14.2900
v 22543.6187 30565.0096 14.2900
v 22543.6187 30565.0096 14.2900
v 22536.7173 30565.2752 14.2900
v 22536.7173 30565.2752 14.2900
v 22536.7173 30565.2752 14.2900
v 22536.7173 30565.2752 14.2900
v 22536.7173 30565.2752 14.2900
v 22536.7173 30565.2752 14.2900
v 22536.8744 30569.3525 12.8399
v 22536.8744 30569.3525 12.8399
v 22536.8744 30569.3525 12.8399
v 22536.8744 30569.3525 12.8399
v 22536.8744 30569.3525 12.8399
v 22536.7382 30565.8182 12.8400
v 22536.7382 30565.8182 12.8400
v 22536.7382 30565.8182 12.8400
v 22536.7382 30565.8182 12.8400
v 22536.7382 30565.8182 11.4200
v 22536.7382 30565.8182 11.4200
v 22536.7382 30565.8182 11.4200
v 22536.7382 30565.8182 11.4200
v 22536.7382 30565.8182 11.4200
v 22534.1632 30565.9181 12.8400
v 22534.1632 30565.9181 12.8400
v 22534.1632 30565.9181 12.8400
v 22534.1632 30565.9181 12.8400
v 22534.1632 30565.9181 12.8400
v 22534.2997 30569.4517 12.8400
v 22534.2997 30569.4517 12.8400
v 22534.2997 30569.4517 12.8400
v 22534.2997 30569.4517 12.8400
v 22534.2997 30569.4517 12.8400
v 22534.2997 30569.4517 12.8400
v 22534.2997 30569.4517 12.8400
v 22534.2997 30569.4517 11.4200
v 22534.2997 30569.4517 11.4200
v 22534.2997 30569.4517 11.4200
v 22533.5380 30569.4810 11.4200
v 22533.5380 30569.4810 11.4200
v 22533.5380 30569.4810 11.4200
v 22533.5380 30569.4810 11.4200
v 22533.5380 30569.4810 11.4200
v 22533.5380 30569.4810 11.4200
v 22533.5380 30569.4810 11.4200
v 22534.2986 30589.2495 11.4199
v 22534.2986 30589.2495 11.4199
v 22534.2986 30589.2495 11.4199
v 22534.2986 30589.2495 11.4199
v 22534.2986 30589.2495 11.4199
v 22534.2986 30589.2495 11.4199
v 22550.5719 30588.6225 11.4198
v 22550.5719 30588.6225 11.4198
v 22550.5719 30588.6225 11.4198
v 22550.5719 30588.6225 11.4198
v 22550.5719 30588.6225 11.4198
v 22550.5719 30588.6225 11.4198
v 22550.5719 30588.6225 11.4198
v 22551.4521 30588.9734 11.4198
v 22551.4521 30588.9734 11.4198
v 22551.4521 30588.9734 11.4198
v 22551.4521 30588.9734 11.4198
v 22551.4521 30588.9734 11.4198
v 22551.4521 30588.9734 11.4198
v 22551.4521 30588.9734 11.4198
v 22551.4521 30588.9734 11.4198
v 22558.6092 30589.3952 11.4198
v 22558.6092 30589.3952 11.4198
v 22558.6092 30589.3952 11.4198
v 22558.6092 30589.3952 11.4198
v 22558.6092 30589.3952 11.4198
v 22558.6092 30589.3952 11.4198
v 22558.6092 30589.3952 11.4198
v 22558.5490 30588.4288 11.4198
v 22558.5490 30588.4288 11.4198
v 22558.5490 30588.4288 11.4198
v 22558.5490 30588.4288 11.4198
v 22558.5490 30588.4288 11.4198
v 22561.6798 30589.2543 9.5199
v 22561.6798 30589.2543 9.5199
v 22561.6798 30589.2543 9.5199
v 22561.6798 30589.2543 9.5199
v 22561.6798 30589.2543 9.5199
v 22558.5490 30588.4288 7.8661
v 22558.5490 30588.4288 7.8661
v 22558.5490 30588.4288 7.8661
v 22558.5490 30588.4288 7.8661
v 22561.6146 30588.1501 9.5199
v 22561.6146 30588.1501 9.5199
v 22561.6146 30588.1501 9.5199
v 22561.6146 30588.1501 9.5199
v 22561.6146 30588.1501 9.5199
v 22561.6146 30588.1501 9.5199
v 22561.6146 30588.1501 9.5199
v 22561.6146 30588.1501 9.5199
v 22561.6146 30588.1501 9.5199
v 22559.3309 30587.3332 10.8883
v 22559.3309 30587.3332 10.8883
v 22559.3309 30587.3332 10.8883
v 22559.3309 30587.3332 10.8883
v 22559.3309 30587.3332 10.8883
v 22559.3309 30587.3333 16.5549
v 22559.3309 30587.3333 16.5549
v 22559.3309 30587.3333 16.5549
v 22559.3309 30587.3333 16.5549
v 22559.3309 30587.3333 16.5549
v 22559.3309 30587.3333 16.5549
v 22559.3309 30587.3333 16.5549
v 22559.3309 30587.3333 16.5549
v 22552.1632 30575.1823 16.5549
v 22552.1632 30575.1823 16.5549
v 22552.1632 30575.1823 16.5549
v 22552.1632 30575.1823 16.5549
v 22556.8614 30575.0083 16.5549
v 22556.8614 30575.0083 16.5549
v 22556.8614 30575.0083 16.5549
v 22556.8614 30575.0083 16.5549
v 22556.8614 30575.0083 16.5549
v 22556.8614 30575.0083 16.5549
v 22558.9532 30577.1210 16.5549
v 22558.9532 30577.1210 16.5549
v 22558.9532 30577.1210 16.5549
v 22558.9532 30577.1210 16.5549
v 22558.9532 30577.1210 16.5549
v 22557.6703 30575.8251 11.4199
v 22557.6703 30575.8251 11.4199
v 22557.6703 30575.8251 11.4199
v 22557.6703 30575.8251 11.4199
v 22557.6703 30575.8251 11.4199
v 22557.6703 30575.8251 11.4199
v 22558.9532 30577.1209 10.8673
v 22558.9532 30577.1209 10.8673
v 22558.9532 30577.1209 10.8673
v 22558.9532 30577.1209 10.8673
v 22558.9532 30577.1209 10.8673
v 22558.9532 30577.1209 10.8673
v 22557.6703 30575.8251 11.0112
v 22557.6703 30575.8251 11.0112
v 22557.6703 30575.8251 11.0112
v 22557.6703 30575.8251 11.0112
v 22557.6621 30575.7073 11.4199
v 22557.6621 30575.7073 11.4199
v 22557.6621 30575.7073 11.4199
v 22557.6621 30575.7073 11.4199
v 22557.6621 30575.7073 11.4199
v 22556.8614 30575.0082 11.4199
v 22556.8614 30575.0082 11.4199
v 22556.8614 30575.0082 11.4199
v 22556.8614 30575.0082 11.4199
v 22556.8614 30575.0082 11.4199
v 22556.8614 30575.0082 11.4199
v 22552.1632 30575.1823 11.4199
v 22552.1632 30575.1823 11.4199
v 22552.1632 30575.1823 11.4199
v 22552.1632 30575.1823 11.4199
v 22552.1632 30575.1823 11.4199
v 22552.1632 30575.1823 11.4199
v 22552.1632 30575.1823 11.4199
v 22552.1632 30575.1823 11.4199
v 22552.1632 30575.1823 11.4199
v 22550.5032 30568.5233 11.8090
v 22550.5032 30568.5233 11.8090
v 22550.5032 30568.5233 11.8090
v 22550.5032 30568.5233 11.8090
v 22550.5032 30568.5233 11.8090
v 22550.5032 30568.5233 11.8090
v 22552.1518 30570.2376 11.4199
v 22552.1518 30570.2376 11.4199
v 22552.1518 30570.2376 11.4199
v 22552.1518 30570.2376 11.4199
v 22552.1518 30570.2376 11.4199
v 22550.5032 30568.5233 11.4199
v 22550.5032 30568.5233 11.4199
v 22550.5032 30568.5233 11.4199
v 22550.5032 30568.5233 11.4199
v 22550.5032 30568.5233 11.4199
v 22551.8361 30570.2498 11.4199
v 22551.8361 30570.2498 11.4199
v 22551.8361 30570.2498 11.4199
v 22551.8361 30570.2498 11.4199
v 22551.8361 30570.2498 11.4199
v 22551.8361 30570.2498 11.4199
v 22551.8361 30570.2498 11.4199
v 22551.8361 30570.2498 11.4199
v 22551.8361 30570.2498 11.4199
v 22551.8361 30570.2498 11.4199
v 22551.8361 30570.2498 11.4199
v 22543.8325 30570.5579 11.4199
v 22543.8325 30570.5579 11.4199
v 22543.8325 30570.5579 11.4199
v 22543.8325 30570.5579 11.4199
v 22543.8325 30570.5579 11.4199
v 22543.8325 30570.5579 11.4199
v 22543.8325 30570.5579 11.4199
v 22543.8325 30570.5579 11.4199
v 22543.8325 30570.5579 11.4199
v 22543.6187 30565.0096 11.4200
v 22543.6187 30565.0096 11.4200
v 22543.6187 30565.0096 11.4200
v 22543.6187 30565.0096 11.4200
v 22543.6187 30565.0096 11.4200
v 22536.7173 30565.2752 11.4200
v 22536.7173 30565.2752 11.4200
v 22536.7173 30565.2752 11.4200
v 22536.7173 30565.2752 11.4200
v 22536.7173 30565.2752 11.4200
v 22536.7173 30565.2752 11.4200
v 22534.1632 30565.9181 11.4200
v 22534.1632 30565.9181 11.4200
v 22534.1632 30565.9181 11.4200
v 22534.1632 30565.9181 11.4200
v 22534.1632 30565.9181 11.4200
v 22534.1632 30565.9181 11.4200
v 22534.1632 30565.9181 11.4200
v 22534.1632 30565.9181 11.4200
v 22532.4799 30562.7402 11.4200
v 22532.4799 30562.7402 11.4200
v 22532.4799 30562.7402 11.4200
v 22532.4799 30562.7402 11.4200
v 22532.4799 30562.7402 11.4200
v 22532.4799 30562.7402 11.4200
v 22532.4799 30562.7402 11.4200
v 22533.4770 30587.5762 11.4199
v 22533.4770 30587.5762 11.4199
v 22533.4770 30587.5762 11.4199
v 22533.4770 30587.5762 11.4199
v 22533.4770 30587.5762 11.4199
v 22533.4770 30587.5762 11.4199
v 22533.4770 30587.5762 11.4199
v 22534.3782 30590.5068 11.4198
v 22534.3782 30590.5068 11.4198
v 22534.3782 30590.5068 11.4198
v 22534.3782 30590.5068 11.4198
v 22534.3782 30590.5068 11.4198
v 22534.3782 30590.5068 11.4198
v 22534.3782 30590.5068 11.4198
v 22534.3782 30590.5068 11.4198
v 22534.3782 30590.5068 11.4198
v 22558.6092 30589.3952 7.8677
v 22558.6092 30589.3952 7.8677
v 22558.6092 30589.3952 7.8677
v 22558.6092 30589.3952 7.8677
v 22558.6092 30589.3952 7.8677
v 22558.6092 30589.3952 7.8677
v 22558.6092 30589.3952 7.8677
v 22562.6853 30589.2082 9.5199
v 22562.6853 30589.2082 9.5199
v 22562.6853 30589.2082 9.5199
v 22562.6853 30589.2082 9.5199
v 22562.6853 30589.2082 9.5199
v 22562.5599 30587.1210 9.5199
v 22562.5599 30587.1210 9.5199
v 22562.5599 30587.1210 9.5199
v 22562.5599 30587.1210 9.5199
v 22562.5599 30587.1210 9.5199
v 22561.5541 30587.1582 9.5199
v 22561.5541 30587.1582 9.5199
v 22561.5541 30587.1582 9.5199
v 22561.5541 30587.1582 9.5199
v 22561.5541 30587.1582 9.5199
v 22559.3297 30587.3011 10.8879
v 22559.3297 30587.3011 10.8879
v 22559.3297 30587.3011 10.8879
v 22559.3297 30587.3011 10.8879
v 22559.3297 30587.3011 10.8879
v 22559.3297 30587.3011 10.8879
v 22559.3297 30587.3011 10.8879
v 22558.9605 30577.3177 10.8560
v 22558.9605 30577.3177 10.8560
v 22558.9605 30577.3177 10.8560
v 22558.9605 30577.3177 10.8560
v 22558.9605 30577.3177 10.8560
v 22558.9605 30577.3177 10.8560
v 22558.9605 30577.3177 10.8560
v 22558.9605 30577.3177 10.8560
v 22571.0523 30589.8915 9.4795
v 22571.0523 30589.8915 9.4795
v 22571.0523 30589.8915 9.4795
v 22571.0523 30589.8915 9.4795
v 22571.0523 30589.8915 9.4795
v 22571.0523 30589.8915 9.4795
v 22571.0523 30589.8915 9.4795
v 22557.6621 30575.7073 11.0182
v 22557.6621 30575.7073 11.0182
v 22557.6621 30575.7073 11.0182
v 22557.6621 30575.7073 11.0182
v 22557.6621 30575.7073 11.0182
v 22557.6621 30575.7073 11.0182
v 22554.0738 30572.0988 11.4199
v 22554.0738 30572.0988 11.4199
v 22554.0738 30572.0988 11.4199
v 22554.0738 30572.0988 11.4199
v 22554.0738 30572.0988 11.4199
v 22554.0072 30572.1670 11.4199
v 22554.0072 30572.1670 11.4199
v 22554.0072 30572.1670 11.4199
v 22554.0072 30572.1670 11.4199
v 22554.0072 30572.1670 11.4199
v 22554.0072 30572.1670 11.4199
v 22554.0072 30572.1670 11.4199
v 22554.0072 30572.1670 11.4199
v 22550.4935 30568.5131 11.8199
v 22550.4935 30568.5131 11.8199
v 22550.4935 30568.5131 11.8199
v 22550.4935 30568.5131 11.8199
v 22550.4935 30568.5131 11.8199
v 22550.4935 30568.5131 11.8087
v 22550.4935 30568.5131 11.8087
v 22550.4935 30568.5131 11.8087
v 22550.4935 30568.5131 11.8087
v 22550.4935 30568.5131 11.8087
v 22550.4972 30568.5289 11.8090
v 22550.4972 30568.5289 11.8090
v 22550.4972 30568.5289 11.8090
v 22550.4972 30568.5289 11.8090
v 22550.4972 30568.5289 11.8090
v 22550.4972 30568.5289 11.4199
v 22550.4972 30568.5289 11.4199
v 22550.4972 30568.5289 11.4199
v 22550.4972 30568.5289 11.4199
v 22550.4972 30568.5289 11.4199
v 22550.4972 30568.5289 11.4199
v 22549.2936 30567.3364 11.4200
v 22549.2936 30567.3364 11.4200
v 22549.2936 30567.3364 11.4200
v 22549.3602 30569.3248 11.4199
v 22549.3602 30569.3248 11.4199
v 22549.3602 30569.3248 11.4199
v 22549.3602 30569.3248 11.4199
v 22549.3602 30569.3248 11.4199
v 22549.3602 30569.3248 11.4199
v 22549.3602 30569.3248 11.4199
v 22545.1598 30567.6402 11.4200
v 22545.1598 30567.6402 11.4200
v 22545.1598 30567.6402 11.4200
v 22545.1598 30567.6402 11.4200
v 22545.1598 30567.6402 11.4200
v 22545.1598 30567.6402 11.4200
v 22545.9577 30567.2460 11.4200
v 22545.9577 30567.2460 11.4200
v 22545.9577 30567.2460 11.4200
v 22545.0898 30565.7936 11.5859
v 22545.0898 30565.7936 11.5859
v 22545.0898 30565.7936 11.5859
v 22545.0898 30565.7936 11.5859
v 22545.0898 30565.7936 11.5859
v 22545.0898 30565.7936 11.5859
v 22545.0898 30565.7936 11.4200
v 22545.0898 30565.7936 11.4200
v 22545.0898 30565.7936 11.4200
v 22544.7117 30564.9963 11.4200
v 22544.7117 30564.9963 11.4200
v 22544.7117 30564.9963 11.4200
v 22544.7117 30564.9963 11.4200
v 22544.7117 30564.9963 11.4200
v 22544.7117 30564.9963 11.4200
v 22544.7117 30564.9963 11.4200
v 22538.1167 30563.7696 11.4200
v 22538.1167 30563.7696 11.4200
v 22538.1167 30563.7696 11.4200
v 22538.1167 30563.7696 11.4200
v 22538.1167 30563.7696 11.4200
v 22538.1167 30563.7696 11.4200
v 22538.1167 30563.7696 11.4200
v 22538.1167 30563.7696 11.4200
v 22530.4799 30553.6479 13.0591
v 22530.4799 30553.6479 13.0591
v 22530.4799 30553.6479 13.0591
v 22530.4799 30553.6479 13.0591
v 22538.1167 30563.7696 12.3710
v 22538.1167 30563.7696 12.3710
v 22538.1167 30563.7696 12.3710
v 22538.1167 30563.7696 12.3710
v 22538.1167 30563.7696 12.3710
v 22529.0831 30562.1200 13.1938
v 22529.0831 30562.1200 13.1938
v 22529.0831 30562.1200 13.1938
v 22529.0831 30562.1200 13.1938
v 22529.0831 30562.1200 13.1938
v 22529.0831 30562.1200 13.1938
v 22529.0831 30562.1200 13.1938
v 22529.0831 30562.1200 13.1938
v 22529.0816 30562.1289 0.0003
v 22529.0816 30562.1289 0.0003
v 22529.0816 30562.1289 0.0003
v 22529.0816 30562.1289 0.0003
v 22529.0831 30562.1199 0.0003
v 22529.0831 30562.1199 0.0003
v 22532.4798 30562.7402 0.0003
v 22532.4798 30562.7402 0.0003
v 22532.4798 30562.7402 0.0003
v 22533.4770 30587.5761 0.0001
v 22533.4770 30587.5761 0.0001
v 22533.4770 30587.5761 0.0001
v 22533.4770 30587.5761 0.0001
v 22532.8273 30585.4638 0.0001
v 22532.8273 30585.4638 0.0001
v 22531.9128 30576.4051 0.0002
v 22531.9128 30576.4051 0.0002
v 22531.9128 30576.4051 0.0002
v 22531.3674 30572.6153 0.0002
v 22531.3674 30572.6153 0.0002
v 22531.3674 30572.6153 0.0002
v 22529.7776 30569.1324 0.0002
v 22529.7776 30569.1324 0.0002
v 22529.7776 30569.1324 0.0002
v 22527.2700 30566.2386 0.0003
v 22527.2700 30566.2386 0.0003
v 22527.2700 30566.2386 0.0003
v 22524.0485 30564.1687 0.0003
v 22524.0485 30564.1687 0.0003
v 22524.0485 30564.1687 0.0003
v 22520.3741 30563.0898 0.0004
v 22520.3741 30563.0898 0.0004
v 22520.3741 30563.0898 0.0004
v 22516.5459 30563.0897 0.0004
v 22516.5459 30563.0897 0.0004
v 22516.5459 30563.0897 0.0004
v 22512.8713 30564.1684 0.0004
v 22512.8713 30564.1684 0.0004
v 22512.8713 30564.1684 0.0004
v 22512.4232 30564.4565 0.0004
v 22512.4232 30564.4565 0.0004
v 22512.4232 30564.4565 0.0004
v 22512.4232 30564.4565 0.0004
v 22512.2689 30561.1359 0.0004
v 22512.2689 30561.1359 0.0004
v 22512.2689 30561.1359 0.0004
v 22512.2827 30561.1351 0.0004
v 22512.2827 30561.1351 0.0004
v 22512.2827 30561.1351 0.0004
v 22512.2827 30561.1353 14.3216
v 22512.2827 30561.1353 14.3216
v 22512.2827 30561.1353 14.3216
v 22512.2827 30561.1353 14.3216
v 22512.2827 30561.1353 14.3216
v 22512.2827 30561.1353 14.3216
v 22504.4369 30561.5684 14.3131
v 22504.4369 30561.5684 14.3131
v 22504.4369 30561.5684 14.3131
v 22504.4369 30561.5684 14.3131
v 22504.4369 30561.5684 14.3131
v 22504.4369 30561.5684 14.3131
v 22504.4369 30561.5684 14.3131
v 22504.4369 30561.5684 14.3131
v 22512.8879 30574.9324 13.9597
v 22512.8879 30574.9324 13.9597
v 22512.8879 30574.9324 13.9597
v 22512.8879 30574.9324 13.9597
v 22512.8879 30574.9324 13.9597
v 22512.8879 30574.9324 13.9597
v 22512.8879 30574.9324 13.9597
v 22512.5719 30576.3169 14.0500
v 22512.5719 30576.3169 14.0500
v 22512.5719 30576.3169 14.0500
v 22512.5719 30576.3169 14.0500
v 22512.5719 30576.3169 14.0500
v 22512.5719 30576.3169 14.0500
v 22512.5719 30576.3169 14.0500
v 22513.1559 30578.8751 14.0500
v 22513.1559 30578.8751 14.0500
v 22513.1559 30578.8751 14.0500
v 22513.1559 30578.8751 14.0500
v 22513.1559 30578.8751 14.0500
v 22514.7920 30580.9266 14.0500
v 22514.7920 30580.9266 14.0500
v 22514.7920 30580.9266 14.0500
v 22514.7920 30580.9266 14.0500
v 22514.7920 30580.9266 14.0500
v 22514.7920 30580.9266 14.0500
v 22514.7920 30580.9266 14.0500
v 22514.7920 30580.9266 14.0500
v 22514.7920 30580.9266 14.0500
v 22514.7920 30580.9266 14.0500
v 22514.7920 30580.9266 14.0500
v 22514.7920 30580.9266 14.0500
v 22514.7920 30580.9266 14.0500
v 22514.7920 30580.9266 14.0500
v 22514.7920 30580.9266 14.0500
v 22514.7920 30580.9266 14.0500
v 22514.7920 30580.9266 14.0500
v 22522.1445 30580.9264 14.0499
v 22522.1445 30580.9264 14.0499
v 22522.1445 30580.9264 14.0499
v 22522.1445 30580.9264 14.0499
v 22522.1445 30580.9264 14.0499
v 22519.7803 30582.0650 14.0499
v 22519.7803 30582.0650 14.0499
v 22519.7803 30582.0650 14.0499
v 22519.7803 30582.0650 14.0499
v 22519.7803 30582.0650 14.0499
v 22517.1563 30582.0651 14.0499
v 22517.1563 30582.0651 14.0499
v 22517.1563 30582.0651 14.0499
v 22517.1563 30582.0651 14.0499
v 22517.1563 30582.0651 14.0499
v 22517.1563 30582.0651 14.0499
v 22517.1563 30582.0651 14.0499
v 22517.1563 30582.0651 12.9611
v 22517.1563 30582.0651 12.9611
v 22517.1563 30582.0651 12.9611
v 22517.1563 30582.0651 12.9611
v 22517.1563 30582.0651 12.9611
v 22517.1563 30582.0651 12.9611
v 22515.8168 30581.4201 13.2114
v 22515.8168 30581.4201 13.2114
v 22515.8168 30581.4201 13.2114
v 22515.8168 30581.4201 13.2114
v 22515.8168 30581.4201 13.2114
v 22518.0892 30588.8121 12.7549
v 22518.0892 30588.8121 12.7549
v 22518.0892 30588.8121 12.7549
v 22518.0892 30588.8121 12.7549
v 22518.0892 30588.8121 12.7549
v 22518.2738 30582.0651 12.7549
v 22518.2738 30582.0651 12.7549
v 22518.2738 30582.0651 12.7549
v 22518.2738 30582.0651 12.7549
v 22519.7803 30582.0650 12.7549
v 22519.7803 30582.0650 12.7549
v 22519.7803 30582.0650 12.7549
v 22519.7803 30582.0650 12.7549
v 22519.7803 30582.0650 12.7549
v 22519.7803 30582.0650 12.7549
v 22522.1445 30580.9264 12.7549
v 22522.1445 30580.9264 12.7549
v 22522.1445 30580.9264 12.7549
v 22522.1445 30580.9264 12.7549
v 22522.1445 30580.9264 12.7549
v 22522.1445 30580.9264 12.7549
v 22534.4064 30590.5983 12.7548
v 22534.4064 30590.5983 12.7548
v 22534.4064 30590.5983 12.7548
v 22534.4064 30590.5983 12.7548
v 22534.4064 30590.5983 12.7548
v 22534.4064 30590.5983 12.7548
v 22534.4064 30590.5983 12.7548
v 22534.4064 30590.5983 12.7548
v 22534.4064 30590.5983 12.7548
v 22534.4064 30590.5983 12.7548
v 22534.4064 30590.5983 12.7548
v 22534.4064 30590.5983 12.7548
v 22534.4064 30590.5983 12.7548
v 22534.4064 30590.5983 12.7548
v 22534.4064 30590.5983 12.7548
v 22534.4064 30590.5983 12.7548
v 22534.3569 30590.6046 0.0001
v 22534.3569 30590.6046 0.0001
v 22534.3569 30590.6046 0.0001
v 22534.3569 30590.6046 0.0001
v 22534.4063 30590.5982 0.0001
v 22534.4063 30590.5982 0.0001
v 22534.3782 30590.5068 0.0001
v 22534.3782 30590.5068 0.0001
v 22534.3782 30590.5068 0.0001
v 22562.6854 30589.2082 0.0001
v 22562.6854 30589.2082 0.0001
v 22562.6854 30589.2082 0.0001
v 22562.6854 30589.2082 0.0001
v 22562.5599 30587.1210 0.0001
v 22562.5599 30587.1210 0.0001
v 22562.5599 30587.1210 0.0001
v 22562.5599 30587.1210 0.0001
v 22561.5541 30587.1581 0.0001
v 22561.5541 30587.1581 0.0001
v 22561.5541 30587.1581 0.0001
v 22559.3297 30587.3011 0.0001
v 22559.3297 30587.3011 0.0001
v 22559.3297 30587.3011 0.0001
v 22558.9605 30577.3176 0.0001
v 22558.9605 30577.3176 0.0001
v 22571.0523 30589.8915 0.0001
v 22571.0523 30589.8915 0.0001
v 22571.0523 30589.8915 0.0001
v 22571.8610 30590.7058 0.0001
v 22571.8610 30590.7058 0.0001
v 22571.8610 30590.7058 0.0001
v 22571.8610 30590.7058 9.6476
v 22571.8610 30590.7058 9.6476
v 22571.8610 30590.7058 9.6476
v 22571.8610 30590.7058 9.6476
v 22571.8610 30590.7058 9.6476
v 22571.8610 30590.7058 9.6476
v 22572.3062 30591.5539 0.0001
v 22572.3062 30591.5539 0.0001
v 22572.3062 30591.5539 0.0001
v 22572.3061 30591.5539 9.7163
v 22572.3061 30591.5539 9.7163
v 22572.3061 30591.5539 9.7163
v 22572.3061 30591.5539 9.7163
v 22572.3061 30591.5539 9.7163
v 22572.3061 30591.5539 9.7163
v 22572.5034 30592.6569 0.0001
v 22572.5034 30592.6569 0.0001
v 22572.5034 30592.6569 0.0001
v 22573.6940 30618.5807 0.0000
v 22573.6940 30618.5807 0.0000
v 22573.6940 30618.5807 0.0000
v 22573.6940 30618.5807 0.0000
v 22572.5894 30618.6307 0.0000
v 22572.5894 30618.6307 0.0000
v 22572.9447 30626.5081 0.0000
v 22572.9447 30626.5081 0.0000
v 22572.9447 30626.5081 0.0000
v 22572.9447 30626.5081 0.0000
v 22572.9446 30626.5081 10.6500
v 22572.9446 30626.5081 10.6500
v 22572.9446 30626.5081 10.6500
v 22572.9446 30626.5081 10.6500
v 22572.9446 30626.5081 10.6500
v 22572.9446 30626.5081 10.6500
v 22578.6960 30626.2807 10.6518
v 22578.6960 30626.2807 10.6518
v 22578.6960 30626.2807 10.6518
v 22578.6960 30626.2807 10.6518
v 22578.6960 30626.2807 11.4549
v 22578.6960 30626.2807 11.4549
v 22578.6960 30626.2807 11.4549
v 22578.6960 30626.2807 11.4549
v 22578.6960 30626.2807 11.4549
v 22578.6960 30626.2807 11.4549
v 22582.5593 30626.1280 11.4549
v 22582.5593 30626.1280 11.4549
v 22582.5593 30626.1280 11.4549
v 22582.5593 30626.1280 11.4549
v 22582.5122 30624.8879 11.4549
v 22582.5122 30624.8879 11.4549
v 22582.5122 30624.8879 11.4549
v 22582.5122 30624.8879 11.4549
v 22582.5122 30624.8879 11.4549
v 22582.5122 30624.8879 11.4549
v 22582.5122 30624.8879 11.4549
v 22582.5118 30624.8877 98.0099
v 22582.5118 30624.8877 98.0099
v 22582.5118 30624.8877 98.0099
v 22582.5118 30624.8877 98.0099
v 22582.5118 30624.8877 98.0099
v 22582.5118 30624.8877 98.0099
v 22583.0334 30638.6193 98.0100
v 22583.0334 30638.6193 98.0100
v 22583.0334 30638.6193 98.0100
v 22583.0334 30638.6193 98.0100
v 22583.0334 30638.6193 98.0100
v 22583.0334 30638.6193 98.0100
v 22583.0334 30638.6193 98.0100
v 22583.0334 30638.6193 98.0100
v 22583.0334 30638.6193 98.0100
v 22583.0334 30638.6193 98.0100
v 22583.0334 30638.6193 98.0100
v 22583.0334 30638.6193 98.0100
v 22583.0334 30638.6193 98.0100
v 22583.0334 30638.6193 98.0100
v 22582.5703 30626.4276 92.0349
v 22582.5703 30626.4276 92.0349
v 22582.5703 30626.4276 92.0349
v 22582.5703 30626.4276 92.0349
v 22582.5703 30626.4276 92.0349
v 22582.5703 30626.4276 92.0349
v 22524.8738 30628.7086 92.0349
v 22524.8738 30628.7086 92.0349
v 22524.8738 30628.7086 92.0349
v 22524.8738 30628.7086 92.0349
v 22524.8738 30628.7086 92.0349
v 22524.8738 30628.7086 92.0349
v 22524.8738 30628.7086 92.0349
v 22524.9537 30631.8896 92.0349
v 22524.9537 30631.8896 92.0349
v 22524.9537 30631.8896 92.0349
v 22524.9537 30631.8896 92.0349
v 22525.6688 30631.8664 97.9499
v 22525.6688 30631.8664 97.9499
v 22525.6688 30631.8664 97.9499
v 22525.6688 30631.8664 97.9499
v 22525.6688 30631.8664 97.9499
v 22525.6688 30631.8664 97.9499
v 22525.6688 30631.8664 97.9499
v 22525.6688 30631.8664 97.9499
v 22525.6688 30631.8664 97.9499
v 22525.6688 30631.8664 97.9499
v 22525.6688 30631.8664 97.9499
v 22525.6688 30631.8664 97.9499
v 22521.4391 30634.8863 97.9499
v 22521.4391 30634.8863 97.9499
v 22521.4391 30634.8863 97.9499
v 22521.4391 30634.8863 97.9499
v 22521.4391 30634.8863 97.9499
v 22521.4391 30634.8863 97.9499
v 22521.4391 30634.8863 97.9499
v 22519.4527 30634.9555 97.9499
v 22519.4527 30634.9555 97.9499
v 22519.4527 30634.9555 97.9499
v 22519.4527 30634.9555 97.9499
v 22519.4527 30634.9555 97.9499
v 22519.4527 30634.9555 97.9499
v 22519.4527 30634.9555 97.9499
v 22519.0872 30635.4407 97.9499
v 22519.0872 30635.4407 97.9499
v 22519.0872 30635.4407 97.9499
v 22519.0872 30635.4407 97.9499
v 22519.0872 30635.4407 97.9499
v 22519.0872 30635.4407 97.9499
v 22516.7211 30635.5254 97.9499
v 22516.7211 30635.5254 97.9499
v 22516.7211 30635.5254 97.9499
v 22516.7211 30635.5254 97.9499
v 22516.7211 30635.5254 97.9499
v 22516.7927 30637.5270 97.9499
v 22516.7927 30637.5270 97.9499
v 22516.7927 30637.5270 97.9499
v 22516.7927 30637.5270 97.9499
v 22516.7927 30637.5270 97.9499
v 22516.7927 30637.5270 97.9499
v 22516.7927 30637.5270 97.9499
v 22516.7927 30637.5270 97.9499
v 22513.6890 30638.3460 97.9499
v 22513.6890 30638.3460 97.9499
v 22513.6890 30638.3460 97.9499
v 22513.6890 30638.3460 97.9499
v 22513.6890 30638.3460 97.9499
v 22513.6890 30638.3460 97.9499
v 22513.6890 30638.3460 97.9499
v 22509.2872 30643.1476 97.9500
v 22509.2872 30643.1476 97.9500
v 22509.2872 30643.1476 97.9500
v 22509.2872 30643.1476 97.9500
v 22509.2872 30643.1476 97.9500
v 22509.2872 30643.1476 97.9500
v 22509.2872 30643.1476 97.9500
v 22509.2872 30643.1476 97.9500
v 22509.2872 30643.1476 97.9500
v 22509.2872 30643.1476 97.9500
v 22508.9833 30633.7795 97.9500
v 22508.9833 30633.7795 97.9500
v 22508.9833 30633.7795 97.9500
v 22508.9833 30633.7795 97.9500
v 22508.9833 30633.7795 97.9500
v 22509.1949 30640.3043 92.0350
v 22509.1949 30640.3043 92.0350
v 22509.1949 30640.3043 92.0350
v 22509.1949 30640.3043 92.0350
v 22509.1949 30640.3043 92.0350
v 22509.1949 30640.3043 92.0350
v 22509.1949 30640.3043 92.0350
v 22509.2047 30640.6044 92.0350
v 22509.2047 30640.6044 92.0350
v 22509.2047 30640.6044 92.0350
v 22509.2047 30640.6044 92.0350
v 22509.2047 30640.6044 88.4350
v 22509.2047 30640.6044 88.4350
v 22509.2047 30640.6044 88.4350
v 22509.2047 30640.6044 88.4350
v 22509.2047 30640.6044 88.4350
v 22509.2047 30640.6044 88.4350
v 22509.2047 30640.6044 88.4350
v 22506.3038 30640.8290 88.4350
v 22506.3038 30640.8290 88.4350
v 22506.3038 30640.8290 88.4350
v 22506.3038 30640.8290 88.4350
v 22507.6896 30674.2827 88.4352
v 22507.6896 30674.2827 88.4352
v 22507.6896 30674.2827 88.4352
v 22507.6896 30674.2827 88.4352
v 22507.6896 30674.2827 88.4352
v 22507.6896 30674.2827 88.4352
v 22507.6896 30674.2827 88.4352
v 22511.1420 30674.1956 88.4352
v 22511.1420 30674.1956 88.4352
v 22511.1420 30674.1956 88.4352
v 22511.1420 30674.1956 88.4352
v 22511.1420 30674.1956 88.4352
v 22511.1420 30674.1956 88.4352
v 22511.1420 30674.1956 88.4352
v 22515.0902 30674.0960 88.4352
v 22515.0902 30674.0960 88.4352
v 22515.0902 30674.0960 88.4352
v 22514.9902 30671.6251 88.4352
v 22514.9902 30671.6251 88.4352
v 22514.9902 30671.6251 88.4352
v 22514.9902 30671.6251 88.4352
v 22514.9902 30671.6251 88.4352
v 22514.9902 30671.6251 88.4352
v 22514.9902 30671.6251 88.4352
v 22514.9902 30671.6251 88.4352
v 22514.9902 30671.6251 88.4352
v 22515.2899 30671.6130 91.6652
v 22515.2899 30671.6130 91.6652
v 22515.2899 30671.6130 91.6652
v 22515.2899 30671.6130 91.6652
v 22515.2899 30671.6130 91.6652
v 22515.2899 30671.6130 91.6652
v 22515.5278 30677.4893 91.6652
v 22515.5278 30677.4893 91.6652
v 22515.5278 30677.4893 91.6652
v 22515.5278 30677.4893 91.6652
v 22515.6831 30681.3266 91.6653
v 22515.6831 30681.3266 91.6653
v 22515.6831 30681.3266 91.6653
v 22515.6831 30681.3266 91.6653
v 22515.6831 30681.3266 91.6653
v 22515.6831 30681.3266 91.6653
v 22515.6831 30681.3266 91.6653
v 22528.7136 30680.7990 92.1652
v 22528.7136 30680.7990 92.1652
v 22528.7136 30680.7990 92.1652
v 22528.7136 30680.7990 92.1652
v 22528.7136 30680.7990 92.1652
v 22528.7136 30680.7990 92.1652
v 22528.7136 30680.7990 92.1652
v 22528.3219 30671.0865 92.1651
v 22528.3219 30671.0865 92.1651
v 22528.3219 30671.0865 92.1651
v 22528.6217 30671.0744 92.1651
v 22528.6217 30671.0744 92.1651
v 22528.6217 30671.0744 92.1651
v 22528.6217 30671.0744 92.1651
v 22528.6217 30671.0744 92.1651
v 22528.6217 30671.0744 92.1651
v 22528.7649 30674.6272 92.0351
v 22528.7649 30674.6272 92.0351
v 22528.7649 30674.6272 92.0351
v 22528.7649 30674.6272 92.0351
v 22528.7649 30674.6272 92.0351
v 22528.7649 30674.6272 92.0351
v 22528.7770 30674.9270 92.0351
v 22528.7770 30674.9270 92.0351
v 22528.7770 30674.9270 92.0351
v 22528.7770 30674.9270 92.0351
v 22528.7770 30674.9270 92.0351
v 22528.7768 30674.9278 8.0751
v 22528.7768 30674.9278 8.0751
v 22528.7768 30674.9278 8.0751
v 22528.7768 30674.9278 8.0751
v 22528.7768 30674.9278 8.0751
v 22569.0319 30673.9111 8.0751
v 22569.0319 30673.9111 8.0751
v 22569.0319 30673.9111 8.0751
v 22569.0319 30673.9111 8.0751
v 22569.0319 30673.9111 8.0751
v 22569.0319 30673.9111 8.0751
v 22565.1156 30674.7093 8.0751
v 22565.1156 30674.7093 8.0751
v 22565.1156 30674.7093 8.0751
v 22565.1156 30674.7093 8.0751
v 22565.1156 30674.7093 8.0751
v 22565.1156 30674.7093 8.0751
v 22565.1692 30676.2080 8.0751
v 22565.1692 30676.2080 8.0751
v 22565.1692 30676.2080 8.0751
v 22565.1692 30676.2080 5.6301
v 22565.1692 30676.2080 5.6301
v 22565.1692 30676.2080 5.6301
v 22565.1692 30676.2080 5.6301
v 22565.1692 30676.2080 5.6301
v 22565.1692 30676.2080 5.6301
v 22565.1692 30676.2080 5.6301
v 22565.1692 30676.2080 5.6301
v 22565.1692 30676.2080 5.6301
v 22568.4445 30677.6166 5.6302
v 22568.4445 30677.6166 5.6302
v 22568.4445 30677.6166 5.6302
v 22568.4445 30677.6166 5.6302
v 22568.4445 30677.6166 5.6302
v 22569.9863 30677.8168 5.6302
v 22569.9863 30677.8168 5.6302
v 22569.9863 30677.8168 5.6302
v 22569.9863 30677.8168 5.6302
v 22569.9863 30677.8168 5.6302
v 22569.9862 30677.8166 25.0952
v 22569.9862 30677.8166 25.0952
v 22569.9862 30677.8166 25.0952
v 22569.9862 30677.8166 25.0952
v 22581.2696 30679.2819 25.0952
v 22581.2696 30679.2819 25.0952
v 22581.2696 30679.2819 25.0952
v 22581.2696 30679.2819 25.0952
v 22581.2696 30679.2819 25.0952
v 22581.2696 30679.2819 25.0952
v 22581.0688 30680.8021 25.0953
v 22581.0688 30680.8021 25.0953
v 22581.0688 30680.8021 25.0953
v 22581.0688 30680.8021 25.0953
v 22581.0688 30680.8021 25.0953
v 22581.0688 30680.8021 25.0953
v 22581.0688 30680.8021 25.0953
v 22587.8794 30715.6284 25.0958
v 22587.8794 30715.6284 25.0958
v 22587.8794 30715.6284 25.0958
v 22587.8794 30715.6284 25.0958
v 22587.8794 30715.6284 25.0958
v 22587.8794 30715.6284 25.0958
v 22587.8794 30715.6284 25.0958
v 22587.8796 30715.6287 5.4608
v 22587.8796 30715.6287 5.4608
v 22587.8796 30715.6287 5.4608
v 22587.8796 30715.6287 5.4608
v 22587.9176 30716.7396 5.4608
v 22587.9176 30716.7396 5.4608
v 22587.9176 30716.7396 5.4608
v 22587.9176 30716.7396 5.4608
v 22587.9176 30716.7396 5.4608
v 22587.9176 30716.7396 5.4608
v 22587.9175 30716.7392 29.8508
v 22587.9175 30716.7392 29.8508
v 22587.9175 30716.7392 29.8508
v 22587.9175 30716.7392 29.8508
v 22587.9175 30716.7392 29.8508
v 22587.9175 30716.7392 29.8508
v 22587.9175 30716.7392 29.8508
v 22591.3568 30715.3817 29.8508
v 22591.3568 30715.3817 29.8508
v 22591.3568 30715.3817 29.8508
v 22591.3568 30715.3817 29.8508
v 22591.3568 30715.3817 29.8508
v 22591.3568 30715.3817 29.8508
v 22591.3568 30715.3817 29.8508
v 22591.3568 30715.3817 29.8508
v 22601.3470 30716.5775 29.8509
v 22601.3470 30716.5775 29.8509
v 22601.3470 30716.5775 29.8509
v 22601.3470 30716.5775 29.8509
v 22601.3470 30716.5775 29.8509
v 22601.3470 30716.5775 29.8509
v 22602.2660 30716.6877 20.4909
v 22602.2660 30716.6877 20.4909
v 22602.2660 30716.6877 20.4909
v 22602.2660 30716.6877 20.4909
v 22602.2660 30716.6877 20.4909
v 22602.2660 30716.6877 20.4909
v 22602.2660 30716.6877 20.4909
v 22602.2660 30716.6877 20.4909
v 22612.0960 30643.4236 20.4902
v 22612.0960 30643.4236 20.4902
v 22612.0960 30643.4236 20.4902
v 22612.0960 30643.4236 20.4902
v 22612.0960 30643.4236 20.4902
v 22611.8034 30643.3852 20.4902
v 22611.8034 30643.3852 20.4902
v 22611.8034 30643.3852 20.4902
v 22611.8034 30643.3852 20.4902
v 22611.8034 30643.3852 20.4902
v 22611.8034 30643.3852 20.4902
v 22613.6877 30630.1468 11.4552
v 22613.6877 30630.1468 11.4552
v 22613.6877 30630.1468 11.4552
v 22613.6877 30630.1468 11.4552
v 22613.6877 30630.1468 11.4552
v 22613.6877 30630.1468 11.4552
v 22613.6877 30630.1468 11.4552
v 22613.6877 30630.1468 11.4552
v 22613.6877 30630.1468 11.4552
v 22613.6877 30630.1468 11.4552
v 22601.8444 30617.4275 11.4550
v 22601.8444 30617.4275 11.4550
v 22601.8444 30617.4275 11.4550
v 22601.8444 30617.4275 11.4550
v 22601.8444 30617.4275 11.4550
v 22601.8444 30617.4275 6.1898
v 22601.8444 30617.4275 6.1898
v 22601.8444 30617.4275 6.1898
v 22601.8444 30617.4275 6.1898
v 22601.8444 30617.4275 6.1898
v 22607.4896 30619.2245 5.2183
v 22607.4896 30619.2245 5.2183
v 22607.4896 30619.2245 5.2183
v 22607.4896 30619.2245 5.2183
v 22607.5400 30619.2761 4.8382
v 22607.5400 30619.2761 4.8382
v 22607.5400 30619.2761 4.8382
v 22607.5400 30619.2761 4.8382
v 22607.5400 30619.2761 4.8382
v 22607.5400 30619.2761 4.8382
v 22607.5400 30619.2761 4.8382
v 22605.4236 30621.0529 5.8192
v 22605.4236 30621.0529 5.8192
v 22605.4236 30621.0529 5.8192
v 22605.4236 30621.0529 5.8192
v 22605.4236 30621.0529 5.8192
v 22605.4341 30621.0635 5.7405
v 22605.4341 30621.0635 5.7405
v 22605.4341 30621.0635 5.7405
v 22605.4341 30621.0635 5.7405
v 22605.4341 30621.0635 5.7405
v 22605.9512 30621.5873 5.6514
v 22605.9512 30621.5873 5.6514
v 22605.9512 30621.5873 5.6514
v 22605.9512 30621.5873 5.6514
v 22605.9512 30621.5873 5.6514
v 22607.9636 30623.6258 8.0901
v 22607.9636 30623.6258 8.0901
v 22607.9636 30623.6258 8.0901
v 22607.9636 30623.6258 8.0901
v 22607.9636 30623.6258 8.0901
v 22607.9636 30623.6258 8.0901
v 22607.9636 30623.6258 8.0901
v 22607.9636 30623.6258 4.6933
v 22607.9636 30623.6258 4.6933
v 22607.9636 30623.6258 4.6933
v 22607.9636 30623.6258 4.6933
v 22609.7571 30621.7909 4.4933
v 22609.7571 30621.7909 4.4933
v 22609.7571 30621.7909 4.4933
v 22609.7571 30621.7909 4.4933
v 22609.7571 30621.7909 4.4933
v 22609.7571 30621.7909 4.4933
v 22609.7571 30621.7909 4.4933
v 22607.6763 30619.4152 4.8149
v 22607.6763 30619.4152 4.8149
v 22607.6763 30619.4152 4.8149
v 22607.6763 30619.4152 4.8149
v 22607.6763 30619.4152 4.8149
v 22607.6763 30619.4152 8.2001
v 22607.6763 30619.4152 8.2001
v 22607.6763 30619.4152 8.2001
v 22607.6763 30619.4152 8.2001
v 22607.6763 30619.4152 8.2001
v 22607.6763 30619.4152 8.2001
v 22607.6763 30619.4152 8.2001
v 22605.5483 30617.2422 8.2001
v 22605.5483 30617.2422 8.2001
v 22605.5483 30617.2422 8.2001
v 22605.5483 30617.2422 5.4177
v 22605.5483 30617.2422 5.4177
v 22605.5483 30617.2422 5.4177
v 22605.5483 30617.2422 5.4177
v 22605.5483 30617.2422 5.4177
v 22606.4060 30616.4023 5.1603
v 22606.4060 30616.4023 5.1603
v 22606.4060 30616.4023 5.1603
v 22606.4060 30616.4023 5.1603
v 22606.4430 30616.3661 5.1536
v 22606.4430 30616.3661 5.1536
v 22606.4430 30616.3661 5.1536
v 22606.4430 30616.3661 5.1536
v 22606.4430 30616.3661 5.1536
v 22606.4624 30616.3471 5.1429
v 22606.4624 30616.3471 5.1429
v 22606.4624 30616.3471 5.1429
v 22606.4624 30616.3471 5.1429
v 22606.4624 30616.3471 5.1429
v 22606.4624 30616.3471 5.1429
v 22556.3654 30563.0990 11.7872
v 22556.3654 30563.0990 11.7872
v 22556.3654 30563.0990 11.7872
v 22556.3654 30563.0990 11.7872
v 22556.3654 30563.0990 11.7872
v 22556.3654 30563.0990 11.7872
v 22556.3654 30563.0990 11.7872
v 22556.3654 30563.0990 11.7872
v 22556.3654 30563.0990 11.7872
v 22556.3654 30563.0990 11.7872
v 22551.5926 30567.5153 11.8129
v 22551.5926 30567.5153 11.8129
v 22551.5926 30567.5153 11.8129
v 22551.5926 30567.5153 11.8129
v 22551.5926 30567.5153 11.8129
v 22551.7326 30567.3676 11.8132
v 22551.7326 30567.3676 11.8132
v 22551.7326 30567.3676 11.8132
v 22551.7326 30567.3676 11.8132
v 22551.7326 30567.3676 11.8132
v 22549.2936 30567.3364 11.7705
v 22549.2936 30567.3364 11.7705
v 22549.2936 30567.3364 11.7705
v 22549.2936 30567.3364 11.7705
v 22549.2936 30567.3364 11.7705
v 22549.2936 30567.3364 11.7705
v 22549.2936 30567.3364 11.7705
v 22549.2936 30567.3364 11.7705
v 22549.2936 30567.3364 11.7705
v 22549.2936 30567.3364 11.7705
v 22544.7117 30564.9963 11.9370
v 22544.7117 30564.9963 11.9370
v 22544.7117 30564.9963 11.9370
v 22544.7117 30564.9963 11.9370
v 22544.7117 30564.9963 11.9370
v 22544.7117 30564.9963 11.9370
v 22544.7117 30564.9963 11.9370
v 22544.7117 30564.9963 11.9370
v 22544.7117 30564.9963 11.9370
v 22530.4809 30553.6415 13.0591
v 22530.4809 30553.6415 13.0591
v 22530.4809 30553.6415 13.0591
v 22530.4809 30553.6415 13.0591
v 22530.4809 30553.6415 13.0591
v 22529.0816 30562.1290 13.1973
v 22529.0816 30562.1290 13.1973
v 22529.0816 30562.1290 13.1973
v 22529.0816 30562.1290 13.1973
v 22529.0816 30562.1290 13.1973
v 22529.0816 30562.1290 13.1973
v 22529.0816 30562.1290 13.1973
v 22529.0816 30562.1290 13.1973
v 22519.4271 30560.6509 13.2941
v 22519.4271 30560.6509 13.2941
v 22519.4271 30560.6509 13.2941
v 22519.4271 30560.6509 13.2941
v 22519.4271 30560.6509 13.2941
v 22519.4271 30560.6509 13.2941
v 22519.4270 30560.6508 0.0004
v 22519.4270 30560.6508 0.0004
v 22519.4270 30560.6508 0.0004
v 22514.1364 30559.4920 14.2075
v 22514.1364 30559.4920 14.2075
v 22514.1364 30559.4920 14.2075
v 22514.1364 30559.4920 14.2075
v 22514.1364 30559.4920 14.2075
v 22514.1364 30559.4920 14.2075
v 22514.1364 30559.4920 14.2075
v 22514.1363 30559.4918 0.0004
v 22514.1363 30559.4918 0.0004
v 22514.1363 30559.4918 0.0004
v 22512.8435 30559.8757 14.3213
v 22512.8435 30559.8757 14.3213
v 22512.8435 30559.8757 14.3213
v 22512.8435 30559.8757 14.3213
v 22512.8435 30559.8757 14.3213
v 22512.8435 30559.8757 14.3213
v 22512.8435 30559.8757 14.3213
v 22512.8434 30559.8756 0.0004
v 22512.8434 30559.8756 0.0004
v 22504.4081 30561.5700 14.3215
v 22504.4081 30561.5700 14.3215
v 22504.4081 30561.5700 14.3215
v 22504.4081 30561.5700 14.3215
v 22504.4081 30561.5700 14.3215
v 22504.4081 30561.5700 14.3130
v 22504.4081 30561.5700 14.3130
v 22504.4081 30561.5700 14.3130
v 22504.4081 30561.5700 14.3130
v 22504.4081 30561.5700 14.3130
v 22504.4081 30561.5700 14.3130
v 22504.4287 30561.5689 14.3126
v 22504.4287 30561.5689 14.3126
v 22504.4287 30561.5689 14.3126
v 22504.4287 30561.5689 14.3126
v 22512.6843 30575.8243 13.8860
v 22512.6843 30575.8243 13.8860
v 22512.6843 30575.8243 13.8860
v 22512.6843 30575.8243 13.8860
v 22512.6843 30575.8243 13.8860
v 22512.6843 30575.8243 13.8860
v 22512.5785 30576.2879 13.8804
v 22512.5785 30576.2879 13.8804
v 22512.5785 30576.2879 13.8804
v 22512.5785 30576.2879 13.8804
v 22512.5719 30576.3169 13.8799
v 22512.5719 30576.3169 13.8799
v 22512.5719 30576.3169 13.8799
v 22512.5719 30576.3169 13.8799
v 22512.5719 30576.3169 13.8799
v 22513.1559 30578.8751 13.8071
v 22513.1559 30578.8751 13.8071
v 22513.1559 30578.8751 13.8071
v 22513.1559 30578.8751 13.8071
v 22513.1878 30578.9151 13.8055
v 22513.1878 30578.9151 13.8055
v 22513.1878 30578.9151 13.8055
v 22513.1878 30578.9151 13.8055
v 22513.1878 30578.9151 13.8055
v 22513.2693 30579.0173 13.7997
v 22513.2693 30579.0173 13.7997
v 22513.2693 30579.0173 13.7997
v 22513.2693 30579.0173 13.7997
v 22513.2693 30579.0173 13.7997
v 22514.3074 30580.3190 13.2914
v 22514.3074 30580.3190 13.2914
v 22514.3074 30580.3190 13.2914
v 22514.3074 30580.3190 13.2914
v 22514.7920 30580.9266 13.2731
v 22514.7920 30580.9266 13.2731
v 22514.7920 30580.9266 13.2731
v 22514.7920 30580.9266 13.2731
v 22515.5332 30581.2835 13.2373
v 22515.5332 30581.2835 13.2373
v 22515.5332 30581.2835 13.2373
v 22515.5332 30581.2835 13.2373
v 22515.7027 30581.3652 13.2244
v 22515.7027 30581.3652 13.2244
v 22515.7027 30581.3652 13.2244
v 22515.7027 30581.3652 13.2244
v 22515.7027 30581.3652 13.2244
v 22515.7027 30581.3652 13.2244
v 22517.6208 30590.2811 12.7549
v 22517.6208 30590.2811 12.7549
v 22517.6208 30590.2811 12.7549
v 22517.6208 30590.2811 12.7549
v 22517.6208 30590.2811 12.7549
v 22517.6208 30590.2811 12.7549
v 22521.4482 30592.2761 12.7549
v 22521.4482 30592.2761 12.7549
v 22521.4482 30592.2761 12.7549
v 22521.4482 30592.2761 12.7549
v 22521.4482 30592.2761 12.7549
v 22521.4482 30592.2761 12.7549
v 22521.4482 30592.2761 12.7549
v 22521.4482 30592.2761 12.7549
v 22521.4482 30592.2761 12.7549
v 22521.4482 30592.2761 12.6976
v 22521.4482 30592.2761 12.6976
v 22521.4482 30592.2761 12.6976
v 22521.4482 30592.2761 12.6976
v 22521.4482 30592.2761 12.6976
v 22534.2684 30590.6161 12.6946
v 22534.2684 30590.6161 12.6946
v 22534.2684 30590.6161 12.6946
v 22534.2684 30590.6161 12.6946
v 22534.3199 30590.6095 12.6952
v 22534.3199 30590.6095 12.6952
v 22534.3199 30590.6095 12.6952
v 22534.3199 30590.6095 12.6952
v 22534.3199 30590.6095 12.6952
v 22534.3199 30590.6095 12.6952
v 22534.3359 30590.6074 12.6952
v 22534.3359 30590.6074 12.6952
v 22534.3359 30590.6074 12.6952
v 22534.3359 30590.6074 12.6952
v 22534.3440 30590.6063 12.6948
v 22534.3440 30590.6063 12.6948
v 22534.3440 30590.6063 12.6948
v 22534.3440 30590.6063 12.6948
v 22534.3440 30590.6063 12.6948
v 22534.3569 30590.6047 12.6943
v 22534.3569 30590.6047 12.6943
v 22534.3569 30590.6047 12.6943
v 22534.3569 30590.6047 12.6943
v 22534.3569 30590.6047 12.6943
v 22535.2611 30616.2568 11.5892
v 22535.2611 30616.2568 11.5892
v 22535.2611 30616.2568 11.5892
v 22535.2611 30616.2568 11.5892
v 22535.2611 30616.2568 11.5892
v 22535.2611 30616.2568 11.5892
v 22535.2611 30616.2568 0.0001
v 22535.2611 30616.2568 0.0001
v 22535.2611 30616.2568 0.0001
v 22535.5425 30622.6234 11.5898
v 22535.5425 30622.6234 11.5898
v 22535.5425 30622.6234 11.5898
v 22535.5425 30622.6234 11.5898
v 22535.5425 30622.6234 11.5898
v 22535.5425 30622.6234 0.0001
v 22535.5425 30622.6234 0.0001
v 22535.5425 30622.6234 0.0001
v 22535.6572 30623.5665 11.5899
v 22535.6572 30623.5665 11.5899
v 22535.6572 30623.5665 11.5899
v 22535.6572 30623.5665 11.5899
v 22535.6572 30623.5665 11.5899
v 22535.6572 30623.5665 0.0001
v 22535.6572 30623.5665 0.0001
v 22535.6572 30623.5665 0.0001
v 22536.1380 30624.6675 11.5899
v 22536.1380 30624.6675 11.5899
v 22536.1380 30624.6675 11.5899
v 22536.1380 30624.6675 11.5899
v 22536.1380 30624.6675 11.5899
v 22536.1380 30624.6675 0.0001
v 22536.1380 30624.6675 0.0001
v 22536.1380 30624.6675 0.0001
v 22538.1507 30627.8836 11.5902
v 22538.1507 30627.8836 11.5902
v 22538.1507 30627.8836 11.5902
v 22538.1507 30627.8836 11.5902
v 22538.1507 30627.8836 11.5902
v 22538.1507 30627.8836 11.5902
v 22538.1507 30627.8836 11.5902
v 22538.1507 30627.8836 11.5902
v 22538.1507 30627.8836 11.5902
v 22538.1507 30627.8836 11.5902
v 22538.1507 30627.8836 11.5902
v 22538.1507 30627.8836 11.5902
v 22538.1507 30627.8836 11.5902
v 22538.1507 30627.8836 0.0001
v 22538.1507 30627.8836 0.0001
v 22582.5589 30626.1278 92.0349
v 22582.5589 30626.1278 92.0349
v 22582.5589 30626.1278 92.0349
v 22582.5589 30626.1278 92.0349
v 22582.5589 30626.1278 92.0349
v 22582.5589 30626.1278 92.0349
v 22582.5589 30626.1278 92.0349
v 22582.5589 30626.1278 92.0349
v 22582.5589 30626.1278 92.0349
v 22582.5589 30626.1278 92.0349
v 22582.5589 30626.1278 92.0349
v 22524.5665 30628.4205 92.0349
v 22524.5665 30628.4205 92.0349
v 22524.5665 30628.4205 92.0349
v 22524.5665 30628.4205 92.0349
v 22524.5665 30628.4205 91.8699
v 22524.5665 30628.4205 91.8699
v 22524.5665 30628.4205 91.8699
v 22524.5665 30628.4205 91.8699
v 22524.5665 30628.4205 91.8699
v 22524.5665 30628.4205 91.8699
v 22524.5665 30628.4205 91.8699
v 22524.5665 30628.4205 91.8699
v 22524.6539 30631.8993 91.8699
v 22524.6539 30631.8993 91.8699
v 22524.6539 30631.8993 91.8699
v 22524.6539 30631.8993 92.0349
v 22524.6539 30631.8993 92.0349
v 22524.6539 30631.8993 92.0349
v 22524.6539 30631.8993 92.0349
v 22524.6539 30631.8993 92.0349
v 22524.6539 30631.8993 92.0349
v 22524.6539 30631.8993 92.0349
v 22524.6539 30631.8993 92.0349
v 22524.6539 30631.8993 92.0349
v 22521.3384 30632.0069 97.9499
v 22521.3384 30632.0069 97.9499
v 22521.3384 30632.0069 97.9499
v 22521.3384 30632.0069 97.9499
v 22521.3384 30632.0069 97.9499
v 22521.3384 30632.0069 97.9499
v 22521.3384 30632.0069 97.9499
v 22521.3384 30632.0069 97.9499
v 22515.7106 30633.5616 97.9499
v 22515.7106 30633.5616 97.9499
v 22515.7106 30633.5616 97.9499
v 22515.7106 30633.5616 97.9499
v 22515.7106 30633.5616 97.9499
v 22515.7106 30633.5616 97.9499
v 22515.7106 30633.5616 97.9499
v 22515.7106 30633.5616 97.9499
v 22515.7101 30633.5619 11.6299
v 22515.7101 30633.5619 11.6299
v 22515.7101 30633.5619 11.6299
v 22515.7101 30633.5619 11.6299
v 22515.7101 30633.5619 11.6299
v 22515.7101 30633.5619 11.6299
v 22508.9827 30633.7798 11.6299
v 22508.9827 30633.7798 11.6299
v 22508.9827 30633.7798 11.6299
v 22508.9827 30633.7798 11.6299
v 22508.9827 30633.7798 11.6299
v 22508.9827 30633.7798 11.6299
v 22508.9827 30633.7798 11.6299
v 22509.1945 30640.3046 11.6300
v 22509.1945 30640.3046 11.6300
v 22509.1945 30640.3046 11.6300
v 22509.1945 30640.3046 11.6300
v 22505.9921 30640.5523 92.0350
v 22505.9921 30640.5523 92.0350
v 22505.9921 30640.5523 92.0350
v 22505.9921 30640.5523 92.0350
v 22505.9921 30640.5523 92.0350
v 22506.3038 30640.8290 92.0350
v 22506.3038 30640.8290 92.0350
v 22506.3038 30640.8290 92.0350
v 22506.3038 30640.8290 92.0350
v 22506.3038 30640.8290 92.0350
v 22506.3038 30640.8290 92.0350
v 22506.3038 30640.8290 92.0350
v 22507.6896 30674.2827 92.0352
v 22507.6896 30674.2827 92.0352
v 22507.6896 30674.2827 92.0352
v 22507.6896 30674.2827 92.0352
v 22507.6896 30674.2827 92.0352
v 22507.6896 30674.2827 92.0352
v 22507.6896 30674.2827 92.0352
v 22515.0902 30674.0959 92.0352
v 22515.0902 30674.0959 92.0352
v 22515.0902 30674.0959 92.0352
v 22515.0902 30674.0959 92.0352
v 22515.0902 30674.0959 92.0352
v 22515.0902 30674.0959 92.0352
v 22515.0902 30674.0959 92.0352
v 22514.9902 30671.6251 92.1652
v 22514.9902 30671.6251 92.1652
v 22514.9902 30671.6251 92.1652
v 22514.9902 30671.6251 92.1652
v 22514.9902 30671.6251 92.1652
v 22515.2899 30671.6130 92.1652
v 22515.2899 30671.6130 92.1652
v 22515.2899 30671.6130 92.1652
v 22515.2899 30671.6130 92.1652
v 22515.6831 30681.3266 92.1653
v 22515.6831 30681.3266 92.1653
v 22515.6831 30681.3266 92.1653
v 22515.6831 30681.3266 92.1653
v 22515.6831 30681.3266 92.1653
v 22515.6831 30681.3266 92.1653
v 22515.6831 30681.3266 92.1653
v 22529.0254 30681.0866 92.1652
v 22529.0254 30681.0866 92.1652
v 22529.0254 30681.0866 92.1652
v 22529.0254 30681.0866 92.1652
v 22529.0254 30681.0866 92.1652
v 22529.0254 30681.0866 92.1652
v 22529.0254 30681.0866 92.1652
v 22529.0254 30681.0866 92.1652
v 22529.0254 30681.0866 92.1652
v 22529.0254 30681.0866 92.1652
v 22529.0254 30681.0866 92.1652
v 22528.8802 30677.4922 8.0752
v 22528.8802 30677.4922 8.0752
v 22528.8802 30677.4922 8.0752
v 22528.8802 30677.4922 8.0752
v 22528.8802 30677.4922 8.0752
v 22528.8802 30677.4922 8.0752
v 22528.8802 30677.4922 8.0752
v 22528.8802 30677.4922 8.0752
v 22528.8802 30677.4922 8.0752
v 22564.2335 30676.2411 5.6301
v 22564.2335 30676.2411 5.6301
v 22564.2335 30676.2411 5.6301
v 22564.2335 30676.2411 5.6301
v 22564.2335 30676.2411 5.6301
v 22565.1526 30702.1462 5.6305
v 22565.1526 30702.1462 5.6305
v 22565.1526 30702.1462 5.6305
v 22565.1526 30702.1462 5.6305
v 22565.1526 30702.1462 5.6305
v 22570.6639 30701.9506 5.6305
v 22570.6639 30701.9506 5.6305
v 22570.6639 30701.9506 5.6305
v 22570.6639 30701.9506 5.6305
v 22570.6639 30701.9506 5.6305
v 22570.6639 30701.9506 5.6305
v 22570.9419 30711.8532 25.0956
v 22570.9419 30711.8532 25.0956
v 22570.9419 30711.8532 25.0956
v 22570.9419 30711.8532 25.0956
v 22570.9419 30711.8532 25.0956
v 22570.9419 30711.8532 25.0956
v 22570.9419 30711.8532 25.0956
v 22570.9419 30711.8532 25.0956
v 22570.9419 30711.8532 25.0956
v 22570.9419 30711.8532 25.0956
v 22570.9419 30711.8532 25.0956
v 22575.4169 30712.8510 5.4607
v 22575.4169 30712.8510 5.4607
v 22575.4169 30712.8510 5.4607
v 22575.4169 30712.8510 5.4607
v 22575.4169 30712.8510 5.4607
v 22575.4169 30712.8510 5.4607
v 22575.4169 30712.8510 5.4607
v 22575.3514 30714.2164 5.4607
v 22575.3514 30714.2164 5.4607
v 22575.3514 30714.2164 5.4607
v 22575.3514 30714.2164 5.4607
v 22589.1228 30720.0021 5.4608
v 22589.1228 30720.0021 5.4608
v 22589.1228 30720.0021 5.4608
v 22589.1228 30720.0021 5.4608
v 22589.1228 30720.0021 5.4608
v 22589.1228 30720.0021 5.4608
v 22589.1309 30717.2664 5.4608
v 22589.1309 30717.2664 5.4608
v 22589.1309 30717.2664 5.4608
v 22589.1309 30717.2664 5.4608
v 22589.1309 30717.2664 5.4608
v 22589.1309 30717.2664 5.4608
v 22600.5824 30722.2380 29.8510
v 22600.5824 30722.2380 29.8510
v 22600.5824 30722.2380 29.8510
v 22600.5824 30722.2380 29.8510
v 22600.5824 30722.2380 29.8510
v 22600.5824 30722.2380 29.8510
v 22601.3471 30716.5777 20.4909
v 22601.3471 30716.5777 20.4909
v 22601.3471 30716.5777 20.4909
v 22601.3471 30716.5777 20.4909
v 22601.3471 30716.5777 20.4909
v 22601.4274 30715.9830 20.4909
v 22601.4274 30715.9830 20.4909
v 22601.4274 30715.9830 20.4909
v 22601.4274 30715.9830 20.4909
v 22601.4274 30715.9830 20.4909
v 22601.4274 30715.9830 20.4909
v 22601.4274 30715.9830 20.4909
v 22601.7500 30716.0216 20.4909
v 22601.7500 30716.0216 20.4909
v 22601.7500 30716.0216 20.4909
v 22601.7500 30716.0216 20.4909
v 22601.4273 30715.9829 29.8509
v 22601.4273 30715.9829 29.8509
v 22601.4273 30715.9829 29.8509
v 22601.4273 30715.9829 29.8509
v 22601.4273 30715.9829 29.8509
v 22601.4273 30715.9829 29.8509
v 22601.4273 30715.9829 29.8509
v 22601.4273 30715.9829 29.8509
v 22601.4273 30715.9829 29.8509
v 22601.4273 30715.9829 29.8509
v 22601.4273 30715.9829 29.8509
v 22601.4273 30715.9829 29.8509
v 22601.4273 30715.9829 29.8509
v 22601.4273 30715.9829 29.8509
v 22601.4273 30715.9829 29.8509
v 22601.4273 30715.9829 29.8509
v 22601.4273 30715.9829 29.8509
v 22606.9277 30675.2628 21.6004
v 22606.9277 30675.2628 21.6004
v 22606.9277 30675.2628 21.6004
v 22606.9277 30675.2628 21.6004
v 22606.9277 30675.2628 21.6004
v 22606.9277 30675.2628 21.6004
v 22606.9277 30675.2628 21.6004
v 22607.2132 30675.3041 20.4904
v 22607.2132 30675.3041 20.4904
v 22607.2132 30675.3041 20.4904
v 22607.2132 30675.3041 20.4904
v 22607.2132 30675.3041 20.4904
v 22607.2132 30675.3041 20.4904
v 22607.2132 30675.3041 20.4904
v 22607.2596 30675.3108 20.4904
v 22607.2596 30675.3108 20.4904
v 22607.2596 30675.3108 20.4904
v 22607.2596 30675.3108 20.4904
v 22607.2596 30675.3108 20.4904
v 22607.2596 30675.3108 20.4904
v 22607.2596 30675.3108 20.4904
v 22609.1854 30661.7806 11.4553
v 22609.1854 30661.7806 11.4553
v 22609.1854 30661.7806 11.4553
v 22609.1854 30661.7806 11.4553
v 22609.1854 30661.7806 11.4553
v 22609.1854 30661.7806 11.4553
v 22617.5632 30641.5920 11.4552
v 22617.5632 30641.5920 11.4552
v 22617.5632 30641.5920 11.4552
v 22617.5632 30641.5920 11.4552
v 22617.5632 30641.5920 11.4552
v 22617.5632 30641.5920 11.4552
v 22617.5632 30641.5920 11.4552
v 22617.5632 30641.5920 11.4552
v 22617.5632 30641.5920 11.4552
v 22618.1355 30637.2638 11.4552
v 22618.1355 30637.2638 11.4552
v 22618.1355 30637.2638 11.4552
v 22618.1355 30637.2638 11.4552
v 22618.1244 30639.5491 11.4552
v 22618.1244 30639.5491 11.4552
v 22618.1244 30639.5491 11.4552
v 22618.1244 30639.5491 11.4552
v 22618.1244 30639.5491 11.4552
v 22617.7500 30635.2370 11.4552
v 22617.7500 30635.2370 11.4552
v 22617.7500 30635.2370 11.4552
v 22617.7500 30635.2370 11.4552
v 22617.7500 30635.2370 11.4552
v 22617.7500 30635.2370 11.4552
v 22616.9228 30633.1951 11.4552
v 22616.9228 30633.1951 11.4552
v 22616.9228 30633.1951 11.4552
v 22616.9228 30633.1951 11.4552
v 22616.9228 30633.1951 11.4552
v 22615.6112 30631.1979 11.4552
v 22615.6112 30631.1979 11.4552
v 22615.6112 30631.1979 11.4552
v 22615.6112 30631.1979 11.4552
v 22615.6112 30631.1979 11.4552
v 22614.1443 30629.7532 11.4552
v 22614.1443 30629.7532 11.4552
v 22614.1443 30629.7532 11.4552
v 22614.1443 30629.7532 11.4552
v 22614.1443 30629.7532 11.4552
v 22614.1443 30629.7532 11.4552
v 22611.2418 30626.9464 11.4551
v 22611.2418 30626.9464 11.4551
v 22611.2418 30626.9464 11.4551
v 22611.2418 30626.9464 11.4551
v 22611.2418 30626.9464 11.4551
v 22611.2418 30626.9464 11.4551
v 22611.2418 30626.9464 11.4551
v 22611.2418 30626.9464 11.4551
v 22611.2418 30626.9464 11.4551
v 22611.2418 30626.9464 11.4551
v 22609.1663 30624.8440 8.0901
v 22609.1663 30624.8440 8.0901
v 22609.1663 30624.8440 8.0901
v 22609.1663 30624.8440 8.0901
v 22613.3287 30620.5854 8.0901
v 22613.3287 30620.5854 8.0901
v 22613.3287 30620.5854 8.0901
v 22613.3287 30620.5854 8.0901
v 22613.3287 30620.5854 8.0901
v 22613.3287 30620.5854 8.0901
v 22612.1047 30619.3889 8.0901
v 22612.1047 30619.3889 8.0901
v 22612.1047 30619.3889 8.0901
v 22612.1047 30619.3889 8.0901
v 22612.1047 30619.3889 8.0901
v 22612.1047 30619.3889 8.0901
v 22612.1047 30619.3889 8.0901
v 22610.3387 30621.1958 4.2302
v 22610.3387 30621.1958 4.2302
v 22610.3387 30621.1958 4.2302
v 22610.3387 30621.1958 4.2302
v 22610.3387 30621.1958 4.2302
v 22608.2013 30618.9011 4.5805
v 22608.2013 30618.9011 4.5805
v 22608.2013 30618.9011 4.5805
v 22608.2013 30618.9011 4.5805
v 22608.2013 30618.9011 4.5805
v 22608.2013 30618.9011 4.5805
v 22609.9375 30617.2008 8.2001
v 22609.9375 30617.2008 8.2001
v 22609.9375 30617.2008 8.2001
v 22609.9375 30617.2008 8.2001
v 22609.9375 30617.2008 8.2001
v 22609.9375 30617.2008 8.2001
v 22607.8096 30615.0279 8.2001
v 22607.8096 30615.0279 8.2001
v 22607.8096 30615.0279 8.2001
v 22607.8096 30615.0279 8.2001
v 22607.8096 30615.0279 8.2001
v 22607.8096 30615.0279 8.2001
v 22607.8096 30615.0279 8.2001
v 22607.8096 30615.0279 8.2001
v 22607.8096 30615.0279 8.2001
v 22607.8096 30615.0279 8.2001
v 22606.8156 30616.0012 5.1015
v 22606.8156 30616.0012 5.1015
v 22606.8156 30616.0012 5.1015
v 22606.8156 30616.0012 5.1015
v 22606.8156 30616.0012 5.1015
v 22556.3673 30563.0972 11.7870
v 22556.3673 30563.0972 11.7870
v 22556.3673 30563.0972 11.7870
v 22556.3673 30563.0972 11.7870
v 22556.3673 30563.0972 11.7870
v 22556.3673 30563.0972 11.7870
v 22556.3766 30563.0886 11.8303
v 22556.3766 30563.0886 11.8303
v 22556.3766 30563.0886 11.8303
v 22556.3766 30563.0886 11.8303
v 22556.3766 30563.0886 11.8303
v 22556.3766 30563.0886 11.8303
v 22556.3766 30563.0886 11.8303
v 22556.3766 30563.0886 11.8303
v 22552.8304 30559.5728 11.8493
v 22552.8304 30559.5728 11.8493
v 22552.8304 30559.5728 11.8493
v 22552.8304 30559.5728 11.8493
v 22552.8304 30559.5728 11.8493
v 22552.8304 30559.5728 11.8493
v 22552.8304 30559.5728 11.8493
v 22551.0322 30558.3096 12.0564
v 22551.0322 30558.3096 12.0564
v 22551.0322 30558.3096 12.0564
v 22551.0322 30558.3096 12.0564
v 22549.1844 30557.3950 12.0367
v 22549.1844 30557.3950 12.0367
v 22549.1844 30557.3950 12.0367
v 22549.1844 30557.3950 12.0367
v 22549.1844 30557.3950 12.0367
v 22549.1844 30557.3950 12.0367
v 22530.4824 30553.6330 13.0594
v 22530.4824 30553.6330 13.0594
v 22530.4824 30553.6330 13.0594
v 22530.4824 30553.6330 13.0594
v 22530.4824 30553.6330 13.0594
v 22530.4824 30553.6330 13.0594
v 22530.4831 30553.6287 13.0733
v 22530.4831 30553.6287 13.0733
v 22530.4831 30553.6287 13.0733
v 22530.4831 30553.6287 13.0733
v 22530.4831 30553.6287 13.0733
v 22526.5283 30552.0008 13.3073
v 22526.5283 30552.0008 13.3073
v 22526.5283 30552.0008 13.3073
v 22526.5283 30552.0008 13.3073
v 22526.5283 30552.0008 13.3073
v 22526.5283 30552.0008 13.3073
v 22526.5283 30552.0008 13.3073
v 22523.5928 30550.0148 13.7433
v 22523.5928 30550.0148 13.7433
v 22523.5928 30550.0148 13.7433
v 22523.5928 30550.0148 13.7433
v 22523.5928 30550.0148 13.7433
v 22523.5928 30550.0148 13.7433
v 22520.5721 30546.8474 13.7404
v 22520.5721 30546.8474 13.7404
v 22520.5721 30546.8474 13.7404
v 22520.5721 30546.8474 13.7404
v 22520.5721 30546.8474 13.7404
v 22520.5721 30546.8474 13.7404
v 22520.5721 30546.8474 13.7404
v 22515.0959 30509.9986 18.8407
v 22515.0959 30509.9986 18.8407
v 22515.0959 30509.9986 18.8407
v 22515.0959 30509.9986 18.8407
v 22526.0948 30520.7166 18.5291
v 22526.0948 30520.7166 18.5291
v 22526.0948 30520.7166 18.5291
v 22526.0948 30520.7166 18.5291
v 22526.0948 30520.7166 18.5291
v 22510.5232 30516.0731 17.4846
v 22510.5232 30516.0731 17.4846
v 22510.5232 30516.0731 17.4846
v 22510.5232 30516.0731 17.4846
v 22510.5232 30516.0731 17.4846
v 22510.5232 30516.0731 17.4846
v 22510.5232 30516.0731 17.4846
v 22521.3430 30525.4840 17.4897
v 22521.3430 30525.4840 17.4897
v 22521.3430 30525.4840 17.4897
v 22521.3430 30525.4840 17.4897
v 22521.3430 30525.4840 17.4897
v 22519.0751 30528.7312 16.7790
v 22519.0751 30528.7312 16.7790
v 22519.0751 30528.7312 16.7790
v 22519.0751 30528.7312 16.7790
v 22519.0751 30528.7312 16.7790
v 22519.0751 30528.7312 16.7790
v 22506.9431 30523.4656 16.7224
v 22506.9431 30523.4656 16.7224
v 22506.9431 30523.4656 16.7224
v 22506.9431 30523.4656 16.7224
v 22506.9431 30523.4656 16.7224
v 22506.9431 30523.4656 16.7224
v 22518.0754 30533.4238 15.7115
v 22518.0754 30533.4238 15.7115
v 22518.0754 30533.4238 15.7115
v 22518.0754 30533.4238 15.7115
v 22518.0754 30533.4238 15.7115
v 22518.0754 30533.4238 15.7115
v 22518.0754 30533.4238 15.7115
v 22505.3911 30531.0264 16.1800
v 22505.3911 30531.0264 16.1800
v 22505.3911 30531.0264 16.1800
v 22505.3911 30531.0264 16.1800
v 22505.3911 30531.0264 16.1800
v 22504.9449 30540.2311 15.5244
v 22504.9449 30540.2311 15.5244
v 22504.9449 30540.2311 15.5244
v 22504.9449 30540.2311 15.5244
v 22504.9449 30540.2311 15.5244
v 22504.9449 30540.2311 15.5244
v 22504.9449 30540.2311 15.5244
v 22504.9449 30540.2311 15.5244
v 22517.8643 30540.2865 14.2374
v 22517.8643 30540.2865 14.2374
v 22517.8643 30540.2865 14.2374
v 22517.8643 30540.2865 14.2374
v 22517.8643 30540.2865 14.2374
v 22518.9875 30543.6019 13.8805
v 22518.9875 30543.6019 13.8805
v 22518.9875 30543.6019 13.8805
v 22518.9875 30543.6019 13.8805
v 22518.9875 30543.6019 13.8805
v 22504.2353 30556.8585 14.6124
v 22504.2353 30556.8585 14.6124
v 22504.2353 30556.8585 14.6124
v 22504.2353 30556.8585 14.6124
v 22504.2353 30556.8585 14.6124
v 22504.2353 30556.8585 14.6124
v 22504.2353 30556.8585 14.6124
v 22504.2353 30556.8585 14.6124
v 22504.2353 30556.8585 14.6124
v 22504.2353 30556.8585 14.6124
v 22504.4066 30561.5308 14.3137
v 22504.4066 30561.5308 14.3137
v 22504.4066 30561.5308 14.3137
v 22504.4066 30561.5308 14.3137
v 22504.4066 30561.5308 14.3137
v 22504.4049 30561.4848 14.3151
v 22504.4049 30561.4848 14.3151
v 22504.4049 30561.4848 14.3151
v 22504.4049 30561.4848 14.3151
v 22504.4049 30561.4848 14.3151
v 22504.3807 30561.4861 14.3151
v 22504.3807 30561.4861 14.3151
v 22504.3807 30561.4861 14.3151
v 22504.3807 30561.4861 14.3151
v 22504.9468 30577.5639 14.0273
v 22504.9468 30577.5639 14.0273
v 22504.9468 30577.5639 14.0273
v 22504.9468 30577.5639 14.0273
v 22504.9468 30577.5639 14.0273
v 22504.9468 30577.5639 14.0273
v 22504.9468 30577.5639 14.0273
v 22504.9468 30577.5639 14.0273
v 22504.9468 30577.5639 14.0273
v 22504.9468 30577.5639 14.0273
v 22504.9468 30577.5639 14.0273
v 22504.9468 30577.5639 14.0273
v 22504.9468 30577.5639 14.0273
v 22504.9468 30577.5639 14.0273
v 22504.9468 30577.5639 14.0273
v 22505.8410 30581.1422 13.8723
v 22505.8410 30581.1422 13.8723
v 22505.8410 30581.1422 13.8723
v 22505.8410 30581.1422 13.8723
v 22507.3437 30584.0210 13.7222
v 22507.3437 30584.0210 13.7222
v 22507.3437 30584.0210 13.7222
v 22507.3437 30584.0210 13.7222
v 22507.3437 30584.0210 13.7222
v 22507.3437 30584.0210 13.7222
v 22507.3437 30584.0210 13.7222
v 22507.3437 30584.0210 13.7222
v 22507.3437 30584.0210 13.7222
v 22507.3437 30584.0210 13.7222
v 22509.8497 30586.8701 13.2781
v 22509.8497 30586.8701 13.2781
v 22509.8497 30586.8701 13.2781
v 22509.8497 30586.8701 13.2781
v 22513.3219 30588.8055 13.2252
v 22513.3219 30588.8055 13.2252
v 22513.3219 30588.8055 13.2252
v 22513.3219 30588.8055 13.2252
v 22513.3219 30588.8055 13.2252
v 22513.3219 30588.8055 13.2252
v 22513.3219 30588.8055 13.2252
v 22517.6349 30590.2884 12.7533
v 22517.6349 30590.2884 12.7533
v 22517.6349 30590.2884 12.7533
v 22517.6349 30590.2884 12.7533
v 22517.6349 30590.2884 12.7533
v 22521.4461 30592.2750 12.6976
v 22521.4461 30592.2750 12.6976
v 22521.4461 30592.2750 12.6976
v 22521.4461 30592.2750 12.6976
v 22521.4461 30592.2750 12.6976
v 22521.4461 30592.2750 12.6976
v 22521.4461 30592.2750 12.6976
v 22524.1616 30594.9130 12.6020
v 22524.1616 30594.9130 12.6020
v 22524.1616 30594.9130 12.6020
v 22524.1616 30594.9130 12.6020
v 22524.1616 30594.9130 12.6020
v 22524.1616 30594.9130 12.6020
v 22524.1616 30594.9130 12.6020
v 22526.0597 30597.6088 12.6585
v 22526.0597 30597.6088 12.6585
v 22526.0597 30597.6088 12.6585
v 22526.0597 30597.6088 12.6585
v 22526.0597 30597.6088 12.6585
v 22527.2248 30600.7038 12.6348
v 22527.2248 30600.7038 12.6348
v 22527.2248 30600.7038 12.6348
v 22527.2248 30600.7038 12.6348
v 22527.2248 30600.7038 12.6348
v 22527.2248 30600.7038 12.6348
v 22527.2248 30600.7038 12.6348
v 22527.7945 30605.6192 12.3913
v 22527.7945 30605.6192 12.3913
v 22527.7945 30605.6192 12.3913
v 22527.7945 30605.6192 12.3913
v 22527.7945 30605.6192 12.3913
v 22527.7945 30605.6192 12.3913
v 22527.7945 30605.6192 12.3913
v 22528.0395 30616.2855 11.5893
v 22528.0395 30616.2855 11.5893
v 22528.0395 30616.2855 11.5893
v 22528.0395 30616.2855 11.5893
v 22528.0395 30616.2855 11.5893
v 22528.0395 30616.2855 11.5893
v 22528.0395 30616.2855 11.5893
v 22528.0395 30616.2855 11.5893
v 22528.0395 30616.2855 11.5893
v 22526.8280 30620.7807 11.5898
v 22526.8280 30620.7807 11.5898
v 22526.8280 30620.7807 11.5898
v 22526.8280 30620.7807 11.5898
v 22526.8280 30620.7807 11.5898
v 22526.0376 30623.0303 11.5900
v 22526.0376 30623.0303 11.5900
v 22526.0376 30623.0303 11.5900
v 22526.0376 30623.0303 11.5900
v 22526.0376 30623.0303 11.5900
v 22526.0376 30623.0303 11.5900
v 22525.7843 30625.4205 11.5902
v 22525.7843 30625.4205 11.5902
v 22525.7843 30625.4205 11.5902
v 22525.7843 30625.4205 11.5902
v 22525.9294 30628.3668 11.5905
v 22525.9294 30628.3668 11.5905
v 22525.9294 30628.3668 11.5905
v 22525.9294 30628.3668 11.5905
v 22525.9294 30628.3668 11.5905
v 22525.9294 30628.3668 11.5905
v 22525.9294 30628.3668 11.5905
v 22525.2202 30628.3946 91.8699
v 22525.2202 30628.3946 91.8699
v 22525.2202 30628.3946 91.8699
v 22525.2202 30628.3946 91.8699
v 22525.2202 30628.3946 91.8699
v 22525.1951 30627.3185 91.8699
v 22525.1951 30627.3185 91.8699
v 22525.1951 30627.3185 91.8699
v 22525.1951 30627.3185 91.8699
v 22525.1951 30627.3185 91.8699
v 22525.1951 30627.3185 91.8699
v 22523.5700 30627.3564 91.8699
v 22523.5700 30627.3564 91.8699
v 22523.5700 30627.3564 91.8699
v 22523.5700 30627.3564 91.8699
v 22523.6764 30631.9310 91.8699
v 22523.6764 30631.9310 91.8699
v 22523.6764 30631.9310 91.8699
v 22523.6764 30631.9310 91.8699
v 22523.6764 30631.9310 91.8699
v 22523.6764 30631.9310 91.8699
v 22523.6764 30631.9310 91.8699
v 22523.6764 30631.9310 91.8699
v 22523.6764 30631.9310 91.8699
v 22519.8348 30625.0830 22.8399
v 22519.8348 30625.0830 22.8399
v 22519.8348 30625.0830 22.8399
v 22522.6870 30622.1725 22.8399
v 22522.6870 30622.1725 22.8399
v 22522.6870 30622.1725 22.8399
v 22522.6870 30622.1725 22.8399
v 22522.6870 30622.1725 22.8399
v 22519.8349 30625.0829 29.2999
v 22519.8349 30625.0829 29.2999
v 22519.8349 30625.0829 29.2999
v 22519.8349 30625.0829 29.2999
v 22519.8349 30625.0829 29.2999
v 22522.6871 30622.1725 29.2999
v 22522.6871 30622.1725 29.2999
v 22522.6871 30622.1725 29.2999
v 22522.6871 30622.1725 29.2999
v 22522.6871 30622.1725 29.2999
v 22523.0132 30629.2440 29.2999
v 22523.0132 30629.2440 29.2999
v 22523.0132 30629.2440 29.2999
v 22523.0132 30629.2440 29.2999
v 22523.0132 30629.2440 29.2999
v 22523.0131 30629.2441 22.8399
v 22523.0131 30629.2441 22.8399
v 22523.0131 30629.2441 22.8399
v 22523.0131 30629.2441 22.8399
v 22523.0131 30629.2441 22.8399
v 22523.0131 30629.2441 22.8399
v 22523.0131 30629.2441 22.8399
v 22523.6762 30631.9312 22.8399
v 22523.6762 30631.9312 22.8399
v 22523.6762 30631.9312 22.8399
v 22523.6762 30631.9312 22.8399
v 22523.6762 30631.9312 22.8399
v 22523.6762 30631.9312 22.8399
v 22519.9871 30632.0509 22.8399
v 22519.9871 30632.0509 22.8399
v 22519.9871 30632.0509 22.8399
v 22519.9871 30632.0509 22.8399
v 22519.9871 30632.0509 22.8399
v 22519.9871 30632.0509 22.8399
v 22519.9871 30632.0509 22.8399
v 22519.9871 30632.0509 22.8399
v 22519.9871 30632.0509 29.2999
v 22519.9871 30632.0509 29.2999
v 22519.9871 30632.0509 29.2999
v 22519.9871 30632.0509 29.2999
v 22519.9871 30632.0509 29.2999
v 22519.9871 30632.0509 29.2999
v 22519.9871 30632.0509 29.2999
v 22523.6762 30631.9312 29.2999
v 22523.6762 30631.9312 29.2999
v 22523.6762 30631.9312 29.2999
v 22523.6762 30631.9312 29.2999
v 22523.6131 30629.2196 29.2999
v 22523.6131 30629.2196 29.2999
v 22523.6131 30629.2196 29.2999
v 22523.6131 30629.2196 29.2999
v 22523.6131 30629.2196 29.2999
v 22523.6131 30629.2196 29.2999
v 22523.6131 30629.2196 22.8399
v 22523.6131 30629.2196 22.8399
v 22523.6131 30629.2196 22.8399
v 22523.6131 30629.2196 22.8399
v 22523.6131 30629.2196 22.8399
v 22523.6131 30629.2196 22.8399
v 22523.6727 30631.7823 11.6299
v 22523.6727 30631.7823 11.6299
v 22523.6727 30631.7823 11.6299
v 22523.6727 30631.7823 11.6299
v 22523.6727 30631.7823 11.6299
v 22523.6727 30631.7823 11.6299
v 22523.6761 30631.9313 11.6299
v 22523.6761 30631.9313 11.6299
v 22523.6761 30631.9313 11.6299
v 22517.7906 30632.1222 11.6299
v 22517.7906 30632.1222 11.6299
v 22517.7906 30632.1222 11.6299
v 22517.7906 30632.1222 11.6299
v 22517.7906 30632.1222 11.6299
v 22517.7906 30632.1222 11.6299
v 22517.7906 30632.1222 11.6299
v 22515.6666 30632.1909 97.9499
v 22515.6666 30632.1909 97.9499
v 22515.6666 30632.1909 97.9499
v 22515.6666 30632.1909 97.9499
v 22515.6666 30632.1909 97.9499
v 22515.6666 30632.1909 97.9499
v 22515.6666 30632.1909 97.9499
v 22515.6666 30632.1909 97.9499
v 22515.6666 30632.1909 97.9499
v 22515.6666 30632.1909 97.9499
v 22515.6666 30632.1909 97.9499
v 22515.6679 30632.2449 11.6299
v 22515.6679 30632.2449 11.6299
v 22515.6679 30632.2449 11.6299
v 22515.6679 30632.2449 11.6299
v 22515.6679 30632.2449 11.6299
v 22510.1562 30632.5634 11.6299
v 22510.1562 30632.5634 11.6299
v 22510.1562 30632.5634 11.6299
v 22510.1562 30632.5634 11.6299
v 22510.1562 30632.5634 11.6299
v 22510.1562 30632.5634 11.6299
v 22509.8090 30626.5552 11.6299
v 22509.8090 30626.5552 11.6299
v 22509.8090 30626.5552 11.6299
v 22509.8090 30626.5552 11.6299
v 22509.8090 30626.5552 11.6299
v 22509.8090 30626.5552 11.6299
v 22505.4113 30626.5455 11.6299
v 22505.4113 30626.5455 11.6299
v 22505.4113 30626.5455 11.6299
v 22505.9916 30640.5526 11.6300
v 22505.9916 30640.5526 11.6300
v 22505.9916 30640.5526 11.6300
v 22505.9916 30640.5526 11.6300
v 22505.9916 30640.5526 11.6300
v 22505.9916 30640.5526 11.6300
v 22505.9916 30640.5526 11.6300
v 22505.9916 30640.5526 11.6300
v 22505.9916 30640.5526 11.6300
v 22505.9916 30640.5526 11.6300
v 22503.9350 30657.7115 5.3565
v 22503.9350 30657.7115 5.3565
v 22503.9350 30657.7115 5.3565
v 22503.9350 30657.7115 5.3565
v 22503.5973 30649.1769 5.3574
v 22503.5973 30649.1769 5.3574
v 22503.5973 30649.1769 5.3574
v 22503.5973 30649.1769 5.3574
v 22503.5973 30649.1769 5.3574
v 22503.9350 30657.7115 5.4065
v 22503.9350 30657.7115 5.4065
v 22503.9350 30657.7115 5.4065
v 22503.9350 30657.7115 5.4065
v 22503.9350 30657.7115 5.4065
v 22503.5973 30649.1769 5.4074
v 22503.5973 30649.1769 5.4074
v 22503.5973 30649.1769 5.4074
v 22503.5973 30649.1769 5.4074
v 22506.6989 30657.6274 5.7298
v 22506.6989 30657.6274 5.7298
v 22506.6989 30657.6274 5.7298
v 22506.6989 30657.6274 5.7298
v 22506.6989 30657.6274 5.7298
v 22506.3454 30649.0954 5.7288
v 22506.3454 30649.0954 5.7288
v 22506.3454 30649.0954 5.7288
v 22506.3454 30649.0954 5.7288
v 22506.3454 30649.0954 5.7288
v 22506.3454 30649.0954 5.7288
v 22506.3454 30649.0954 5.6788
v 22506.3454 30649.0954 5.6788
v 22506.3454 30649.0954 5.6788
v 22506.3454 30649.0954 5.6788
v 22506.3454 30649.0954 5.6788
v 22506.6989 30657.6274 5.6798
v 22506.6989 30657.6274 5.6798
v 22506.6989 30657.6274 5.6798
v 22506.6989 30657.6274 5.6798
v 22506.6989 30657.6274 5.6798
v 22506.6989 30657.6274 5.6798
v 22506.6989 30657.6274 5.6798
v 22506.6989 30657.6274 5.6798
v 22507.4021 30674.5900 92.0352
v 22507.4021 30674.5900 92.0352
v 22507.4021 30674.5900 92.0352
v 22507.4021 30674.5900 92.0352
v 22507.4021 30674.5900 92.0352
v 22507.4021 30674.5900 92.0352
v 22507.4021 30674.5900 92.0352
v 22507.4021 30674.5900 92.0352
v 22507.4021 30674.5900 92.0352
v 22507.4021 30674.5900 92.0352
v 22507.4021 30674.5900 88.4352
v 22507.4021 30674.5900 88.4352
v 22507.4021 30674.5900 88.4352
v 22515.1023 30674.3957 92.0352
v 22515.1023 30674.3957 92.0352
v 22515.1023 30674.3957 92.0352
v 22515.1023 30674.3957 92.0352
v 22515.1023 30674.3957 92.0352
v 22515.1023 30674.3957 92.0352
v 22515.1023 30674.3957 92.0352
v 22515.3955 30681.6385 92.1653
v 22515.3955 30681.6385 92.1653
v 22515.3955 30681.6385 92.1653
v 22515.3955 30681.6385 92.1653
v 22515.3955 30681.6385 92.1653
v 22515.3955 30681.6385 92.1653
v 22515.3955 30681.6385 92.1653
v 22515.3955 30681.6385 92.1653
v 22515.3955 30681.6385 92.1653
v 22515.3955 30681.6385 92.1653
v 22515.3950 30681.6395 0.0005
v 22515.3950 30681.6395 0.0005
v 22515.3950 30681.6395 0.0005
v 22529.0251 30681.0876 0.0004
v 22529.0251 30681.0876 0.0004
v 22528.8802 30677.4923 0.0004
v 22528.8802 30677.4923 0.0004
v 22528.8802 30677.4923 0.0004
v 22564.2335 30676.2412 0.0003
v 22564.2335 30676.2412 0.0003
v 22564.2335 30676.2412 0.0003
v 22565.1526 30702.1463 0.0006
v 22565.1526 30702.1463 0.0006
v 22565.1526 30702.1463 0.0006
v 22570.6639 30701.9507 0.0006
v 22570.6639 30701.9507 0.0006
v 22570.6639 30701.9507 0.0006
v 22570.6639 30701.9507 0.0006
v 22570.9420 30711.8536 0.0007
v 22570.9420 30711.8536 0.0007
v 22575.4170 30712.8510 0.0008
v 22575.4170 30712.8510 0.0008
v 22575.4170 30712.8510 0.0008
v 22575.3514 30714.2165 0.0008
v 22575.3514 30714.2165 0.0008
v 22575.3514 30714.2165 0.0008
v 22589.1228 30720.0021 0.0009
v 22589.1228 30720.0021 0.0009
v 22589.1228 30720.0021 0.0009
v 22589.1309 30717.2664 0.0009
v 22589.1309 30717.2664 0.0009
v 22589.1309 30717.2664 0.0009
v 22600.5826 30722.2385 0.0010
v 22600.5826 30722.2385 0.0010
v 22600.5826 30722.2385 0.0010
v 22600.5826 30722.2385 0.0010
v 22600.5826 30722.2385 0.0010
v 22606.9279 30675.2631 0.0004
v 22606.9279 30675.2631 0.0004
v 22606.9279 30675.2631 0.0004
v 22606.9279 30675.2631 0.0004
v 22607.2597 30675.3110 0.0004
v 22607.2597 30675.3110 0.0004
v 22607.2597 30675.3110 0.0004
v 22607.2597 30675.3110 0.0004
v 22609.1855 30661.7806 0.0003
v 22609.1855 30661.7806 0.0003
v 22609.1855 30661.7806 0.0003
v 22617.5634 30641.5920 0.0003
v 22617.5634 30641.5920 0.0003
v 22617.5634 30641.5920 0.0003
v 22618.1245 30639.5491 0.0003
v 22618.1245 30639.5491 0.0003
v 22618.1245 30639.5491 0.0003
v 22618.1356 30637.2638 0.0003
v 22618.1356 30637.2638 0.0003
v 22618.1356 30637.2638 0.0003
v 22617.7501 30635.2370 0.0003
v 22617.7501 30635.2370 0.0003
v 22617.7501 30635.2370 0.0003
v 22616.9230 30633.1952 0.0003
v 22616.9230 30633.1952 0.0003
v 22616.9230 30633.1952 0.0003
v 22615.6113 30631.1979 0.0003
v 22615.6113 30631.1979 0.0003
v 22615.6113 30631.1979 0.0003
v 22614.1445 30629.7532 0.0002
v 22614.1445 30629.7532 0.0002
v 22614.1445 30629.7532 0.0002
v 22611.2419 30626.9464 0.0002
v 22611.2419 30626.9464 0.0002
v 22611.2419 30626.9464 0.0002
v 22609.1664 30624.8440 0.0002
v 22609.1664 30624.8440 0.0002
v 22609.1664 30624.8440 0.0002
v 22609.1664 30624.8440 0.0002
v 22613.3288 30620.5854 0.0002
v 22613.3288 30620.5854 0.0002
v 22612.1048 30619.3890 0.0002
v 22612.1048 30619.3890 0.0002
v 22612.1048 30619.3890 0.0002
v 22610.3388 30621.1958 0.0002
v 22610.3388 30621.1958 0.0002
v 22610.3388 30621.1958 0.0002
v 22608.2014 30618.9011 0.0002
v 22608.2014 30618.9011 0.0002
v 22608.2014 30618.9011 0.0002
v 22609.9376 30617.2009 0.0002
v 22609.9376 30617.2009 0.0002
v 22609.9376 30617.2009 0.0002
v 22607.8096 30615.0279 0.0002
v 22607.8096 30615.0279 0.0002
v 22607.8096 30615.0279 0.0002
v 22606.8157 30616.0012 0.0002
v 22606.8157 30616.0012 0.0002
v 22606.8157 30616.0012 0.0002
v 22606.8157 30616.0012 0.0002
v 22556.3673 30563.0971 0.0002
v 22556.3673 30563.0971 0.0002
v 22556.3766 30563.0885 0.0002
v 22556.3766 30563.0885 0.0002
v 22556.3766 30563.0885 0.0002
v 22552.8304 30559.5727 0.0003
v 22552.8304 30559.5727 0.0003
v 22552.8304 30559.5727 0.0003
v 22551.0322 30558.3095 0.0003
v 22551.0322 30558.3095 0.0003
v 22551.0322 30558.3095 0.0003
v 22549.1844 30557.3949 0.0003
v 22549.1844 30557.3949 0.0003
v 22549.1844 30557.3949 0.0003
v 22530.4823 30553.6328 0.0004
v 22530.4823 30553.6328 0.0004
v 22530.4823 30553.6328 0.0004
v 22530.4823 30553.6328 0.0004
v 22530.4830 30553.6286 0.0004
v 22530.4830 30553.6286 0.0004
v 22530.4830 30553.6286 0.0004
v 22526.5283 30552.0007 0.0004
v 22526.5283 30552.0007 0.0004
v 22523.5928 30550.0147 0.0005
v 22523.5928 30550.0147 0.0005
v 22523.5928 30550.0147 0.0005
v 22520.5720 30546.8472 0.0005
v 22520.5720 30546.8472 0.0005
v 22520.5720 30546.8472 0.0005
v 22518.9874 30543.6017 0.0006
v 22518.9874 30543.6017 0.0006
v 22518.9874 30543.6017 0.0006
v 22517.8642 30540.2863 0.0006
v 22517.8642 30540.2863 0.0006
v 22517.8642 30540.2863 0.0006
v 22518.0753 30533.4236 0.0007
v 22518.0753 30533.4236 0.0007
v 22518.0753 30533.4236 0.0007
v 22519.0750 30528.7310 0.0007
v 22519.0750 30528.7310 0.0007
v 22519.0750 30528.7310 0.0007
v 22521.3429 30525.4837 0.0008
v 22521.3429 30525.4837 0.0008
v 22521.3429 30525.4837 0.0008
v 22526.0948 30520.7163 0.0008
v 22526.0948 30520.7163 0.0008
v 22526.0948 30520.7163 0.0008
v 22515.0958 30509.9982 0.0011
v 22515.0958 30509.9982 0.0011
v 22515.0958 30509.9982 0.0011
v 22510.5231 30516.0728 0.0010
v 22510.5231 30516.0728 0.0010
v 22510.5231 30516.0728 0.0010
v 22506.9430 30523.4653 0.0009
v 22506.9430 30523.4653 0.0009
v 22506.9430 30523.4653 0.0009
v 22505.3910 30531.0261 0.0008
v 22505.3910 30531.0261 0.0008
v 22505.3910 30531.0261 0.0008
v 22504.9448 30540.2309 0.0007
v 22504.9448 30540.2309 0.0007
v 22504.9448 30540.2309 0.0007
v 22504.2352 30556.8583 0.0005
v 22504.2352 30556.8583 0.0005
v 22504.2352 30556.8583 0.0005
v 22504.4048 30561.4847 0.0005
v 22504.4048 30561.4847 0.0005
v 22504.4048 30561.4847 0.0005
v 22504.3806 30561.4860 0.0005
v 22504.3806 30561.4860 0.0005
v 22504.3806 30561.4860 0.0005
v 22504.3806 30561.4860 0.0005
v 22504.9467 30577.5638 0.0004
v 22504.9467 30577.5638 0.0004
v 22505.8409 30581.1422 0.0003
v 22505.8409 30581.1422 0.0003
v 22505.8409 30581.1422 0.0003
v 22507.3436 30584.0209 0.0003
v 22507.3436 30584.0209 0.0003
v 22507.3436 30584.0209 0.0003
v 22509.8497 30586.8700 0.0003
v 22509.8497 30586.8700 0.0003
v 22509.8497 30586.8700 0.0003
v 22513.3218 30588.8054 0.0002
v 22513.3218 30588.8054 0.0002
v 22513.3218 30588.8054 0.0002
v 22517.6348 30590.2884 0.0002
v 22517.6348 30590.2884 0.0002
v 22517.6348 30590.2884 0.0002
v 22517.6348 30590.2884 0.0002
v 22521.4460 30592.2750 0.0002
v 22521.4460 30592.2750 0.0002
v 22524.1616 30594.9130 0.0001
v 22524.1616 30594.9130 0.0001
v 22524.1616 30594.9130 0.0001
v 22526.0596 30597.6088 0.0001
v 22526.0596 30597.6088 0.0001
v 22526.0596 30597.6088 0.0001
v 22527.2248 30600.7037 0.0001
v 22527.2248 30600.7037 0.0001
v 22527.2248 30600.7037 0.0001
v 22527.7945 30605.6192 0.0001
v 22527.7945 30605.6192 0.0001
v 22527.7945 30605.6192 0.0001
v 22528.0394 30616.2855 0.0001
v 22528.0394 30616.2855 0.0001
v 22528.0394 30616.2855 0.0001
v 22526.8280 30620.7807 0.0001
v 22526.8280 30620.7807 0.0001
v 22526.8280 30620.7807 0.0001
v 22526.0375 30623.0303 0.0001
v 22526.0375 30623.0303 0.0001
v 22526.0375 30623.0303 0.0001
v 22525.7843 30625.4205 0.0001
v 22525.7843 30625.4205 0.0001
v 22525.7843 30625.4205 0.0001
v 22525.9293 30628.3668 0.0001
v 22525.9293 30628.3668 0.0001
v 22525.9293 30628.3668 0.0001
v 22525.2199 30628.3949 0.0001
v 22525.2199 30628.3949 0.0001
v 22525.2199 30628.3949 0.0001
v 22525.2199 30628.3949 0.0001
v 22525.1948 30627.3187 0.0001
v 22525.1948 30627.3187 0.0001
v 22523.5696 30627.3566 0.0001
v 22523.5696 30627.3566 0.0001
v 22523.5696 30627.3566 0.0001
v 22523.5696 30627.3566 0.0001
v 22523.5696 30627.3566 0.0001
v 22523.5696 30627.3566 0.0001
v 22523.6726 30631.7823 0.0001
v 22523.6726 30631.7823 0.0001
v 22523.6726 30631.7823 0.0001
v 22517.7906 30632.1223 0.0002
v 22517.7906 30632.1223 0.0002
v 22517.7906 30632.1223 0.0002
v 22515.6661 30632.1912 0.0002
v 22515.6661 30632.1912 0.0002
v 22515.6661 30632.1912 0.0002
v 22515.6678 30632.2449 0.0002
v 22515.6678 30632.2449 0.0002
v 22515.6678 30632.2449 0.0002
v 22510.1561 30632.5635 0.0002
v 22510.1561 30632.5635 0.0002
v 22510.1561 30632.5635 0.0002
v 22509.8089 30626.5552 0.0002
v 22509.8089 30626.5552 0.0002
v 22509.8089 30626.5552 0.0002
v 22505.4113 30626.5456 0.0002
v 22505.4113 30626.5456 0.0002
v 22505.4113 30626.5456 0.0002
v 22505.4113 30626.5456 0.0002
v 22506.3454 30649.0954 0.0003
v 22506.3454 30649.0954 0.0003
v 22506.3454 30649.0954 0.0003
v 22507.6883 30681.5135 0.0006
v 22507.6883 30681.5135 0.0006
v 22507.6883 30681.5135 0.0006
v 22507.6883 30681.5135 0.0006
v 22515.3776 30681.2096 0.0005
v 22515.3776 30681.2096 0.0005
v 22515.3776 30681.2096 0.0005
v 22515.3776 30681.2096 0.0005
v 22507.6888 30681.5126 83.2603
v 22507.6888 30681.5126 83.2603
v 22507.6888 30681.5126 83.2603
v 22507.6888 30681.5126 83.2603
v 22507.4021 30674.5901 83.2602
v 22507.4021 30674.5901 83.2602
v 22507.4021 30674.5901 83.2602
v 22507.4021 30674.5901 83.2602
v 22507.4021 30674.5901 83.2602
v 22507.4021 30674.5901 83.2602
v 22507.4021 30674.5901 83.2602
v 22507.4021 30674.5901 83.2602
v 22515.1023 30674.3958 83.2602
v 22515.1023 30674.3958 83.2602
v 22515.1023 30674.3958 83.2602
v 22515.1023 30674.3958 83.2602
v 22515.3781 30681.2087 83.2602
v 22515.3781 30681.2087 83.2602
v 22515.3781 30681.2087 83.2602
v 22515.3781 30681.2087 83.2602
v 22515.3781 30681.2087 83.2602
v 22587.3002 30698.7182 25.0955
v 22587.3002 30698.7182 25.0955
v 22587.3002 30698.7182 25.0955
v 22587.3002 30698.7182 25.0955
v 22589.5668 30681.9264 25.0953
v 22589.5668 30681.9264 25.0953
v 22589.5668 30681.9264 25.0953
v 22589.5668 30681.9264 25.0953
v 22587.3002 30698.7182 29.8505
v 22587.3002 30698.7182 29.8505
v 22587.3002 30698.7182 29.8505
v 22587.3002 30698.7182 29.8505
v 22587.3002 30698.7182 29.8505
v 22589.5668 30681.9263 29.8503
v 22589.5668 30681.9263 29.8503
v 22589.5668 30681.9263 29.8503
v 22589.5668 30681.9263 29.8503
v 22589.5668 30681.9263 29.8503
v 22589.5668 30681.9263 29.8503
v 22589.5668 30681.9263 29.8503
v 22589.5668 30681.9263 29.8503
v 22589.5668 30681.9263 29.8503
v 22565.1156 30674.7094 5.6301
v 22565.1156 30674.7094 5.6301
v 22565.1156 30674.7094 5.6301
v 22565.1156 30674.7094 5.6301
v 22568.9267 30674.5750 8.0751
v 22568.9267 30674.5750 8.0751
v 22568.9267 30674.5750 8.0751
v 22568.9267 30674.5750 8.0751
v 22568.9267 30674.5750 8.0751
v 22568.9267 30674.5750 5.6301
v 22568.9267 30674.5750 5.6301
v 22568.9267 30674.5750 5.6301
v 22568.9267 30674.5750 5.6301
v 22568.9267 30674.5750 5.6301
v 22568.4443 30677.6157 92.0352
v 22568.4443 30677.6157 92.0352
v 22568.4443 30677.6157 92.0352
v 22568.4443 30677.6157 92.0352
v 22568.4443 30677.6157 92.0352
v 22568.4443 30677.6157 92.0352
v 22568.4443 30677.6157 92.0352
v 22568.4443 30677.6157 92.0352
v 22568.4443 30677.6157 92.0352
v 22524.7447 30679.2267 93.1952
v 22524.7447 30679.2267 93.1952
v 22524.7447 30679.2267 93.1952
v 22524.7447 30679.2267 93.1952
v 22521.5089 30679.3819 93.1952
v 22521.5089 30679.3819 93.1952
v 22521.5089 30679.3819 93.1952
v 22521.5089 30679.3819 93.1952
v 22521.5089 30679.3819 93.1952
v 22524.6240 30676.6927 93.1952
v 22524.6240 30676.6927 93.1952
v 22524.6240 30676.6927 93.1952
v 22524.6240 30676.6927 93.1952
v 22524.6240 30676.6927 93.1952
v 22521.3877 30676.8479 93.1952
v 22521.3877 30676.8479 93.1952
v 22521.3877 30676.8479 93.1952
v 22521.3877 30676.8479 93.1952
v 22521.3877 30676.8479 93.1052
v 22521.3877 30676.8479 93.1052
v 22521.3877 30676.8479 93.1052
v 22521.3877 30676.8479 93.1052
v 22521.3877 30676.8479 93.1052
v 22521.5089 30679.3819 93.1052
v 22521.5089 30679.3819 93.1052
v 22521.5089 30679.3819 93.1052
v 22521.5089 30679.3819 93.1052
v 22521.5089 30679.3819 93.1052
v 22521.5089 30679.3819 93.1052
v 22524.7447 30679.2267 93.1052
v 22524.7447 30679.2267 93.1052
v 22524.7447 30679.2267 93.1052
v 22524.7447 30679.2267 93.1052
v 22524.7447 30679.2267 93.1052
v 22524.7447 30679.2267 93.1052
v 22524.6240 30676.6928 93.1052
v 22524.6240 30676.6928 93.1052
v 22524.6240 30676.6928 93.1052
v 22524.6240 30676.6928 93.1052
v 22524.6240 30676.6928 93.1052
v 22524.6240 30676.6928 93.1052
v 22524.6240 30676.6928 93.1052
v 22524.2815 30677.0696 93.1052
v 22524.2815 30677.0696 93.1052
v 22524.2815 30677.0696 93.1052
v 22524.2815 30677.0696 93.1052
v 22524.2815 30677.0696 93.1052
v 22524.2815 30677.0696 93.1052
v 22521.7645 30677.1903 93.1052
v 22521.7645 30677.1903 93.1052
v 22521.7645 30677.1903 93.1052
v 22521.7645 30677.1903 93.1052
v 22521.7645 30677.1903 93.1052
v 22521.7645 30677.1903 93.1052
v 22521.8513 30679.0050 93.1052
v 22521.8513 30679.0050 93.1052
v 22521.8513 30679.0050 93.1052
v 22521.8513 30679.0050 93.1052
v 22521.8513 30679.0050 93.1052
v 22521.8513 30679.0050 93.1052
v 22524.3680 30678.8844 93.1052
v 22524.3680 30678.8844 93.1052
v 22524.3680 30678.8844 93.1052
v 22524.3680 30678.8844 93.1052
v 22524.3680 30678.8844 93.1052
v 22524.3680 30678.8844 93.1052
v 22524.3680 30678.8844 91.6652
v 22524.3680 30678.8844 91.6652
v 22524.3680 30678.8844 91.6652
v 22524.3680 30678.8844 91.6652
v 22524.3680 30678.8844 91.6652
v 22524.3680 30678.8844 91.6652
v 22524.3680 30678.8844 91.6652
v 22524.2815 30677.0696 91.6652
v 22524.2815 30677.0696 91.6652
v 22524.2815 30677.0696 91.6652
v 22524.2815 30677.0696 91.6652
v 22521.7645 30677.1903 91.6652
v 22521.7645 30677.1903 91.6652
v 22521.7645 30677.1903 91.6652
v 22521.7645 30677.1903 91.6652
v 22521.7645 30677.1903 91.6652
v 22521.7645 30677.1903 91.6652
v 22521.7645 30677.1903 91.6652
v 22521.8512 30679.0051 91.6652
v 22521.8512 30679.0051 91.6652
v 22521.8512 30679.0051 91.6652
v 22521.8512 30679.0051 91.6652
v 22521.8512 30679.0051 91.6652
v 22521.8512 30679.0051 91.6652
v 22528.7136 30680.7990 91.6652
v 22528.7136 30680.7990 91.6652
v 22528.7136 30680.7990 91.6652
v 22528.7136 30680.7990 91.6652
v 22528.7136 30680.7990 91.6652
v 22528.7136 30680.7990 91.6652
v 22528.6281 30678.6801 91.6652
v 22528.6281 30678.6801 91.6652
v 22528.6281 30678.6801 91.6652
v 22528.3220 30671.0865 91.6651
v 22528.3220 30671.0865 91.6651
v 22528.3220 30671.0865 91.6651
v 22528.3220 30671.0865 91.6651
v 22528.3220 30671.0865 91.6651
v 22528.3220 30671.0865 91.6651
v 22528.3220 30671.0865 91.6651
v 22528.3220 30671.0865 91.6651
v 22528.3220 30671.0865 91.6651
v 22528.3220 30671.0865 91.6651
v 22528.3220 30671.0865 91.6651
v 22528.3220 30671.0865 91.6651
v 22528.3220 30671.0865 91.6651
v 22601.7050 30642.6653 31.5901
v 22601.7050 30642.6653 31.5901
v 22601.7050 30642.6653 31.5901
v 22601.7050 30642.6653 31.5901
v 22601.7050 30642.6653 31.5901
v 22601.7050 30642.6653 31.5901
v 22599.9344 30655.1133 31.5902
v 22599.9344 30655.1133 31.5902
v 22599.9344 30655.1133 31.5902
v 22599.9344 30655.1133 31.5902
v 22599.9344 30655.1133 31.5902
v 22601.1946 30641.9932 31.5901
v 22601.1946 30641.9932 31.5901
v 22601.1946 30641.9932 31.5901
v 22601.1946 30641.9932 31.5901
v 22601.1946 30641.9932 31.5901
v 22599.3404 30655.0288 31.5901
v 22599.3404 30655.0288 31.5901
v 22599.3404 30655.0288 31.5901
v 22599.3404 30655.0288 31.5901
v 22601.1946 30641.9932 29.8501
v 22601.1946 30641.9932 29.8501
v 22601.1946 30641.9932 29.8501
v 22601.1946 30641.9932 29.8501
v 22601.1946 30641.9932 29.8501
v 22601.1946 30641.9932 29.8501
v 22519.1590 30637.4423 99.3149
v 22519.1590 30637.4423 99.3149
v 22519.1590 30637.4423 99.3149
v 22519.1590 30637.4423 99.3149
v 22519.1590 30637.4423 99.3149
v 22519.1590 30637.4423 99.3149
v 22519.1590 30637.4423 99.3149
v 22518.6168 30637.4617 97.9499
v 22518.6168 30637.4617 97.9499
v 22518.6168 30637.4617 97.9499
v 22518.6168 30637.4617 97.9499
v 22518.6168 30637.4617 97.9499
v 22518.6168 30637.4617 98.8849
v 22518.6168 30637.4617 98.8849
v 22518.6168 30637.4617 98.8849
v 22518.6168 30637.4617 98.8849
v 22518.6168 30637.4617 98.8849
v 22517.3421 30638.2006 98.8849
v 22517.3421 30638.2006 98.8849
v 22517.3421 30638.2006 98.8849
v 22517.3421 30638.2006 98.8849
v 22517.3421 30638.2006 98.8849
v 22517.3421 30638.2006 98.8849
v 22518.7330 30640.3682 98.8849
v 22518.7330 30640.3682 98.8849
v 22518.7330 30640.3682 98.8849
v 22518.7330 30640.3682 98.8849
v 22518.7330 30640.3682 98.8849
v 22518.7330 30640.3682 98.8849
v 22518.7330 30640.3682 97.9499
v 22518.7330 30640.3682 97.9499
v 22518.7330 30640.3682 97.9499
v 22518.7330 30640.3682 97.9499
v 22518.7330 30640.3682 97.9499
v 22518.7330 30640.3682 97.9499
v 22518.7330 30640.3682 97.9499
v 22522.1693 30636.7241 97.9499
v 22522.1693 30636.7241 97.9499
v 22522.1693 30636.7241 97.9499
v 22522.1693 30636.7241 97.9499
v 22522.1693 30636.7241 97.9499
v 22522.1693 30636.7241 97.9499
v 22522.1693 30636.7241 98.9149
v 22522.1693 30636.7241 98.9149
v 22522.1693 30636.7241 98.9149
v 22522.1693 30636.7241 98.9149
v 22522.3646 30640.2135 98.9149
v 22522.3646 30640.2135 98.9149
v 22522.3646 30640.2135 98.9149
v 22522.3646 30640.2135 98.9149
v 22522.3646 30640.2135 98.9149
v 22522.3646 30640.2135 98.9149
v 22524.0612 30636.6176 98.9149
v 22524.0612 30636.6176 98.9149
v 22524.0612 30636.6176 98.9149
v 22524.0612 30636.6176 98.9149
v 22524.0612 30636.6176 98.9149
v 22524.0612 30636.6176 98.9149
v 22524.2559 30640.1075 98.9149
v 22524.2559 30640.1075 98.9149
v 22524.2559 30640.1075 98.9149
v 22524.2559 30640.1075 98.9149
v 22524.2558 30640.1075 97.9499
v 22524.2558 30640.1075 97.9499
v 22524.2558 30640.1075 97.9499
v 22524.2558 30640.1075 97.9499
v 22524.2558 30640.1075 97.9499
v 22524.2558 30640.1075 97.9499
v 22524.0612 30636.6176 97.9499
v 22524.0612 30636.6176 97.9499
v 22524.0612 30636.6176 97.9499
v 22524.0612 30636.6176 97.9499
v 22524.4205 30636.5977 98.9149
v 22524.4205 30636.5977 98.9149
v 22524.4205 30636.5977 98.9149
v 22524.4205 30636.5977 98.9149
v 22524.3630 30635.2869 98.9149
v 22524.3630 30635.2869 98.9149
v 22524.3630 30635.2869 98.9149
v 22524.3630 30635.2869 98.9149
v 22524.3630 30635.2869 98.9149
v 22524.3630 30635.2869 98.9149
v 22524.3630 30635.2869 98.9149
v 22524.3630 30635.2869 98.9149
v 22524.3630 30635.2869 98.9149
v 22521.5047 30636.7609 98.9149
v 22521.5047 30636.7609 98.9149
v 22521.5047 30636.7609 98.9149
v 22521.5047 30636.7609 98.9149
v 22521.5047 30636.7609 98.9149
v 22521.5047 30636.7609 98.9149
v 22521.5047 30636.7609 97.9499
v 22521.5047 30636.7609 97.9499
v 22521.5047 30636.7609 97.9499
v 22521.5047 30636.7609 97.9499
v 22521.5224 30637.2662 99.3199
v 22521.5224 30637.2662 99.3199
v 22521.5224 30637.2662 99.3199
v 22521.5224 30637.2662 99.3199
v 22521.5224 30637.2662 99.3199
v 22521.5224 30637.2662 99.3199
v 22521.5224 30637.2662 99.3199
v 22521.5224 30637.2662 97.9499
v 22521.5224 30637.2662 97.9499
v 22521.5224 30637.2662 97.9499
v 22521.5224 30637.2662 97.9499
v 22521.5224 30637.2662 97.9499
v 22521.5224 30637.2662 97.9499
v 22522.3646 30640.2136 97.9499
v 22522.3646 30640.2136 97.9499
v 22522.3646 30640.2136 97.9499
v 22522.3646 30640.2136 97.9499
v 22522.3646 30640.2136 97.9499
v 22522.3646 30640.2136 97.9499
v 22522.3646 30640.2136 97.9499
v 22522.3646 30640.2136 97.9499
v 22522.3646 30640.2136 97.9499
v 22533.1988 30656.0049 90.7900
v 22533.1988 30656.0049 90.7900
v 22533.1988 30656.0049 90.7900
v 22533.1988 30656.0049 90.7900
v 22518.9301 30656.6054 90.7900
v 22518.9301 30656.6054 90.7900
v 22518.9301 30656.6054 90.7900
v 22518.9301 30656.6054 90.7900
v 22518.9301 30656.6054 90.7900
v 22532.6978 30644.0973 90.7899
v 22532.6978 30644.0973 90.7899
v 22532.6978 30644.0973 90.7899
v 22532.6978 30644.0973 90.7899
v 22532.6978 30644.0973 90.7899
v 22518.4290 30644.6977 90.7899
v 22518.4290 30644.6977 90.7899
v 22518.4290 30644.6977 90.7899
v 22518.4290 30644.6977 90.7899
v 22518.4290 30644.6977 90.4899
v 22518.4290 30644.6977 90.4899
v 22518.4290 30644.6977 90.4899
v 22518.4290 30644.6977 90.4899
v 22518.4290 30644.6977 90.4899
v 22518.9301 30656.6054 90.4900
v 22518.9301 30656.6054 90.4900
v 22518.9301 30656.6054 90.4900
v 22518.9301 30656.6054 90.4900
v 22518.9301 30656.6054 90.4900
v 22518.9301 30656.6054 90.4900
v 22519.5044 30655.9807 90.4900
v 22519.5044 30655.9807 90.4900
v 22519.5044 30655.9807 90.4900
v 22519.5044 30655.9807 90.4900
v 22519.5044 30655.9807 90.4900
v 22519.5044 30655.9807 90.4900
v 22533.1988 30656.0049 90.4900
v 22533.1988 30656.0049 90.4900
v 22533.1988 30656.0049 90.4900
v 22533.1988 30656.0049 90.4900
v 22533.1988 30656.0049 90.4900
v 22533.1988 30656.0049 90.4900
v 22532.6978 30644.0973 90.4899
v 22532.6978 30644.0973 90.4899
v 22532.6978 30644.0973 90.4899
v 22532.6978 30644.0973 90.4899
v 22532.6978 30644.0973 90.4899
v 22532.6978 30644.0973 90.4899
v 22532.6978 30644.0973 90.4899
v 22519.0537 30645.2719 90.4899
v 22519.0537 30645.2719 90.4899
v 22519.0537 30645.2719 90.4899
v 22519.0537 30645.2719 90.4899
v 22519.0537 30645.2719 90.4899
v 22519.0537 30645.2719 90.4899
v 22519.0537 30645.2719 90.4899
v 22519.0537 30645.2719 88.4349
v 22519.0537 30645.2719 88.4349
v 22519.0537 30645.2719 88.4349
v 22519.0537 30645.2719 88.4349
v 22519.0537 30645.2719 88.4349
v 22519.0537 30645.2719 88.4349
v 22519.0537 30645.2719 88.4349
v 22519.0537 30645.2719 88.4349
v 22519.0537 30645.2719 88.4349
v 22519.0537 30645.2719 88.4349
v 22518.0468 30645.7815 92.1450
v 22518.0468 30645.7815 92.1450
v 22518.0468 30645.7815 92.1450
v 22518.0468 30645.7815 92.1450
v 22518.0468 30645.7815 92.1450
v 22518.0468 30645.7815 92.1450
v 22518.4851 30656.0236 88.4350
v 22518.4851 30656.0236 88.4350
v 22518.4851 30656.0236 88.4350
v 22518.4851 30656.0236 88.4350
v 22518.5402 30657.3103 88.4350
v 22518.5402 30657.3103 88.4350
v 22518.5402 30657.3103 88.4350
v 22518.5402 30657.3103 88.4350
v 22518.0468 30645.7815 88.4350
v 22518.0468 30645.7815 88.4350
v 22518.0468 30645.7815 88.4350
v 22518.0468 30645.7815 88.4350
v 22518.0468 30645.7815 88.4350
v 22509.9425 30646.1281 92.1450
v 22509.9425 30646.1281 92.1450
v 22509.9425 30646.1281 92.1450
v 22509.9425 30646.1281 92.1450
v 22509.9425 30646.1281 92.1450
v 22509.9425 30646.1281 92.1450
v 22518.5659 30657.9093 92.1450
v 22518.5659 30657.9093 92.1450
v 22518.5659 30657.9093 92.1450
v 22518.5659 30657.9093 92.1450
v 22518.5659 30657.9093 92.1450
v 22510.4608 30658.2558 92.1451
v 22510.4608 30658.2558 92.1451
v 22510.4608 30658.2558 92.1451
v 22510.4608 30658.2558 88.4351
v 22510.4608 30658.2558 88.4351
v 22510.4608 30658.2558 88.4351
v 22510.4608 30658.2558 88.4351
v 22510.4608 30658.2558 88.4351
v 22510.4608 30658.2558 88.4351
v 22510.4608 30658.2558 88.4351
v 22510.5181 30659.5969 88.4351
v 22510.5181 30659.5969 88.4351
v 22510.5181 30659.5969 88.4351
v 22510.5181 30659.5969 88.4351
v 22510.5181 30659.5969 88.4351
v 22518.5658 30657.9093 88.4350
v 22518.5658 30657.9093 88.4350
v 22518.5658 30657.9093 88.4350
v 22518.5658 30657.9093 88.4350
v 22518.5658 30657.9093 88.4350
v 22518.5658 30657.9093 88.4350
v 22518.5658 30657.9093 88.4350
v 22518.5658 30657.9093 88.4350
v 22518.5658 30657.9093 88.4350
v 22526.5002 30656.9925 91.6250
v 22526.5002 30656.9925 91.6250
v 22526.5002 30656.9925 91.6250
v 22526.5002 30656.9925 91.6250
v 22526.5472 30658.1694 91.6250
v 22526.5472 30658.1694 91.6250
v 22526.5472 30658.1694 91.6250
v 22526.5472 30658.1694 91.6250
v 22526.5472 30658.1694 91.6250
v 22524.4165 30657.0757 91.6250
v 22524.4165 30657.0757 91.6250
v 22524.4165 30657.0757 91.6250
v 22524.4165 30657.0757 91.6250
v 22524.4165 30657.0757 91.6250
v 22524.4634 30658.2525 91.6250
v 22524.4634 30658.2525 91.6250
v 22524.4634 30658.2525 91.6250
v 22524.4634 30658.2525 91.6250
v 22524.4634 30658.2525 88.4350
v 22524.4634 30658.2525 88.4350
v 22524.4634 30658.2525 88.4350
v 22524.4634 30658.2525 88.4350
v 22524.4634 30658.2525 88.4350
v 22524.4634 30658.2525 88.4350
v 22524.4634 30658.2525 88.4350
v 22526.5472 30658.1695 88.4350
v 22526.5472 30658.1695 88.4350
v 22526.5472 30658.1695 88.4350
v 22526.5472 30658.1695 88.4350
v 22526.5472 30658.1695 88.4350
v 22526.5472 30658.1695 88.4350
v 22526.5002 30656.9925 88.4350
v 22526.5002 30656.9925 88.4350
v 22526.5002 30656.9925 88.4350
v 22526.5002 30656.9925 88.4350
v 22526.5002 30656.9925 88.4350
v 22524.4165 30657.0757 88.4350
v 22524.4165 30657.0757 88.4350
v 22524.4165 30657.0757 88.4350
v 22524.4165 30657.0757 88.4350
v 22524.4165 30657.0757 88.4350
v 22524.4165 30657.0757 88.4350
v 22519.5043 30655.9807 88.4350
v 22519.5043 30655.9807 88.4350
v 22519.5043 30655.9807 88.4350
v 22519.5043 30655.9807 88.4350
v 22519.5043 30655.9807 88.4350
v 22519.5043 30655.9807 88.4350
v 22519.5043 30655.9807 88.4350
v 22532.5741 30655.4307 90.4900
v 22532.5741 30655.4307 90.4900
v 22532.5741 30655.4307 90.4900
v 22532.5741 30655.4307 90.4900
v 22532.5741 30655.4307 90.4900
v 22532.5741 30655.4307 90.4900
v 22532.1236 30644.7220 90.4899
v 22532.1236 30644.7220 90.4899
v 22532.1236 30644.7220 90.4899
v 22532.1236 30644.7220 90.4899
v 22532.1236 30644.7220 90.4899
v 22532.1236 30644.7220 88.4349
v 22532.1236 30644.7220 88.4349
v 22532.1236 30644.7220 88.4349
v 22532.1236 30644.7220 88.4349
v 22532.1236 30644.7220 88.4349
v 22532.1236 30644.7220 88.4349
v 22532.1236 30644.7220 88.4349
v 22545.1708 30637.4689 88.4348
v 22545.1708 30637.4689 88.4348
v 22545.1708 30637.4689 88.4348
v 22545.1708 30637.4689 88.4348
v 22545.1708 30637.4689 88.4348
v 22545.1708 30637.4689 88.4348
v 22545.1708 30637.4689 88.4348
v 22545.1708 30637.4689 89.2198
v 22545.1708 30637.4689 89.2198
v 22545.1708 30637.4689 89.2198
v 22545.1708 30637.4689 89.2198
v 22545.1708 30637.4689 89.2198
v 22545.0984 30635.0213 89.2198
v 22545.0984 30635.0213 89.2198
v 22545.0984 30635.0213 89.2198
v 22545.0984 30635.0213 89.2198
v 22543.6394 30635.0643 89.2198
v 22543.6394 30635.0643 89.2198
v 22543.6394 30635.0643 89.2198
v 22543.6394 30635.0643 89.2198
v 22543.6394 30635.0643 89.2198
v 22543.7117 30637.5120 89.2198
v 22543.7117 30637.5120 89.2198
v 22543.7117 30637.5120 89.2198
v 22543.7117 30637.5120 89.2198
v 22543.6394 30635.0643 88.4348
v 22543.6394 30635.0643 88.4348
v 22543.6394 30635.0643 88.4348
v 22543.6394 30635.0643 88.4348
v 22543.6394 30635.0643 88.4348
v 22543.6394 30635.0643 88.4348
v 22543.7117 30637.5120 88.4348
v 22543.7117 30637.5120 88.4348
v 22543.7117 30637.5120 88.4348
v 22543.7117 30637.5120 88.4348
v 22543.7117 30637.5120 88.4348
v 22543.7117 30637.5120 88.4348
v 22543.7496 30638.7903 88.4348
v 22543.7496 30638.7903 88.4348
v 22543.7496 30638.7903 88.4348
v 22543.7496 30638.7903 88.4348
v 22543.7496 30638.7903 88.4348
v 22543.7496 30638.7903 88.4348
v 22543.7496 30638.7903 88.4348
v 22545.7705 30638.7054 88.4348
v 22545.7705 30638.7054 88.4348
v 22545.7705 30638.7054 88.4348
v 22545.7705 30638.7054 88.4348
v 22545.7705 30638.7054 88.4348
v 22545.7705 30638.7054 88.4348
v 22541.8989 30635.3636 92.2148
v 22541.8989 30635.3636 92.2148
v 22541.8989 30635.3636 92.2148
v 22541.8989 30635.3636 92.2148
v 22540.5301 30635.4212 92.2148
v 22540.5301 30635.4212 92.2148
v 22540.5301 30635.4212 92.2148
v 22540.5301 30635.4212 92.2148
v 22541.8989 30635.3636 89.5998
v 22541.8989 30635.3636 89.5998
v 22541.8989 30635.3636 89.5998
v 22541.8989 30635.3636 89.5998
v 22541.8989 30635.3636 89.5998
v 22541.8989 30635.3636 89.5998
v 22540.5301 30635.4212 89.5998
v 22540.5301 30635.4212 89.5998
v 22540.5301 30635.4212 89.5998
v 22540.5301 30635.4212 89.5998
v 22540.5301 30635.4212 89.5998
v 22540.5301 30635.4212 89.5998
v 22540.5301 30635.4212 89.5998
v 22535.5761 30635.4654 92.2148
v 22535.5761 30635.4654 92.2148
v 22535.5761 30635.4654 92.2148
v 22535.5761 30635.4654 92.2148
v 22536.9296 30635.4085 89.6398
v 22536.9296 30635.4085 89.6398
v 22536.9296 30635.4085 89.6398
v 22536.9296 30635.4085 89.6398
v 22536.9296 30635.4085 89.6398
v 22536.9296 30635.4085 89.6398
v 22536.9296 30635.4085 92.2148
v 22536.9296 30635.4085 92.2148
v 22536.9296 30635.4085 92.2148
v 22536.9296 30635.4085 92.2148
v 22537.0850 30639.0706 92.2149
v 22537.0850 30639.0706 92.2149
v 22537.0850 30639.0706 92.2149
v 22537.0850 30639.0706 92.2149
v 22537.0850 30639.0706 92.2149
v 22537.0850 30639.0706 92.2149
v 22537.0850 30639.0706 92.2149
v 22537.0850 30639.0706 92.2149
v 22537.0850 30639.0706 92.2149
v 22537.0064 30637.2174 89.6399
v 22537.0064 30637.2174 89.6399
v 22537.0064 30637.2174 89.6399
v 22537.0064 30637.2174 89.6399
v 22537.0064 30637.2174 89.6399
v 22537.0064 30637.2174 89.6399
v 22537.0064 30637.2174 88.4348
v 22537.0064 30637.2174 88.4348
v 22537.0064 30637.2174 88.4348
v 22537.0064 30637.2174 88.4348
v 22537.0850 30639.0706 88.4349
v 22537.0850 30639.0706 88.4349
v 22537.0850 30639.0706 88.4349
v 22537.0850 30639.0706 88.4349
v 22540.6789 30638.9195 88.4349
v 22540.6789 30638.9195 88.4349
v 22540.6789 30638.9195 88.4349
v 22540.6789 30638.9195 88.4349
v 22540.6789 30638.9195 88.4349
v 22540.6789 30638.9195 88.4349
v 22540.6789 30638.9195 92.2149
v 22540.6789 30638.9195 92.2149
v 22540.6789 30638.9195 92.2149
v 22540.6789 30638.9195 92.2149
v 22540.6789 30638.9195 92.2149
v 22540.6789 30638.9195 92.2149
v 22540.6789 30638.9195 92.2149
v 22540.6789 30638.9195 92.2149
v 22540.6789 30638.9195 92.2149
v 22540.6002 30637.0683 88.4348
v 22540.6002 30637.0683 88.4348
v 22540.6002 30637.0683 88.4348
v 22540.6002 30637.0683 88.4348
v 22540.6002 30637.0683 88.4348
v 22540.6002 30637.0683 89.5998
v 22540.6002 30637.0683 89.5998
v 22540.6002 30637.0683 89.5998
v 22540.6002 30637.0683 89.5998
v 22542.0476 30638.8618 92.2149
v 22542.0476 30638.8618 92.2149
v 22542.0476 30638.8618 92.2149
v 22542.0476 30638.8618 92.2149
v 22542.0476 30638.8618 92.2149
v 22542.0476 30638.8618 92.2149
v 22542.0476 30638.8618 92.2149
v 22542.0476 30638.8618 92.2149
v 22542.0476 30638.8618 92.2149
v 22542.0476 30638.8618 92.2149
v 22541.9681 30636.9912 89.5998
v 22541.9681 30636.9912 89.5998
v 22541.9681 30636.9912 89.5998
v 22541.9681 30636.9912 89.5998
v 22541.9681 30636.9912 89.5998
v 22541.9681 30636.9912 89.5998
v 22541.9681 30636.9912 88.4348
v 22541.9681 30636.9912 88.4348
v 22541.9681 30636.9912 88.4348
v 22541.9681 30636.9912 88.4348
v 22542.0476 30638.8618 88.4349
v 22542.0476 30638.8618 88.4349
v 22542.0476 30638.8618 88.4349
v 22542.0476 30638.8618 88.4349
v 22545.7705 30638.7054 92.2148
v 22545.7705 30638.7054 92.2148
v 22545.7705 30638.7054 92.2148
v 22545.7705 30638.7054 92.2148
v 22545.7705 30638.7054 92.2148
v 22545.7705 30638.7054 92.2148
v 22545.7705 30638.7054 92.2148
v 22545.7705 30638.7054 92.2148
v 22545.7705 30638.7054 92.2148
v 22545.6930 30636.8690 88.4348
v 22545.6930 30636.8690 88.4348
v 22545.6930 30636.8690 88.4348
v 22545.6930 30636.8690 88.4348
v 22545.6930 30636.8690 88.4348
v 22545.6930 30636.8690 89.6848
v 22545.6930 30636.8690 89.6848
v 22545.6930 30636.8690 89.6848
v 22545.6930 30636.8690 89.6848
v 22545.6178 30635.0867 92.2148
v 22545.6178 30635.0867 92.2148
v 22545.6178 30635.0867 92.2148
v 22545.6178 30635.0867 92.2148
v 22546.8625 30635.0344 92.2148
v 22546.8625 30635.0344 92.2148
v 22546.8625 30635.0344 92.2148
v 22546.8625 30635.0344 92.2148
v 22547.0165 30638.6527 92.2149
v 22547.0165 30638.6527 92.2149
v 22547.0165 30638.6527 92.2149
v 22547.0165 30638.6527 92.2149
v 22547.0165 30638.6527 92.2149
v 22547.0165 30638.6527 92.2149
v 22547.0165 30638.6527 92.2149
v 22547.0165 30638.6527 92.2149
v 22547.0165 30638.6527 88.4348
v 22547.0165 30638.6527 88.4348
v 22547.0165 30638.6527 88.4348
v 22547.0165 30638.6527 88.4348
v 22547.0165 30638.6527 88.4348
v 22546.9376 30636.7985 88.4348
v 22546.9376 30636.7985 88.4348
v 22546.9376 30636.7985 88.4348
v 22546.9376 30636.7985 88.4348
v 22546.9376 30636.7985 89.6848
v 22546.9376 30636.7985 89.6848
v 22546.9376 30636.7985 89.6848
v 22546.9376 30636.7985 89.6848
v 22546.9376 30636.7985 89.6848
v 22546.9376 30636.7985 89.6848
v 22546.8625 30635.0344 89.6848
v 22546.8625 30635.0344 89.6848
v 22546.8625 30635.0344 89.6848
v 22546.8625 30635.0344 89.6848
v 22546.8625 30635.0344 89.6848
v 22546.8625 30635.0344 89.6848
v 22545.6178 30635.0867 89.6848
v 22545.6178 30635.0867 89.6848
v 22545.6178 30635.0867 89.6848
v 22545.6178 30635.0867 89.6848
v 22545.6178 30635.0867 89.6848
v 22545.6178 30635.0867 89.6848
v 22545.6178 30635.0867 89.6848
v 22545.2516 30636.8940 89.6848
v 22545.2516 30636.8940 89.6848
v 22545.2516 30636.8940 89.6848
v 22545.2516 30636.8940 89.6848
v 22545.2516 30636.8940 89.6848
v 22545.2516 30636.8940 88.4348
v 22545.2516 30636.8940 88.4348
v 22545.2516 30636.8940 88.4348
v 22545.2516 30636.8940 88.4348
v 22545.2516 30636.8940 88.4348
v 22545.2516 30636.8940 88.4348
v 22545.2516 30636.8940 88.4348
v 22545.0984 30635.0213 88.4348
v 22545.0984 30635.0213 88.4348
v 22545.0984 30635.0213 88.4348
v 22545.0984 30635.0213 88.4348
v 22545.0984 30635.0213 88.4348
v 22545.0984 30635.0213 88.4348
v 22545.0984 30635.0213 88.4348
v 22545.0422 30634.5826 88.4348
v 22545.0422 30634.5826 88.4348
v 22545.0422 30634.5826 88.4348
v 22545.0422 30634.5826 88.4348
v 22545.0422 30634.5826 88.4348
v 22545.0422 30634.5826 88.4348
v 22545.0422 30634.5826 88.4348
v 22545.0422 30634.5826 89.2198
v 22545.0422 30634.5826 89.2198
v 22545.0422 30634.5826 89.2198
v 22545.0422 30634.5826 89.2198
v 22545.0422 30634.5826 89.2198
v 22544.9699 30632.1350 89.2198
v 22544.9699 30632.1350 89.2198
v 22544.9699 30632.1350 89.2198
v 22544.9699 30632.1350 89.2198
v 22543.5107 30632.1781 89.2198
v 22543.5107 30632.1781 89.2198
v 22543.5107 30632.1781 89.2198
v 22543.5107 30632.1781 89.2198
v 22543.5107 30632.1781 89.2198
v 22543.5831 30634.6257 89.2198
v 22543.5831 30634.6257 89.2198
v 22543.5831 30634.6257 89.2198
v 22543.5831 30634.6257 89.2198
v 22543.5831 30634.6257 88.4348
v 22543.5831 30634.6257 88.4348
v 22543.5831 30634.6257 88.4348
v 22543.5831 30634.6257 88.4348
v 22543.5831 30634.6257 88.4348
v 22543.5831 30634.6257 88.4348
v 22543.5831 30634.6257 88.4348
v 22543.5831 30634.6257 88.4348
v 22543.0601 30636.9296 88.4348
v 22543.0601 30636.9296 88.4348
v 22543.0601 30636.9296 88.4348
v 22543.0601 30636.9296 88.4348
v 22543.0601 30636.9296 88.4348
v 22543.0601 30636.9296 88.4348
v 22543.0601 30636.9296 88.4348
v 22543.0601 30636.9296 88.4348
v 22543.0601 30636.9296 88.4348
v 22543.0601 30636.9296 89.5998
v 22543.0601 30636.9296 89.5998
v 22543.0601 30636.9296 89.5998
v 22542.7197 30630.9039 89.5998
v 22542.7197 30630.9039 89.5998
v 22542.7197 30630.9039 89.5998
v 22542.7197 30630.9039 89.5998
v 22542.7197 30630.9039 89.5998
v 22542.7197 30630.9039 89.5998
v 22542.7197 30630.9039 89.5998
v 22540.0399 30631.0554 89.5998
v 22540.0399 30631.0554 89.5998
v 22540.0399 30631.0554 89.5998
v 22540.0399 30631.0554 89.5998
v 22540.0399 30631.0554 89.5998
v 22540.3796 30637.0807 89.5998
v 22540.3796 30637.0807 89.5998
v 22540.3796 30637.0807 89.5998
v 22540.3796 30637.0807 89.5998
v 22540.3796 30637.0807 89.5998
v 22540.3796 30637.0807 89.5998
v 22540.3796 30637.0807 88.4348
v 22540.3796 30637.0807 88.4348
v 22540.3796 30637.0807 88.4348
v 22540.3796 30637.0807 88.4348
v 22540.3796 30637.0807 88.4348
v 22537.9015 30637.1965 88.4349
v 22537.9015 30637.1965 88.4349
v 22537.9015 30637.1965 88.4349
v 22537.9015 30637.1965 88.4349
v 22537.9015 30637.1965 88.4349
v 22537.9015 30637.1965 88.4349
v 22537.9015 30637.1965 88.4349
v 22537.9015 30637.1965 88.4349
v 22537.9015 30637.1965 88.4349
v 22537.9015 30637.1965 89.6398
v 22537.9015 30637.1965 89.6398
v 22537.9015 30637.1965 89.6398
v 22537.7582 30631.0504 89.6398
v 22537.7582 30631.0504 89.6398
v 22537.7582 30631.0504 89.6398
v 22537.7582 30631.0504 89.6398
v 22537.7582 30631.0504 89.6398
v 22537.7582 30631.0504 89.6398
v 22537.7582 30631.0504 89.6398
v 22535.5761 30635.4654 89.6399
v 22535.5761 30635.4654 89.6399
v 22535.5761 30635.4654 89.6399
v 22535.5761 30635.4654 89.6399
v 22535.5761 30635.4654 89.6399
v 22535.5761 30635.4654 89.6399
v 22535.5761 30635.4654 89.6399
v 22535.7315 30639.1275 88.4349
v 22535.7315 30639.1275 88.4349
v 22535.7315 30639.1275 88.4349
v 22535.7315 30639.1275 88.4349
v 22535.7315 30639.1275 88.4349
v 22535.6518 30637.2491 88.4349
v 22535.6518 30637.2491 88.4349
v 22535.6518 30637.2491 88.4349
v 22535.6518 30637.2491 88.4349
v 22535.6518 30637.2491 88.4349
v 22535.7315 30639.1275 92.2149
v 22535.7315 30639.1275 92.2149
v 22535.7315 30639.1275 92.2149
v 22535.7315 30639.1275 92.2149
v 22535.7315 30639.1275 92.2149
v 22535.7315 30639.1275 92.2149
v 22535.7315 30639.1275 92.2149
v 22535.7315 30639.1275 92.2149
v 22535.7315 30639.1275 92.2149
v 22535.7315 30639.1275 92.2149
v 22535.6518 30637.2491 89.6399
v 22535.6518 30637.2491 89.6399
v 22535.6518 30637.2491 89.6399
v 22535.6518 30637.2491 89.6399
v 22548.2134 30640.2901 92.2149
v 22548.2134 30640.2901 92.2149
v 22548.2134 30640.2901 92.2149
v 22548.2134 30640.2901 92.2149
v 22548.2134 30640.2901 92.2149
v 22548.2134 30640.2901 92.2149
v 22548.2134 30640.2901 92.2149
v 22548.2134 30640.2901 92.2149
v 22548.2134 30640.2901 92.2149
v 22548.2134 30640.2901 92.2149
v 22548.1388 30638.6049 92.2149
v 22548.1388 30638.6049 92.2149
v 22548.1388 30638.6049 92.2149
v 22548.1388 30638.6049 92.2149
v 22548.1388 30638.6049 92.2149
v 22548.1388 30638.6049 88.4349
v 22548.1388 30638.6049 88.4349
v 22548.1388 30638.6049 88.4349
v 22548.1388 30638.6049 88.4349
v 22548.1388 30638.6049 88.4349
v 22547.9327 30636.7421 88.4348
v 22547.9327 30636.7421 88.4348
v 22547.9327 30636.7421 88.4348
v 22547.9327 30636.7421 88.4348
v 22547.9327 30636.7421 88.4348
v 22547.9327 30636.7421 88.4348
v 22547.9327 30636.7421 88.4348
v 22547.9327 30636.7421 88.4348
v 22547.9327 30636.7421 89.6848
v 22547.9327 30636.7421 89.6848
v 22547.9327 30636.7421 89.6848
v 22547.5536 30629.9957 89.6848
v 22547.5536 30629.9957 89.6848
v 22547.5536 30629.9957 89.6848
v 22547.5536 30629.9957 89.6848
v 22547.5536 30629.9957 89.6848
v 22547.5536 30629.9957 89.6848
v 22547.5536 30629.9957 89.6848
v 22544.8719 30630.1470 89.6848
v 22544.8719 30630.1470 89.6848
v 22544.8719 30630.1470 89.6848
v 22544.8719 30630.1470 89.6848
v 22544.8719 30630.1470 89.6848
v 22544.8719 30630.1470 89.6848
v 22544.8719 30630.1470 89.6848
v 22544.9838 30632.1346 88.4348
v 22544.9838 30632.1346 88.4348
v 22544.9838 30632.1346 88.4348
v 22544.9838 30632.1346 88.4348
v 22544.9838 30632.1346 88.4348
v 22544.9838 30632.1346 88.4348
v 22544.9699 30632.1350 88.4348
v 22544.9699 30632.1350 88.4348
v 22544.9699 30632.1350 88.4348
v 22544.9699 30632.1350 88.4348
v 22544.9699 30632.1350 88.4348
v 22544.9699 30632.1350 88.4348
v 22543.5107 30632.1781 88.4348
v 22543.5107 30632.1781 88.4348
v 22543.5107 30632.1781 88.4348
v 22543.5107 30632.1781 88.4348
v 22543.5107 30632.1781 88.4348
v 22543.5107 30632.1781 88.4348
v 22543.5107 30632.1781 88.4348
v 22542.7197 30630.9039 88.4348
v 22542.7197 30630.9039 88.4348
v 22542.7197 30630.9039 88.4348
v 22542.7197 30630.9039 88.4348
v 22542.7197 30630.9039 88.4348
v 22542.7197 30630.9039 88.4348
v 22540.0399 30631.0554 88.4348
v 22540.0399 30631.0554 88.4348
v 22540.0399 30631.0554 88.4348
v 22540.0399 30631.0554 88.4348
v 22540.0399 30631.0554 88.4348
v 22540.0399 30631.0554 88.4348
v 22540.0399 30631.0554 88.4348
v 22537.7582 30631.0504 88.4348
v 22537.7582 30631.0504 88.4348
v 22537.7582 30631.0504 88.4348
v 22537.7582 30631.0504 88.4348
v 22537.7582 30631.0504 88.4348
v 22537.7582 30631.0504 88.4348
v 22535.0763 30631.1125 89.6398
v 22535.0763 30631.1125 89.6398
v 22535.0763 30631.1125 89.6398
v 22535.0763 30631.1125 89.6398
v 22535.0763 30631.1125 89.6398
v 22535.2190 30637.2592 89.6399
v 22535.2190 30637.2592 89.6399
v 22535.2190 30637.2592 89.6399
v 22535.2190 30637.2592 89.6399
v 22535.2190 30637.2592 89.6399
v 22535.2190 30637.2592 89.6399
v 22535.2190 30637.2592 88.4349
v 22535.2190 30637.2592 88.4349
v 22535.2190 30637.2592 88.4349
v 22535.2190 30637.2592 88.4349
v 22535.2190 30637.2592 88.4349
v 22529.7381 30639.3794 88.4349
v 22529.7381 30639.3794 88.4349
v 22529.7381 30639.3794 88.4349
v 22529.7381 30639.3794 88.4349
v 22529.7381 30639.3794 88.4349
v 22529.7381 30639.3794 88.4349
v 22517.1854 30642.7808 88.4349
v 22517.1854 30642.7808 88.4349
v 22517.1854 30642.7808 88.4349
v 22517.1854 30642.7808 88.4349
v 22517.1854 30642.7808 88.4349
v 22527.0828 30642.1859 88.4349
v 22527.0828 30642.1859 88.4349
v 22527.0828 30642.1859 88.4349
v 22527.0828 30642.1859 88.4349
v 22527.0828 30642.1859 88.4349
v 22527.0828 30642.1859 92.2149
v 22527.0828 30642.1859 92.2149
v 22527.0828 30642.1859 92.2149
v 22527.0828 30642.1859 92.2149
v 22527.0828 30642.1859 92.2149
v 22527.0828 30642.1859 92.2149
v 22527.0828 30642.1859 92.2149
v 22529.7381 30639.3794 92.2149
v 22529.7381 30639.3794 92.2149
v 22529.7381 30639.3794 92.2149
v 22529.7381 30639.3794 92.2149
v 22529.7381 30639.3794 92.2149
v 22529.7381 30639.3794 92.2149
v 22530.5743 30641.0741 92.2149
v 22530.5743 30641.0741 92.2149
v 22530.5743 30641.0741 92.2149
v 22530.5743 30641.0741 92.2149
v 22530.5743 30641.0741 92.2149
v 22530.5743 30641.0741 92.2149
v 22530.5743 30641.0741 88.4349
v 22530.5743 30641.0741 88.4349
v 22530.5743 30641.0741 88.4349
v 22530.5743 30641.0741 88.4349
v 22530.5743 30641.0741 88.4349
v 22548.2134 30640.2902 88.4349
v 22548.2134 30640.2902 88.4349
v 22548.2134 30640.2902 88.4349
v 22548.2134 30640.2902 88.4349
v 22548.2134 30640.2902 88.4349
v 22548.2134 30640.2902 88.4349
v 22548.2134 30640.2902 88.4349
v 22548.2134 30640.2902 88.4349
v 22548.2134 30640.2902 88.4349
v 22548.2134 30640.2902 88.4349
v 22548.2134 30640.2902 88.4349
v 22593.1888 30660.1842 88.4351
v 22593.1888 30660.1842 88.4351
v 22593.1888 30660.1842 88.4351
v 22593.1888 30660.1842 88.4351
v 22593.1888 30660.1842 88.4351
v 22593.3788 30663.0550 88.4352
v 22593.3788 30663.0550 88.4352
v 22593.3788 30663.0550 88.4352
v 22593.2654 30663.1408 88.4352
v 22593.2654 30663.1408 88.4352
v 22593.2654 30663.1408 88.4352
v 22593.2654 30663.1408 88.4352
v 22593.2654 30663.1408 88.4352
v 22593.2654 30663.1408 88.4352
v 22593.2654 30663.1408 88.4352
v 22593.2654 30663.1408 88.4352
v 22593.2654 30663.1408 88.4352
v 22582.7107 30662.9393 88.8851
v 22582.7107 30662.9393 88.8851
v 22582.7107 30662.9393 88.8851
v 22582.7107 30662.9393 88.8851
v 22582.4898 30664.6481 88.8851
v 22582.4898 30664.6481 88.8851
v 22582.4898 30664.6481 88.8851
v 22582.4898 30664.6481 88.8851
v 22582.4898 30664.6481 88.8851
v 22582.7107 30662.9393 88.4351
v 22582.7107 30662.9393 88.4351
v 22582.7107 30662.9393 88.4351
v 22582.7107 30662.9393 88.4351
v 22582.7107 30662.9393 88.4351
v 22582.7107 30662.9393 88.4351
v 22582.7107 30662.9393 88.4351
v 22582.7107 30662.9393 88.4351
v 22582.4898 30664.6481 88.4351
v 22582.4898 30664.6481 88.4351
v 22582.4898 30664.6481 88.4351
v 22582.4898 30664.6481 88.4351
v 22582.4898 30664.6481 88.4351
v 22583.1006 30662.9897 88.4351
v 22583.1006 30662.9897 88.4351
v 22583.1006 30662.9897 88.4351
v 22583.1006 30662.9897 88.4351
v 22583.6282 30645.7453 88.4350
v 22583.6282 30645.7453 88.4350
v 22583.6282 30645.7453 88.4350
v 22583.6282 30645.7453 88.4350
v 22583.6282 30645.7453 88.4350
v 22583.6282 30645.7453 88.4350
v 22583.6282 30645.7453 88.4350
v 22583.6282 30645.7453 88.4350
v 22583.6282 30645.7453 88.4350
v 22588.7793 30645.4715 92.0850
v 22588.7793 30645.4715 92.0850
v 22588.7793 30645.4715 92.0850
v 22588.7793 30645.4715 92.0850
v 22589.1115 30651.7251 92.0851
v 22589.1115 30651.7251 92.0851
v 22589.1115 30651.7251 92.0851
v 22589.1115 30651.7251 92.0851
v 22589.1115 30651.7251 92.0851
v 22583.6282 30645.7452 92.0850
v 22583.6282 30645.7452 92.0850
v 22583.6282 30645.7452 92.0850
v 22583.6282 30645.7452 92.0850
v 22583.6282 30645.7452 92.0850
v 22583.6282 30645.7452 92.0850
v 22583.9603 30651.9987 92.0850
v 22583.9603 30651.9987 92.0850
v 22583.9603 30651.9987 92.0850
v 22583.9603 30651.9987 88.4350
v 22583.9603 30651.9987 88.4350
v 22583.9603 30651.9987 88.4350
v 22583.9603 30651.9987 88.4350
v 22583.9603 30651.9987 88.4350
v 22583.9603 30651.9987 88.4350
v 22583.9603 30651.9987 88.4350
v 22583.9603 30651.9987 88.4350
v 22589.1340 30652.2627 91.5201
v 22589.1340 30652.2627 91.5201
v 22589.1340 30652.2627 91.5201
v 22589.1340 30652.2627 91.5201
v 22589.1340 30652.2627 91.5201
v 22589.5688 30660.4440 91.5201
v 22589.5688 30660.4440 91.5201
v 22589.5688 30660.4440 91.5201
v 22589.5688 30660.4440 91.5201
v 22589.5688 30660.4440 91.5201
v 22584.8630 30652.4896 91.5200
v 22584.8630 30652.4896 91.5200
v 22584.8630 30652.4896 91.5200
v 22584.8630 30652.4896 91.5200
v 22584.8630 30652.4896 91.5200
v 22585.2979 30660.6708 91.5201
v 22585.2979 30660.6708 91.5201
v 22585.2979 30660.6708 91.5201
v 22585.2979 30660.6708 91.5201
v 22585.2979 30660.6708 91.5201
v 22584.8630 30652.4896 88.4350
v 22584.8630 30652.4896 88.4350
v 22584.8630 30652.4896 88.4350
v 22584.8630 30652.4896 88.4350
v 22584.8630 30652.4896 88.4350
v 22584.8630 30652.4896 88.4350
v 22584.8630 30652.4896 88.4350
v 22584.9635 30654.3805 88.4350
v 22584.9635 30654.3805 88.4350
v 22584.9635 30654.3805 88.4350
v 22585.2980 30660.6709 88.4351
v 22585.2980 30660.6709 88.4351
v 22585.2980 30660.6709 88.4351
v 22585.2980 30660.6709 88.4351
v 22585.2980 30660.6709 88.4351
v 22585.2980 30660.6709 88.4351
v 22585.2980 30660.6709 88.4351
v 22585.2980 30660.6709 88.4351
v 22589.5688 30660.4440 88.4351
v 22589.5688 30660.4440 88.4351
v 22589.5688 30660.4440 88.4351
v 22589.5688 30660.4440 88.4351
v 22589.5688 30660.4440 88.4351
v 22589.5688 30660.4440 88.4351
v 22589.5643 30660.3594 88.4351
v 22589.5643 30660.3594 88.4351
v 22589.5643 30660.3594 88.4351
v 22589.5643 30660.3594 88.4351
v 22589.1340 30652.2628 88.4351
v 22589.1340 30652.2628 88.4351
v 22589.1340 30652.2628 88.4351
v 22589.1340 30652.2628 88.4351
v 22589.1340 30652.2628 88.4351
v 22589.1340 30652.2628 88.4351
v 22589.1115 30651.7251 88.4351
v 22589.1115 30651.7251 88.4351
v 22589.1115 30651.7251 88.4351
v 22589.1115 30651.7251 88.4351
v 22589.1115 30651.7251 88.4351
v 22589.1115 30651.7251 88.4351
v 22589.1115 30651.7251 88.4351
v 22588.7793 30645.4715 88.4350
v 22588.7793 30645.4715 88.4350
v 22588.7793 30645.4715 88.4350
v 22588.7793 30645.4715 88.4350
v 22588.7793 30645.4715 88.4350
v 22588.7793 30645.4715 88.4350
v 22588.7793 30645.4715 88.4350
v 22586.7745 30641.0435 88.4350
v 22586.7745 30641.0435 88.4350
v 22586.7745 30641.0435 88.4350
v 22586.7745 30641.0435 88.4350
v 22586.7745 30641.0435 88.4350
v 22584.5202 30641.1553 88.4350
v 22584.5202 30641.1553 88.4350
v 22584.5202 30641.1553 88.4350
v 22584.5202 30641.1553 88.4350
v 22584.5202 30641.1553 88.4350
v 22584.5202 30641.1553 88.4350
v 22584.4607 30639.9669 88.4350
v 22584.4607 30639.9669 88.4350
v 22584.4607 30639.9669 88.4350
v 22584.4607 30639.9669 88.4350
v 22584.4607 30639.9669 88.4350
v 22584.4607 30639.9669 88.4350
v 22582.5961 30640.0595 88.4350
v 22582.5961 30640.0595 88.4350
v 22582.5961 30640.0595 88.4350
v 22582.5961 30640.0595 88.4350
v 22582.5961 30640.0595 88.4350
v 22582.5925 30639.9878 88.4349
v 22582.5925 30639.9878 88.4349
v 22582.5925 30639.9878 88.4349
v 22582.5925 30639.9878 88.4349
v 22582.5925 30639.9878 88.4349
v 22582.5925 30639.9878 88.4349
v 22582.5925 30639.9878 88.4349
v 22582.5925 30639.9878 88.4349
v 22582.5925 30639.9878 88.4349
v 22544.5995 30668.5628 94.7650
v 22544.5995 30668.5628 94.7650
v 22544.5995 30668.5628 94.7650
v 22544.5995 30668.5628 94.7650
v 22543.4851 30668.5628 94.7650
v 22543.4851 30668.5628 94.7650
v 22543.4851 30668.5628 94.7650
v 22543.4851 30668.5628 94.7650
v 22544.5995 30668.5628 92.7400
v 22544.5995 30668.5628 92.7400
v 22544.5995 30668.5628 92.7400
v 22544.5995 30668.5628 92.7400
v 22544.5995 30668.5628 92.7400
v 22543.4851 30668.5628 92.7400
v 22543.4851 30668.5628 92.7400
v 22543.4851 30668.5628 92.7400
v 22543.4851 30668.5628 92.7400
v 22543.4851 30668.5628 92.7400
v 22543.4851 30668.5628 92.7400
v 22543.4851 30668.5628 92.7400
v 22542.9280 30669.5279 94.7651
v 22542.9280 30669.5279 94.7651
v 22542.9280 30669.5279 94.7651
v 22542.9280 30669.5279 94.7651
v 22542.3399 30668.5784 94.7701
v 22542.3399 30668.5784 94.7701
v 22542.3399 30668.5784 94.7701
v 22542.3399 30668.5784 94.7701
v 22542.3399 30668.5784 94.7701
v 22541.2230 30668.5784 94.7700
v 22541.2230 30668.5784 94.7700
v 22541.2230 30668.5784 94.7700
v 22541.2230 30668.5784 94.7700
v 22541.2230 30668.5784 94.7700
v 22542.3399 30668.5784 92.7400
v 22542.3399 30668.5784 92.7400
v 22542.3399 30668.5784 92.7400
v 22542.3399 30668.5784 92.7400
v 22542.3399 30668.5784 92.7400
v 22542.3399 30668.5784 92.7400
v 22541.2230 30668.5784 92.7400
v 22541.2230 30668.5784 92.7400
v 22541.2230 30668.5784 92.7400
v 22541.2230 30668.5784 92.7400
v 22541.2230 30668.5784 92.7400
v 22541.2230 30668.5784 92.7400
v 22540.6645 30669.5457 94.7701
v 22540.6645 30669.5457 94.7701
v 22540.6645 30669.5457 94.7701
v 22540.6645 30669.5457 94.7701
v 22540.6645 30669.5457 94.7701
v 22540.1340 30668.7233 94.7701
v 22540.1340 30668.7233 94.7701
v 22540.1340 30668.7233 94.7701
v 22540.1340 30668.7233 94.7701
v 22540.1340 30668.7233 94.7701
v 22539.0170 30668.7233 94.7701
v 22539.0170 30668.7233 94.7701
v 22539.0170 30668.7233 94.7701
v 22539.0170 30668.7233 94.7701
v 22539.0170 30668.7233 94.7701
v 22540.1340 30668.7233 92.7401
v 22540.1340 30668.7233 92.7401
v 22540.1340 30668.7233 92.7401
v 22540.1340 30668.7233 92.7401
v 22540.1340 30668.7233 92.7401
v 22540.1340 30668.7233 92.7401
v 22540.1340 30668.7233 92.7401
v 22539.0170 30668.7233 92.7401
v 22539.0170 30668.7233 92.7401
v 22539.0170 30668.7233 92.7401
v 22539.0170 30668.7233 92.7401
v 22539.0170 30668.7233 92.7401
v 22539.0170 30668.7233 92.7401
v 22538.4586 30669.6906 94.7701
v 22538.4586 30669.6906 94.7701
v 22538.4586 30669.6906 94.7701
v 22538.4586 30669.6906 94.7701
v 22538.4586 30669.6906 94.7701
v 22538.4402 30669.7304 94.7751
v 22538.4402 30669.7304 94.7751
v 22538.4402 30669.7304 94.7751
v 22538.4402 30669.7304 94.7751
v 22537.8817 30668.7631 94.7751
v 22537.8817 30668.7631 94.7751
v 22537.8817 30668.7631 94.7751
v 22537.8817 30668.7631 94.7751
v 22537.8817 30668.7631 92.7401
v 22537.8817 30668.7631 92.7401
v 22537.8817 30668.7631 92.7401
v 22537.8817 30668.7631 92.7401
v 22537.8817 30668.7631 92.7401
v 22537.8817 30668.7631 92.7401
v 22537.8817 30668.7631 92.7401
v 22537.8817 30668.7631 92.7401
v 22536.7648 30668.7632 94.7751
v 22536.7648 30668.7632 94.7751
v 22536.7648 30668.7632 94.7751
v 22536.7648 30668.7632 94.7751
v 22536.7648 30668.7632 94.7751
v 22536.7648 30670.6978 94.7751
v 22536.7648 30670.6978 94.7751
v 22536.7648 30670.6978 94.7751
v 22536.7648 30670.6978 94.7751
v 22536.2063 30669.7305 94.7751
v 22536.2063 30669.7305 94.7751
v 22536.2063 30669.7305 94.7751
v 22536.2063 30669.7305 94.7751
v 22536.2063 30669.7305 94.7751
v 22537.8818 30670.6978 94.7751
v 22537.8818 30670.6978 94.7751
v 22537.8818 30670.6978 94.7751
v 22537.8818 30670.6978 94.7751
v 22537.8818 30670.6978 94.7751
v 22537.8818 30670.6978 94.7751
v 22537.8818 30670.6978 94.7751
v 22537.8818 30670.6978 94.7751
v 22538.4402 30669.7304 92.7401
v 22538.4402 30669.7304 92.7401
v 22538.4402 30669.7304 92.7401
v 22538.4402 30669.7304 92.7401
v 22538.4402 30669.7304 92.7401
v 22538.4402 30669.7304 92.7401
v 22538.4586 30669.6907 92.7401
v 22538.4586 30669.6907 92.7401
v 22538.4586 30669.6907 92.7401
v 22538.4586 30669.6907 92.7401
v 22538.4586 30669.6907 92.7401
v 22538.4586 30669.6907 92.7401
v 22538.4586 30669.6907 92.7401
v 22538.9334 30670.5131 92.7401
v 22538.9334 30670.5131 92.7401
v 22538.9334 30670.5131 92.7401
v 22539.0171 30670.6579 94.7701
v 22539.0171 30670.6579 94.7701
v 22539.0171 30670.6579 94.7701
v 22539.0171 30670.6579 94.7701
v 22539.0171 30670.6579 94.7701
v 22540.1340 30670.6579 94.7701
v 22540.1340 30670.6579 94.7701
v 22540.1340 30670.6579 94.7701
v 22540.1340 30670.6579 94.7701
v 22540.1340 30670.6579 94.7701
v 22540.1340 30670.6579 94.7701
v 22540.1340 30670.6579 94.7701
v 22540.6925 30669.6906 94.7701
v 22540.6925 30669.6906 94.7701
v 22540.6925 30669.6906 94.7701
v 22540.6925 30669.6906 94.7701
v 22540.6925 30669.6906 94.7701
v 22540.6925 30669.6906 92.7401
v 22540.6925 30669.6906 92.7401
v 22540.6925 30669.6906 92.7401
v 22540.6925 30669.6906 92.7401
v 22540.6925 30669.6906 92.7401
v 22540.6925 30669.6906 92.7401
v 22540.6645 30669.5457 92.7401
v 22540.6645 30669.5457 92.7401
v 22540.6645 30669.5457 92.7401
v 22540.6645 30669.5457 92.7401
v 22540.6645 30669.5457 92.7401
v 22540.6645 30669.5457 92.7401
v 22541.2230 30670.5130 94.7701
v 22541.2230 30670.5130 94.7701
v 22541.2230 30670.5130 94.7701
v 22541.2230 30670.5130 94.7701
v 22542.3399 30670.5130 94.7701
v 22542.3399 30670.5130 94.7701
v 22542.3399 30670.5130 94.7701
v 22542.3399 30670.5130 94.7701
v 22542.3399 30670.5130 94.7701
v 22542.3399 30670.5130 94.7701
v 22542.3399 30670.5130 94.7701
v 22542.8984 30669.5457 94.7701
v 22542.8984 30669.5457 94.7701
v 22542.8984 30669.5457 94.7701
v 22542.8984 30669.5457 94.7701
v 22542.8984 30669.5457 92.7401
v 22542.8984 30669.5457 92.7401
v 22542.8984 30669.5457 92.7401
v 22542.8984 30669.5457 92.7401
v 22542.8984 30669.5457 92.7401
v 22542.8984 30669.5457 92.7401
v 22542.8984 30669.5457 92.7401
v 22542.9280 30669.5279 92.7401
v 22542.9280 30669.5279 92.7401
v 22542.9280 30669.5279 92.7401
v 22542.9280 30669.5279 92.7401
v 22542.9280 30669.5279 92.7401
v 22543.4852 30670.4930 94.7651
v 22543.4852 30670.4930 94.7651
v 22543.4852 30670.4930 94.7651
v 22543.4852 30670.4930 94.7651
v 22543.4852 30670.4930 94.7651
v 22543.4852 30670.4930 94.7651
v 22543.4852 30670.4930 94.7651
v 22544.5996 30670.4930 94.7651
v 22544.5996 30670.4930 94.7651
v 22544.5996 30670.4930 94.7651
v 22544.5996 30670.4930 94.7651
v 22544.5996 30670.4930 94.7651
v 22545.1567 30669.5279 94.7651
v 22545.1567 30669.5279 94.7651
v 22545.1567 30669.5279 94.7651
v 22545.1567 30669.5279 94.7651
v 22545.1567 30669.5279 94.7651
v 22545.1567 30669.5279 94.7651
v 22545.1567 30669.5279 94.7651
v 22545.1567 30669.5279 94.7651
v 22545.0785 30669.3923 92.7401
v 22545.0785 30669.3923 92.7401
v 22545.0785 30669.3923 92.7401
v 22545.0785 30669.3923 92.7401
v 22545.0785 30669.3924 88.4351
v 22545.0785 30669.3924 88.4351
v 22545.0785 30669.3924 88.4351
v 22545.0785 30669.3924 88.4351
v 22545.0785 30669.3924 88.4351
v 22545.0785 30669.3924 88.4351
v 22538.0521 30660.1525 94.8500
v 22538.0521 30660.1525 94.8500
v 22538.0521 30660.1525 94.8500
v 22538.0521 30660.1525 94.8500
v 22537.4937 30659.1854 94.8500
v 22537.4937 30659.1854 94.8500
v 22537.4937 30659.1854 94.8500
v 22537.4937 30659.1854 94.8500
v 22537.4937 30659.1854 94.8500
v 22538.0521 30660.1525 92.6500
v 22538.0521 30660.1525 92.6500
v 22538.0521 30660.1525 92.6500
v 22538.0521 30660.1525 92.6500
v 22538.0521 30660.1525 92.6500
v 22538.0521 30660.1525 92.6500
v 22539.7457 30659.1451 94.8500
v 22539.7457 30659.1451 94.8500
v 22539.7457 30659.1451 94.8500
v 22540.3041 30660.1123 94.8500
v 22540.3041 30660.1123 94.8500
v 22540.3041 30660.1123 94.8500
v 22540.3041 30660.1123 94.8500
v 22540.3041 30660.1123 94.8500
v 22540.3041 30660.1123 94.8500
v 22540.3041 30660.1123 94.8500
v 22538.6289 30659.1452 94.8500
v 22538.6289 30659.1452 94.8500
v 22538.6289 30659.1452 94.8500
v 22538.6289 30659.1452 94.8500
v 22538.6289 30659.1452 94.8500
v 22538.0705 30660.1124 94.8500
v 22538.0705 30660.1124 94.8500
v 22538.0705 30660.1124 94.8500
v 22538.0705 30660.1124 94.8500
v 22538.0705 30660.1124 94.8500
v 22538.0705 30660.1124 92.6500
v 22538.0705 30660.1124 92.6500
v 22538.0705 30660.1124 92.6500
v 22538.0705 30660.1124 92.6500
v 22538.0705 30660.1124 92.6500
v 22538.0705 30660.1124 92.6500
v 22538.6290 30661.0796 94.8500
v 22538.6290 30661.0796 94.8500
v 22538.6290 30661.0796 94.8500
v 22538.6290 30661.0796 94.8500
v 22538.6290 30661.0796 94.8500
v 22539.7458 30661.0795 94.8500
v 22539.7458 30661.0795 94.8500
v 22539.7458 30661.0795 94.8500
v 22539.7458 30661.0795 94.8500
v 22539.7458 30661.0795 94.8500
v 22540.3041 30660.1123 92.6500
v 22540.3041 30660.1123 92.6500
v 22540.3041 30660.1123 92.6500
v 22540.3041 30660.1123 92.6500
v 22540.3041 30660.1123 92.6500
v 22540.3041 30660.1123 92.6500
v 22540.3041 30660.1123 92.6500
v 22540.7508 30659.1451 92.6500
v 22540.7508 30659.1451 92.6500
v 22540.7508 30659.1451 92.6500
v 22540.7508 30659.1451 92.6500
v 22540.2759 30659.9677 94.8450
v 22540.2759 30659.9677 94.8450
v 22540.2759 30659.9677 94.8450
v 22540.2759 30659.9677 94.8450
v 22540.2759 30659.9677 94.8450
v 22540.2759 30659.9677 94.8450
v 22540.2759 30659.9677 92.6500
v 22540.2759 30659.9677 92.6500
v 22540.2759 30659.9677 92.6500
v 22540.2759 30659.9677 92.6500
v 22540.2759 30659.9677 92.6500
v 22540.2759 30659.9677 92.6500
v 22540.3318 30660.0645 92.6500
v 22540.3318 30660.0645 92.6500
v 22540.3318 30660.0645 92.6500
v 22540.3318 30660.0645 92.6500
v 22540.8344 30660.9350 94.8450
v 22540.8344 30660.9350 94.8450
v 22540.8344 30660.9350 94.8450
v 22540.8344 30660.9350 94.8450
v 22540.8344 30660.9350 94.8450
v 22541.9513 30660.9349 94.8450
v 22541.9513 30660.9349 94.8450
v 22541.9513 30660.9349 94.8450
v 22541.9513 30660.9349 94.8450
v 22541.9513 30660.9349 94.8450
v 22541.9513 30660.9349 94.8450
v 22541.9513 30660.9349 94.8450
v 22540.8343 30659.0004 94.8450
v 22540.8343 30659.0004 94.8450
v 22540.8343 30659.0004 94.8450
v 22540.8343 30659.0004 94.8450
v 22540.8343 30659.0004 94.8450
v 22541.9513 30659.0003 94.8450
v 22541.9513 30659.0003 94.8450
v 22541.9513 30659.0003 94.8450
v 22541.9513 30659.0003 94.8450
v 22541.9513 30659.0003 94.8450
v 22542.5098 30659.9676 94.8450
v 22542.5098 30659.9676 94.8450
v 22542.5098 30659.9676 94.8450
v 22542.5098 30659.9676 94.8450
v 22542.5098 30659.9676 92.6500
v 22542.5098 30659.9676 92.6500
v 22542.5098 30659.9676 92.6500
v 22542.5098 30659.9676 92.6500
v 22542.5098 30659.9676 92.6500
v 22542.5098 30659.9676 92.6500
v 22542.5098 30659.9676 92.6500
v 22542.5392 30659.9502 92.6500
v 22542.5392 30659.9502 92.6500
v 22542.5392 30659.9502 92.6500
v 22542.5392 30659.9502 92.6500
v 22542.5392 30659.9502 92.6500
v 22542.5392 30659.9502 94.8400
v 22542.5392 30659.9502 94.8400
v 22542.5392 30659.9502 94.8400
v 22542.5392 30659.9502 94.8400
v 22543.0964 30660.9151 94.8400
v 22543.0964 30660.9151 94.8400
v 22543.0964 30660.9151 94.8400
v 22543.0964 30660.9151 94.8400
v 22543.0964 30660.9151 94.8400
v 22543.0964 30660.9151 94.8400
v 22543.0963 30658.9852 94.8400
v 22543.0963 30658.9852 94.8400
v 22543.0963 30658.9852 94.8400
v 22543.0963 30658.9852 94.8400
v 22543.0963 30658.9852 94.8400
v 22544.2106 30660.9151 94.8400
v 22544.2106 30660.9151 94.8400
v 22544.2106 30660.9151 94.8400
v 22544.2106 30660.9151 94.8400
v 22544.7677 30659.9501 94.8400
v 22544.7677 30659.9501 94.8400
v 22544.7677 30659.9501 94.8400
v 22544.7677 30659.9501 94.8400
v 22544.7677 30659.9501 94.8400
v 22544.2106 30658.9852 94.8400
v 22544.2106 30658.9852 94.8400
v 22544.2106 30658.9852 94.8400
v 22544.2106 30658.9852 94.8400
v 22544.2106 30658.9852 92.6500
v 22544.2106 30658.9852 92.6500
v 22544.2106 30658.9852 92.6500
v 22544.2106 30658.9852 92.6500
v 22544.2106 30658.9852 92.6500
v 22543.0963 30658.9852 92.6500
v 22543.0963 30658.9852 92.6500
v 22543.0963 30658.9852 92.6500
v 22543.0963 30658.9852 92.6500
v 22543.0963 30658.9852 92.6500
v 22543.0963 30658.9852 92.6500
v 22543.0963 30658.9852 92.6500
v 22541.9513 30659.0004 92.6500
v 22541.9513 30659.0004 92.6500
v 22541.9513 30659.0004 92.6500
v 22541.9513 30659.0004 92.6500
v 22541.9513 30659.0004 92.6500
v 22541.9513 30659.0004 92.6500
v 22540.8343 30659.0004 92.6500
v 22540.8343 30659.0004 92.6500
v 22540.8343 30659.0004 92.6500
v 22540.8343 30659.0004 92.6500
v 22540.8343 30659.0004 92.6500
v 22540.8343 30659.0004 92.6500
v 22539.7457 30659.1452 92.6500
v 22539.7457 30659.1452 92.6500
v 22539.7457 30659.1452 92.6500
v 22539.7457 30659.1452 92.6500
v 22539.7457 30659.1452 92.6500
v 22539.7457 30659.1452 92.6500
v 22539.7457 30659.1452 92.6500
v 22539.7457 30659.1452 92.6500
v 22539.7457 30659.1452 92.6500
v 22538.6289 30659.1452 92.6500
v 22538.6289 30659.1452 92.6500
v 22538.6289 30659.1452 92.6500
v 22538.6289 30659.1452 92.6500
v 22538.6289 30659.1452 92.6500
v 22538.6289 30659.1452 92.6500
v 22537.4937 30659.1854 92.6500
v 22537.4937 30659.1854 92.6500
v 22537.4937 30659.1854 92.6500
v 22537.4937 30659.1854 92.6500
v 22537.4937 30659.1854 92.6500
v 22537.4937 30659.1854 92.6500
v 22537.4937 30659.1854 92.6500
v 22536.3770 30659.1854 94.8500
v 22536.3770 30659.1854 94.8500
v 22536.3770 30659.1854 94.8500
v 22536.3770 30659.1854 94.8500
v 22536.3770 30659.1854 94.8500
v 22536.3771 30661.1197 94.8500
v 22536.3771 30661.1197 94.8500
v 22536.3771 30661.1197 94.8500
v 22536.3771 30661.1197 94.8500
v 22535.8187 30660.1526 94.8500
v 22535.8187 30660.1526 94.8500
v 22535.8187 30660.1526 94.8500
v 22535.8187 30660.1526 94.8500
v 22535.8187 30660.1526 94.8500
v 22537.4938 30661.1196 94.8500
v 22537.4938 30661.1196 94.8500
v 22537.4938 30661.1196 94.8500
v 22537.4938 30661.1196 94.8500
v 22537.4938 30661.1196 94.8500
v 22537.4938 30661.1196 94.8500
v 22537.4938 30661.1196 94.8500
v 22537.4938 30661.1196 92.6500
v 22537.4938 30661.1196 92.6500
v 22537.4938 30661.1196 92.6500
v 22537.4938 30661.1196 92.6500
v 22537.4938 30661.1196 92.6500
v 22537.4938 30661.1196 92.6500
v 22538.6290 30661.0796 92.6500
v 22538.6290 30661.0796 92.6500
v 22538.6290 30661.0796 92.6500
v 22538.6290 30661.0796 92.6500
v 22538.6290 30661.0796 92.6500
v 22538.6290 30661.0796 92.6500
v 22538.6290 30661.0796 92.6500
v 22539.7458 30661.0795 92.6500
v 22539.7458 30661.0795 92.6500
v 22539.7458 30661.0795 92.6500
v 22539.7458 30661.0795 92.6500
v 22539.7458 30661.0795 92.6500
v 22540.8344 30660.9350 92.6500
v 22540.8344 30660.9350 92.6500
v 22540.8344 30660.9350 92.6500
v 22540.8344 30660.9350 92.6500
v 22540.8344 30660.9350 92.6500
v 22540.8344 30660.9350 92.6500
v 22540.8344 30660.9350 92.6500
v 22541.9513 30660.9350 92.6500
v 22541.9513 30660.9350 92.6500
v 22541.9513 30660.9350 92.6500
v 22541.9513 30660.9350 92.6500
v 22541.9513 30660.9350 92.6500
v 22541.9513 30660.9350 92.6500
v 22543.0964 30660.9152 92.6500
v 22543.0964 30660.9152 92.6500
v 22543.0964 30660.9152 92.6500
v 22543.0964 30660.9152 92.6500
v 22543.0964 30660.9152 92.6500
v 22543.0964 30660.9152 92.6500
v 22543.0964 30660.9152 92.6500
v 22544.2106 30660.9151 92.6500
v 22544.2106 30660.9151 92.6500
v 22544.2106 30660.9151 92.6500
v 22544.2106 30660.9151 92.6500
v 22544.2106 30660.9151 92.6500
v 22544.7677 30659.9501 92.6500
v 22544.7677 30659.9501 92.6500
v 22544.7677 30659.9501 92.6500
v 22544.7677 30659.9501 92.6500
v 22544.7677 30659.9501 92.6500
v 22544.7677 30659.9501 92.6500
v 22544.7677 30659.9501 92.6500
v 22544.7677 30659.9501 92.6500
v 22544.7942 30659.9044 92.6500
v 22544.7942 30659.9044 92.6500
v 22544.7942 30659.9044 92.6500
v 22544.7942 30659.9044 92.6500
v 22544.7557 30658.9852 92.6500
v 22544.7557 30658.9852 92.6500
v 22544.7557 30658.9852 92.6500
v 22544.7557 30658.9852 92.6500
v 22544.7557 30658.9852 92.6500
v 22544.7106 30657.9065 92.6500
v 22544.7106 30657.9065 92.6500
v 22544.7106 30657.9065 92.6500
v 22544.7106 30657.9065 92.6500
v 22544.7106 30657.9065 92.6500
v 22544.7106 30657.9065 92.6500
v 22544.7106 30657.9065 92.6500
v 22544.7106 30657.9065 92.6500
v 22544.7106 30657.9065 92.6500
v 22544.7106 30657.9065 92.6500
v 22544.7106 30657.9065 92.6500
v 22544.7106 30657.9065 92.6500
v 22544.7106 30657.9065 92.6500
v 22536.3770 30659.1855 92.6500
v 22536.3770 30659.1855 92.6500
v 22536.3770 30659.1855 92.6500
v 22536.3770 30659.1855 92.6500
v 22536.3770 30659.1855 92.6500
v 22536.3770 30659.1855 92.6500
v 22536.3770 30659.1855 92.6500
v 22535.8187 30660.1526 92.6500
v 22535.8187 30660.1526 92.6500
v 22535.8187 30660.1526 92.6500
v 22535.8187 30660.1526 92.6500
v 22535.8187 30660.1526 92.6500
v 22535.8187 30660.1526 92.6500
v 22536.3771 30661.1197 92.6500
v 22536.3771 30661.1197 92.6500
v 22536.3771 30661.1197 92.6500
v 22536.3771 30661.1197 92.6500
v 22536.3771 30661.1197 92.6500
v 22536.3771 30661.1197 92.6500
v 22544.8693 30661.7022 92.6500
v 22544.8693 30661.7022 92.6500
v 22544.8693 30661.7022 92.6500
v 22544.8693 30661.7022 92.6500
v 22544.8693 30661.7022 92.6500
v 22544.8693 30661.7022 92.6500
v 22544.8693 30661.7022 92.6500
v 22544.8693 30661.7022 92.6500
v 22544.8693 30661.7022 92.6500
v 22544.8693 30661.7022 92.6500
v 22544.8693 30661.7022 92.6500
v 22544.8693 30661.7022 92.6500
v 22544.8693 30661.7022 88.4350
v 22544.8693 30661.7022 88.4350
v 22544.8693 30661.7022 88.4350
v 22544.8693 30661.7022 88.4350
v 22544.8693 30661.7022 88.4350
v 22544.8693 30661.7022 88.4350
v 22544.8693 30661.7022 88.4350
v 22544.8693 30661.7022 88.4350
v 22544.7106 30657.9066 88.4350
v 22544.7106 30657.9066 88.4350
v 22544.7106 30657.9066 88.4350
v 22544.7106 30657.9066 88.4350
v 22544.7106 30657.9066 88.4350
v 22544.7106 30657.9066 88.4350
v 22535.4867 30658.2925 92.6500
v 22535.4867 30658.2925 92.6500
v 22535.4867 30658.2925 92.6500
v 22535.4867 30658.2925 92.6500
v 22535.5223 30659.1453 92.6500
v 22535.5223 30659.1453 92.6500
v 22535.5223 30659.1453 92.6500
v 22535.5223 30659.1453 92.6500
v 22535.5223 30659.1453 92.6500
v 22535.5223 30659.1453 92.6500
v 22535.5816 30660.5633 92.6500
v 22535.5816 30660.5633 92.6500
v 22535.5816 30660.5633 92.6500
v 22535.5816 30660.5633 92.6500
v 22535.5816 30660.5633 92.6500
v 22535.6452 30662.0881 92.6500
v 22535.6452 30662.0881 92.6500
v 22535.6452 30662.0881 92.6500
v 22535.6452 30662.0881 92.6500
v 22535.6452 30662.0881 92.6500
v 22535.6452 30662.0881 92.6500
v 22535.6452 30662.0881 92.6500
v 22539.6696 30661.9197 88.4350
v 22539.6696 30661.9197 88.4350
v 22539.6696 30661.9197 88.4350
v 22539.6696 30661.9197 88.4350
v 22539.6696 30661.9197 88.4350
v 22539.6696 30661.9197 88.4350
v 22545.0024 30667.5667 88.4350
v 22545.0024 30667.5667 88.4350
v 22545.0024 30667.5667 88.4350
v 22545.0024 30667.5667 88.4350
v 22545.0024 30667.5667 88.4350
v 22545.0024 30667.5667 88.4350
v 22545.0024 30667.5667 88.4350
v 22536.1972 30667.9344 88.4351
v 22536.1972 30667.9344 88.4351
v 22536.1972 30667.9344 88.4351
v 22536.1972 30667.9344 88.4351
v 22536.0189 30667.9418 92.7401
v 22536.0189 30667.9418 92.7401
v 22536.0189 30667.9418 92.7401
v 22536.0189 30667.9418 92.7401
v 22536.0189 30667.9418 92.7401
v 22545.0024 30667.5667 92.7400
v 22545.0024 30667.5667 92.7400
v 22545.0024 30667.5667 92.7400
v 22545.0024 30667.5667 92.7400
v 22545.0024 30667.5667 92.7400
v 22545.0024 30667.5667 92.7400
v 22545.0024 30667.5667 92.7400
v 22545.0024 30667.5667 92.7400
v 22545.0024 30667.5667 92.7400
v 22545.0024 30667.5667 92.7400
v 22545.0024 30667.5667 92.7400
v 22545.0024 30667.5667 92.7400
v 22545.0024 30667.5667 92.7400
v 22536.7648 30668.7632 92.7401
v 22536.7648 30668.7632 92.7401
v 22536.7648 30668.7632 92.7401
v 22536.7648 30668.7632 92.7401
v 22536.7648 30668.7632 92.7401
v 22536.7648 30668.7632 92.7401
v 22536.2063 30669.7305 92.7401
v 22536.2063 30669.7305 92.7401
v 22536.2063 30669.7305 92.7401
v 22536.2063 30669.7305 92.7401
v 22536.2063 30669.7305 92.7401
v 22536.2063 30669.7305 92.7401
v 22536.2063 30669.7305 92.7401
v 22536.7648 30670.6978 92.7401
v 22536.7648 30670.6978 92.7401
v 22536.7648 30670.6978 92.7401
v 22536.7648 30670.6978 92.7401
v 22536.7648 30670.6978 92.7401
v 22536.7648 30670.6978 92.7401
v 22537.8818 30670.6978 92.7401
v 22537.8818 30670.6978 92.7401
v 22537.8818 30670.6978 92.7401
v 22537.8818 30670.6978 92.7401
v 22537.8818 30670.6978 92.7401
v 22539.0171 30670.6579 92.7401
v 22539.0171 30670.6579 92.7401
v 22539.0171 30670.6579 92.7401
v 22539.0171 30670.6579 92.7401
v 22539.0171 30670.6579 92.7401
v 22539.0171 30670.6579 92.7401
v 22539.0171 30670.6579 92.7401
v 22539.0171 30670.6579 92.7401
v 22540.1340 30670.6579 92.7401
v 22540.1340 30670.6579 92.7401
v 22540.1340 30670.6579 92.7401
v 22540.1340 30670.6579 92.7401
v 22540.1340 30670.6579 92.7401
v 22540.2177 30670.5130 92.7401
v 22540.2177 30670.5130 92.7401
v 22540.2177 30670.5130 92.7401
v 22540.2177 30670.5130 92.7401
v 22540.2177 30670.5130 92.7401
v 22541.2230 30670.5130 92.7401
v 22541.2230 30670.5130 92.7401
v 22541.2230 30670.5130 92.7401
v 22541.2230 30670.5130 92.7401
v 22541.2230 30670.5130 92.7401
v 22541.2230 30670.5130 92.7401
v 22541.2230 30670.5130 92.7401
v 22542.3399 30670.5130 92.7401
v 22542.3399 30670.5130 92.7401
v 22542.3399 30670.5130 92.7401
v 22542.3399 30670.5130 92.7401
v 22542.3399 30670.5130 92.7401
v 22542.3399 30670.5130 92.7401
v 22543.4852 30670.4930 92.7401
v 22543.4852 30670.4930 92.7401
v 22543.4852 30670.4930 92.7401
v 22543.4852 30670.4930 92.7401
v 22543.4852 30670.4930 92.7401
v 22543.4852 30670.4930 92.7401
v 22543.4852 30670.4930 92.7401
v 22544.5996 30670.4930 92.7401
v 22544.5996 30670.4930 92.7401
v 22544.5996 30670.4930 92.7401
v 22544.5996 30670.4930 92.7401
v 22545.0890 30669.6452 92.7401
v 22545.0890 30669.6452 92.7401
v 22545.0890 30669.6452 92.7401
v 22545.0890 30669.6452 92.7401
v 22545.0890 30669.6452 92.7401
v 22545.0890 30669.6452 92.7401
v 22545.0890 30669.6452 92.7401
v 22545.0890 30669.6452 88.4351
v 22545.0890 30669.6452 88.4351
v 22545.0890 30669.6452 88.4351
v 22545.1567 30669.5279 88.4351
v 22545.1567 30669.5279 88.4351
v 22545.1567 30669.5279 88.4351
v 22545.1567 30669.5279 88.4351
v 22545.1567 30669.5279 88.4351
v 22545.1567 30669.5279 88.4351
v 22546.4977 30648.3259 88.4349
v 22546.4977 30648.3259 88.4349
v 22546.4977 30648.3259 88.4349
v 22546.4977 30648.3259 88.4349
v 22546.4977 30648.3259 88.4349
v 22546.4977 30648.3259 88.4349
v 22546.4977 30648.3259 88.4349
v 22546.4977 30648.3259 88.4349
v 22546.4977 30648.3259 88.4349
v 22546.4977 30648.3259 88.4349
v 22546.4977 30648.3259 88.4349
v 22546.4977 30648.3259 88.4349
v 22575.5617 30661.0364 91.5200
v 22575.5617 30661.0364 91.5200
v 22575.5617 30661.0364 91.5200
v 22575.5617 30661.0364 91.5200
v 22575.2624 30654.8487 91.5200
v 22575.2624 30654.8487 91.5200
v 22575.2624 30654.8487 91.5200
v 22575.2624 30654.8487 91.5200
v 22575.2624 30654.8487 91.5200
v 22581.7685 30660.7363 91.5201
v 22581.7685 30660.7363 91.5201
v 22581.7685 30660.7363 91.5201
v 22581.7685 30660.7363 91.5201
v 22581.7685 30660.7363 91.5201
v 22581.4698 30654.5491 91.5200
v 22581.4698 30654.5491 91.5200
v 22581.4698 30654.5491 91.5200
v 22581.4698 30654.5491 91.5200
v 22581.4698 30654.5492 88.4350
v 22581.4698 30654.5492 88.4350
v 22581.4698 30654.5492 88.4350
v 22581.4698 30654.5492 88.4350
v 22581.4698 30654.5492 88.4350
v 22581.4698 30654.5492 88.4350
v 22581.4698 30654.5492 88.4350
v 22581.4698 30654.5492 88.4350
v 22559.7736 30658.2914 92.6500
v 22559.7736 30658.2914 92.6500
v 22559.7736 30658.2914 92.6500
v 22559.7736 30658.2914 92.6500
v 22559.7736 30658.2914 92.6500
v 22559.7736 30658.2914 92.6500
v 22559.7736 30658.2914 95.0600
v 22559.7736 30658.2914 95.0600
v 22559.7736 30658.2914 95.0600
v 22559.7736 30658.2914 95.0600
v 22559.7736 30658.2914 95.0600
v 22558.6567 30658.2915 95.0600
v 22558.6567 30658.2915 95.0600
v 22558.6567 30658.2915 95.0600
v 22558.6567 30658.2915 95.0600
v 22558.6567 30658.2915 95.0600
v 22558.6568 30660.2259 95.0600
v 22558.6568 30660.2259 95.0600
v 22558.6568 30660.2259 95.0600
v 22558.6568 30660.2259 95.0600
v 22558.0983 30659.2587 95.0600
v 22558.0983 30659.2587 95.0600
v 22558.0983 30659.2587 95.0600
v 22558.0983 30659.2587 95.0600
v 22558.0983 30659.2587 95.0600
v 22559.7736 30660.2258 95.0600
v 22559.7736 30660.2258 95.0600
v 22559.7736 30660.2258 95.0600
v 22559.7736 30660.2258 95.0600
v 22559.7736 30660.2258 95.0600
v 22559.7736 30660.2258 95.0600
v 22559.7736 30660.2258 95.0600
v 22560.3320 30659.2586 95.0600
v 22560.3320 30659.2586 95.0600
v 22560.3320 30659.2586 95.0600
v 22560.3320 30659.2586 95.0600
v 22560.3320 30659.2586 92.6500
v 22560.3320 30659.2586 92.6500
v 22560.3320 30659.2586 92.6500
v 22560.3320 30659.2586 92.6500
v 22560.3320 30659.2586 92.6500
v 22560.3320 30659.2586 92.6500
v 22560.3504 30659.2189 92.6500
v 22560.3504 30659.2189 92.6500
v 22560.3504 30659.2189 92.6500
v 22560.3504 30659.2189 92.6500
v 22560.3504 30659.2189 92.6500
v 22560.3504 30659.2189 92.6500
v 22560.3504 30659.2189 92.6500
v 22560.3504 30659.2189 92.6500
v 22565.3748 30658.0571 95.0550
v 22565.3748 30658.0571 95.0550
v 22565.3748 30658.0571 95.0550
v 22565.3748 30658.0571 95.0550
v 22565.3748 30658.0571 95.0550
v 22564.8163 30659.0245 95.0550
v 22564.8163 30659.0245 95.0550
v 22564.8163 30659.0245 95.0550
v 22564.8163 30659.0245 95.0550
v 22565.3748 30658.0571 92.6500
v 22565.3748 30658.0571 92.6500
v 22565.3748 30658.0571 92.6500
v 22565.3748 30658.0571 92.6500
v 22565.3748 30658.0571 92.6500
v 22565.3748 30658.0571 92.6500
v 22564.2311 30658.1070 95.0600
v 22564.2311 30658.1070 95.0600
v 22564.2311 30658.1070 95.0600
v 22564.2311 30658.1070 95.0600
v 22564.2311 30658.1070 95.0600
v 22563.1144 30658.1071 95.0600
v 22563.1144 30658.1071 95.0600
v 22563.1144 30658.1071 95.0600
v 22563.1144 30658.1071 95.0600
v 22563.1144 30658.1071 95.0600
v 22564.2311 30658.1071 92.6500
v 22564.2311 30658.1071 92.6500
v 22564.2311 30658.1071 92.6500
v 22564.2311 30658.1071 92.6500
v 22564.2311 30658.1071 92.6500
v 22564.2311 30658.1071 92.6500
v 22564.2311 30658.1071 92.6500
v 22563.1144 30658.1071 92.6500
v 22563.1144 30658.1071 92.6500
v 22563.1144 30658.1071 92.6500
v 22563.1144 30658.1071 92.6500
v 22563.1144 30658.1071 92.6500
v 22563.1144 30658.1071 92.6500
v 22562.5561 30659.0742 95.0600
v 22562.5561 30659.0742 95.0600
v 22562.5561 30659.0742 95.0600
v 22562.5561 30659.0742 95.0600
v 22562.5561 30659.0742 95.0600
v 22562.0255 30658.2517 95.0600
v 22562.0255 30658.2517 95.0600
v 22562.0255 30658.2517 95.0600
v 22562.0255 30658.2517 95.0600
v 22560.9088 30658.2518 95.0600
v 22560.9088 30658.2518 95.0600
v 22560.9088 30658.2518 95.0600
v 22560.9088 30658.2518 95.0600
v 22560.9088 30658.2518 95.0600
v 22560.9088 30658.2518 95.0600
v 22562.0256 30658.2517 92.6500
v 22562.0256 30658.2517 92.6500
v 22562.0256 30658.2517 92.6500
v 22562.0256 30658.2517 92.6500
v 22562.0256 30658.2517 92.6500
v 22562.0256 30658.2517 92.6500
v 22562.0256 30658.2517 92.6500
v 22562.0256 30658.2517 92.6500
v 22562.0256 30658.2517 92.6500
v 22560.9133 30658.2518 92.6500
v 22560.9133 30658.2518 92.6500
v 22560.9133 30658.2518 92.6500
v 22560.9133 30658.2518 92.6500
v 22560.9088 30658.2518 92.6500
v 22560.9088 30658.2518 92.6500
v 22560.9088 30658.2518 92.6500
v 22560.9088 30658.2518 92.6500
v 22560.9088 30658.2518 92.6500
v 22560.3504 30659.2189 95.0600
v 22560.3504 30659.2189 95.0600
v 22560.3504 30659.2189 95.0600
v 22560.3504 30659.2189 95.0600
v 22560.3504 30659.2189 95.0600
v 22560.3504 30659.2189 95.0600
v 22560.8859 30658.2914 92.6500
v 22560.8859 30658.2914 92.6500
v 22560.8859 30658.2914 92.6500
v 22560.8859 30658.2914 92.6500
v 22560.3527 30659.2228 92.6500
v 22560.3527 30659.2228 92.6500
v 22560.3527 30659.2228 92.6500
v 22560.9088 30660.1860 95.0600
v 22560.9088 30660.1860 95.0600
v 22560.9088 30660.1860 95.0600
v 22560.9088 30660.1860 95.0600
v 22560.9088 30660.1860 95.0600
v 22560.9088 30660.1860 95.0600
v 22562.0256 30660.1860 95.0600
v 22562.0256 30660.1860 95.0600
v 22562.0256 30660.1860 95.0600
v 22562.0256 30660.1860 95.0600
v 22562.5839 30659.2188 95.0600
v 22562.5839 30659.2188 95.0600
v 22562.5839 30659.2188 95.0600
v 22562.5839 30659.2188 95.0600
v 22562.5839 30659.2188 95.0600
v 22562.5839 30659.2188 95.0600
v 22562.5839 30659.2188 95.0600
v 22562.5840 30659.2189 92.6500
v 22562.5840 30659.2189 92.6500
v 22562.5840 30659.2189 92.6500
v 22562.5840 30659.2189 92.6500
v 22562.5840 30659.2189 92.6500
v 22562.5840 30659.2189 92.6500
v 22562.5561 30659.0742 92.6500
v 22562.5561 30659.0742 92.6500
v 22562.5561 30659.0742 92.6500
v 22562.5561 30659.0742 92.6500
v 22562.5561 30659.0742 92.6500
v 22562.5561 30659.0742 92.6500
v 22563.1144 30660.0412 95.0600
v 22563.1144 30660.0412 95.0600
v 22563.1144 30660.0412 95.0600
v 22563.1144 30660.0412 95.0600
v 22564.2311 30660.0412 95.0600
v 22564.2311 30660.0412 95.0600
v 22564.2311 30660.0412 95.0600
v 22564.2311 30660.0412 95.0600
v 22564.2311 30660.0412 95.0600
v 22564.2311 30660.0412 95.0600
v 22564.2311 30660.0412 95.0600
v 22564.7894 30659.0741 95.0600
v 22564.7894 30659.0741 95.0600
v 22564.7894 30659.0741 95.0600
v 22564.7894 30659.0741 95.0600
v 22564.7894 30659.0741 92.6500
v 22564.7894 30659.0741 92.6500
v 22564.7894 30659.0741 92.6500
v 22564.7894 30659.0741 92.6500
v 22564.7894 30659.0741 92.6500
v 22564.7894 30659.0741 92.6500
v 22564.8164 30659.0245 92.6500
v 22564.8164 30659.0245 92.6500
v 22564.8164 30659.0245 92.6500
v 22564.8164 30659.0245 92.6500
v 22564.8164 30659.0245 92.6500
v 22564.8164 30659.0245 92.6500
v 22564.8164 30659.0245 92.6500
v 22564.8172 30659.0260 92.6500
v 22564.8172 30659.0260 92.6500
v 22564.8172 30659.0260 92.6500
v 22565.3749 30659.9918 95.0550
v 22565.3749 30659.9918 95.0550
v 22565.3749 30659.9918 95.0550
v 22565.3749 30659.9918 95.0550
v 22565.3749 30659.9918 95.0550
v 22565.3749 30659.9918 95.0550
v 22565.3749 30659.9918 95.0550
v 22565.3749 30659.9918 95.0550
v 22566.4919 30659.9918 95.0550
v 22566.4919 30659.9918 95.0550
v 22566.4919 30659.9918 95.0550
v 22566.4919 30659.9918 95.0550
v 22567.0504 30659.0244 95.0550
v 22567.0504 30659.0244 95.0550
v 22567.0504 30659.0244 95.0550
v 22567.0504 30659.0244 95.0550
v 22567.0504 30659.0244 95.0550
v 22566.4918 30658.0571 95.0550
v 22566.4918 30658.0571 95.0550
v 22566.4918 30658.0571 95.0550
v 22566.4918 30658.0571 95.0550
v 22566.4918 30658.0571 95.0550
v 22566.4919 30658.0571 92.6500
v 22566.4919 30658.0571 92.6500
v 22566.4919 30658.0571 92.6500
v 22566.4919 30658.0571 92.6500
v 22566.4919 30658.0571 92.6500
v 22566.9993 30656.9758 92.6500
v 22566.9993 30656.9758 92.6500
v 22566.9993 30656.9758 92.6500
v 22566.9993 30656.9758 92.6500
v 22566.9993 30656.9758 92.6500
v 22566.9993 30656.9758 92.6500
v 22566.9993 30656.9758 92.6500
v 22566.9993 30656.9758 92.6500
v 22566.9993 30656.9758 92.6500
v 22561.5175 30657.2051 92.6500
v 22561.5175 30657.2051 92.6500
v 22561.5175 30657.2051 92.6500
v 22561.5175 30657.2051 92.6500
v 22561.5175 30657.2051 92.6500
v 22561.5129 30657.2053 92.6500
v 22561.5129 30657.2053 92.6500
v 22561.5129 30657.2053 92.6500
v 22561.5129 30657.2053 92.6500
v 22561.5129 30657.2053 92.6500
v 22561.5129 30657.2053 92.6500
v 22561.5129 30657.2053 92.6500
v 22561.5129 30657.2053 92.6500
v 22561.5129 30657.2053 92.6500
v 22558.6567 30658.2915 92.6500
v 22558.6567 30658.2915 92.6500
v 22558.6567 30658.2915 92.6500
v 22558.6567 30658.2915 92.6500
v 22558.6567 30658.2915 92.6500
v 22558.6567 30658.2915 92.6500
v 22558.0983 30659.2587 92.6500
v 22558.0983 30659.2587 92.6500
v 22558.0983 30659.2587 92.6500
v 22558.0983 30659.2587 92.6500
v 22558.0983 30659.2587 92.6500
v 22558.0983 30659.2587 92.6500
v 22558.6568 30660.2259 92.6500
v 22558.6568 30660.2259 92.6500
v 22558.6568 30660.2259 92.6500
v 22558.6568 30660.2259 92.6500
v 22558.6568 30660.2259 92.6500
v 22558.6568 30660.2259 92.6500
v 22559.7736 30660.2259 92.6500
v 22559.7736 30660.2259 92.6500
v 22559.7736 30660.2259 92.6500
v 22559.7736 30660.2259 92.6500
v 22559.7736 30660.2259 92.6500
v 22559.7736 30660.2259 92.6500
v 22560.9088 30660.1860 92.6500
v 22560.9088 30660.1860 92.6500
v 22560.9088 30660.1860 92.6500
v 22560.9088 30660.1860 92.6500
v 22560.9088 30660.1860 92.6500
v 22560.9088 30660.1860 92.6500
v 22560.9088 30660.1860 92.6500
v 22560.9088 30660.1860 92.6500
v 22562.0256 30660.1860 92.6500
v 22562.0256 30660.1860 92.6500
v 22562.0256 30660.1860 92.6500
v 22562.0256 30660.1860 92.6500
v 22562.0256 30660.1860 92.6500
v 22562.0256 30660.1860 92.6500
v 22563.1145 30660.0412 92.6500
v 22563.1145 30660.0412 92.6500
v 22563.1145 30660.0412 92.6500
v 22563.1145 30660.0412 92.6500
v 22563.1145 30660.0412 92.6500
v 22563.1145 30660.0412 92.6500
v 22563.1145 30660.0412 92.6500
v 22564.2311 30660.0412 92.6500
v 22564.2311 30660.0412 92.6500
v 22564.2311 30660.0412 92.6500
v 22564.2311 30660.0412 92.6500
v 22564.2311 30660.0412 92.6500
v 22564.2311 30660.0412 92.6500
v 22565.3749 30659.9919 92.6500
v 22565.3749 30659.9919 92.6500
v 22565.3749 30659.9919 92.6500
v 22565.3749 30659.9919 92.6500
v 22565.3749 30659.9919 92.6500
v 22565.3749 30659.9919 92.6500
v 22565.3749 30659.9919 92.6500
v 22565.3749 30659.9919 92.6500
v 22566.4919 30659.9918 92.6500
v 22566.4919 30659.9918 92.6500
v 22566.4919 30659.9918 92.6500
v 22566.4919 30659.9918 92.6500
v 22566.4919 30659.9918 92.6500
v 22567.0504 30659.0245 92.6500
v 22567.0504 30659.0245 92.6500
v 22567.0504 30659.0245 92.6500
v 22567.0504 30659.0245 92.6500
v 22567.0504 30659.0245 92.6500
v 22567.0504 30659.0245 92.6500
v 22567.0504 30659.0245 92.6500
v 22567.0504 30659.0245 92.6500
v 22567.1249 30659.9918 92.6500
v 22567.1249 30659.9918 92.6500
v 22567.1249 30659.9918 92.6500
v 22567.1249 30659.9918 92.6500
v 22567.0873 30659.0883 92.6500
v 22567.0873 30659.0883 92.6500
v 22567.0873 30659.0883 92.6500
v 22567.0873 30659.0883 92.6500
v 22567.0873 30659.0883 92.6500
v 22567.0873 30659.0883 92.6500
v 22567.0259 30657.6125 88.4350
v 22567.0259 30657.6125 88.4350
v 22567.0259 30657.6125 88.4350
v 22567.0259 30657.6125 88.4350
v 22566.9994 30656.9758 88.4350
v 22566.9994 30656.9758 88.4350
v 22566.9994 30656.9758 88.4350
v 22566.9994 30656.9758 88.4350
v 22566.9994 30656.9758 88.4350
v 22566.9994 30656.9758 88.4350
v 22566.9994 30656.9758 88.4350
v 22566.9994 30656.9758 88.4350
v 22558.0144 30657.3517 92.6500
v 22558.0144 30657.3517 92.6500
v 22558.0144 30657.3517 92.6500
v 22558.0144 30657.3517 92.6500
v 22558.0144 30657.3517 92.6500
v 22558.0144 30657.3517 92.6500
v 22558.0144 30657.3517 92.6500
v 22558.0144 30657.3517 92.6500
v 22558.1727 30661.1468 92.6500
v 22558.1727 30661.1468 92.6500
v 22558.1727 30661.1468 92.6500
v 22558.1727 30661.1468 92.6500
v 22558.1727 30661.1468 92.6500
v 22567.1573 30660.7717 92.6500
v 22567.1573 30660.7717 92.6500
v 22567.1573 30660.7717 92.6500
v 22567.1573 30660.7717 92.6500
v 22567.1573 30660.7717 92.6500
v 22567.1573 30660.7717 92.6500
v 22567.1573 30660.7717 92.6500
v 22567.1573 30660.7717 92.6500
v 22567.1573 30660.7717 92.6500
v 22567.1573 30660.7717 92.6500
v 22567.1573 30660.7717 92.6500
v 22567.1573 30660.7717 92.6500
v 22567.1573 30660.7717 92.6500
v 22567.1573 30660.7717 92.6500
v 22560.4726 30661.0508 88.4350
v 22560.4726 30661.0508 88.4350
v 22560.4726 30661.0508 88.4350
v 22560.4726 30661.0508 88.4350
v 22560.4726 30661.0508 88.4350
v 22567.1573 30660.7717 88.4350
v 22567.1573 30660.7717 88.4350
v 22567.1573 30660.7717 88.4350
v 22567.1573 30660.7717 88.4350
v 22567.1573 30660.7717 88.4350
v 22567.1573 30660.7717 88.4350
v 22567.1573 30660.7717 88.4350
v 22579.0970 30639.2176 88.4349
v 22579.0970 30639.2176 88.4349
v 22579.0970 30639.2176 88.4349
v 22579.0970 30639.2176 88.4349
v 22579.0970 30639.2176 88.4349
v 22579.0970 30639.2176 88.4349
v 22579.0970 30639.2176 88.4349
v 22579.0970 30639.2176 88.4349
v 22579.0970 30639.2176 88.4349
v 22579.0970 30639.2176 88.4349
v 22579.0970 30639.2176 88.4349
v 22579.0970 30639.2176 88.4349
v 22580.2535 30646.0060 94.4350
v 22580.2535 30646.0060 94.4350
v 22580.2535 30646.0060 94.4350
v 22580.2535 30646.0060 94.4350
v 22580.3721 30648.2405 94.4350
v 22580.3721 30648.2405 94.4350
v 22580.3721 30648.2405 94.4350
v 22580.3721 30648.2405 94.4350
v 22580.3721 30648.2405 94.4350
v 22578.0205 30646.1252 94.4350
v 22578.0205 30646.1252 94.4350
v 22578.0205 30646.1252 94.4350
v 22578.0205 30646.1252 94.4350
v 22578.0205 30646.1252 94.4350
v 22578.0205 30646.1252 94.4350
v 22578.1393 30648.3590 94.4350
v 22578.1393 30648.3590 94.4350
v 22578.1393 30648.3590 94.4350
v 22578.0206 30646.1252 88.4350
v 22578.0206 30646.1252 88.4350
v 22578.0206 30646.1252 88.4350
v 22578.0206 30646.1252 88.4350
v 22578.0206 30646.1252 88.4350
v 22578.1393 30648.3591 88.4350
v 22578.1393 30648.3591 88.4350
v 22578.1393 30648.3591 88.4350
v 22578.1393 30648.3591 88.4350
v 22578.1393 30648.3591 88.4350
v 22578.1393 30648.3591 88.4350
v 22578.1393 30648.3591 88.4350
v 22579.3403 30649.6626 88.4350
v 22579.3403 30649.6626 88.4350
v 22579.3403 30649.6626 88.4350
v 22579.3403 30649.6626 88.4350
v 22579.3403 30649.6626 88.4350
v 22579.3403 30649.6626 88.4350
v 22580.3721 30648.2405 88.4350
v 22580.3721 30648.2405 88.4350
v 22580.3721 30648.2405 88.4350
v 22580.3721 30648.2405 88.4350
v 22580.3721 30648.2405 88.4350
v 22580.3721 30648.2405 88.4350
v 22580.3721 30648.2405 88.4350
v 22580.3721 30648.2405 88.4350
v 22580.2535 30646.0060 88.4350
v 22580.2535 30646.0060 88.4350
v 22580.2535 30646.0060 88.4350
v 22580.2535 30646.0060 88.4350
v 22580.2535 30646.0060 88.4350
v 22580.2535 30646.0060 88.4350
v 22576.3846 30649.8201 88.4350
v 22576.3846 30649.8201 88.4350
v 22576.3846 30649.8201 88.4350
v 22576.3846 30649.8201 88.4350
v 22576.3846 30649.8201 88.4350
v 22576.3846 30649.8201 88.4350
v 22575.0932 30649.8889 91.4950
v 22575.0932 30649.8889 91.4950
v 22575.0932 30649.8889 91.4950
v 22575.0932 30649.8889 91.4950
v 22575.0932 30649.8889 91.4950
v 22575.0932 30649.8889 91.4950
v 22579.3403 30649.6626 91.4950
v 22579.3403 30649.6626 91.4950
v 22579.3403 30649.6626 91.4950
v 22579.3403 30649.6626 91.4950
v 22575.2088 30652.0508 91.4950
v 22575.2088 30652.0508 91.4950
v 22575.2088 30652.0508 91.4950
v 22575.2088 30652.0508 91.4950
v 22575.2088 30652.0508 91.4950
v 22579.4552 30651.8252 91.4950
v 22579.4552 30651.8252 91.4950
v 22579.4552 30651.8252 91.4950
v 22579.4552 30651.8252 91.4950
v 22579.4552 30651.8252 91.4950
v 22579.4552 30651.8253 88.4350
v 22579.4552 30651.8253 88.4350
v 22579.4552 30651.8253 88.4350
v 22579.4552 30651.8253 88.4350
v 22579.4552 30651.8253 88.4350
v 22579.4552 30651.8253 88.4350
v 22579.4552 30651.8253 88.4350
v 22580.8709 30640.1936 88.4349
v 22580.8709 30640.1936 88.4349
v 22580.8709 30640.1936 88.4349
v 22580.8709 30640.1936 88.4349
v 22580.8709 30640.1936 88.4349
v 22580.8709 30640.1936 88.4349
v 22580.8709 30640.1936 88.4349
v 22580.8709 30640.1936 92.1849
v 22580.8709 30640.1936 92.1849
v 22580.8709 30640.1936 92.1849
v 22580.8709 30640.1936 92.1849
v 22580.8709 30640.1936 92.1849
v 22580.8709 30640.1936 92.1849
v 22579.0970 30639.2176 92.1849
v 22579.0970 30639.2176 92.1849
v 22579.0970 30639.2176 92.1849
v 22579.0970 30639.2176 92.1849
v 22579.0970 30639.2176 92.1849
v 22579.0970 30639.2176 92.1849
v 22579.0970 30639.2176 92.1849
v 22579.0970 30639.2176 92.1849
v 22579.0970 30639.2176 92.1849
v 22579.0970 30639.2176 92.1849
v 22579.0970 30639.2176 92.1849
v 22579.0970 30639.2176 92.1849
v 22564.4212 30634.3287 92.1849
v 22564.4212 30634.3287 92.1849
v 22564.4212 30634.3287 92.1849
v 22564.4212 30634.3287 92.1849
v 22565.4626 30634.2596 92.1849
v 22565.4626 30634.2596 92.1849
v 22565.4626 30634.2596 92.1849
v 22565.4626 30634.2596 92.1849
v 22564.6600 30637.9501 92.1849
v 22564.6600 30637.9501 92.1849
v 22564.6600 30637.9501 92.1849
v 22564.6600 30637.9501 92.1849
v 22564.6600 30637.9501 92.1849
v 22564.6600 30637.9501 92.1849
v 22564.6600 30637.9501 92.1849
v 22564.6600 30637.9501 92.1849
v 22564.6600 30637.9501 92.1849
v 22564.6600 30637.9501 92.1849
v 22559.3809 30634.3217 92.1848
v 22559.3809 30634.3217 92.1848
v 22559.3809 30634.3217 92.1848
v 22559.3809 30634.3217 92.1848
v 22560.4215 30634.2524 92.1848
v 22560.4215 30634.2524 92.1848
v 22560.4215 30634.2524 92.1848
v 22560.4215 30634.2524 92.1848
v 22559.6319 30638.1374 92.1849
v 22559.6319 30638.1374 92.1849
v 22559.6319 30638.1374 92.1849
v 22559.6319 30638.1374 92.1849
v 22559.6319 30638.1374 92.1849
v 22559.6319 30638.1374 92.1849
v 22559.6319 30638.1374 92.1849
v 22559.6319 30638.1374 92.1849
v 22559.6319 30638.1374 92.1849
v 22560.6750 30638.0985 92.1849
v 22560.6750 30638.0985 92.1849
v 22560.6750 30638.0985 92.1849
v 22560.6750 30638.0985 92.1849
v 22560.6750 30638.0985 92.1849
v 22560.6750 30638.0985 92.1849
v 22560.6750 30638.0985 92.1849
v 22560.6750 30638.0985 92.1849
v 22555.6110 30638.2864 92.1849
v 22555.6110 30638.2864 92.1849
v 22555.6110 30638.2864 92.1849
v 22555.6110 30638.2864 92.1849
v 22555.6110 30638.2864 92.1849
v 22555.6110 30638.2864 92.1849
v 22555.5825 30638.2883 92.1849
v 22555.5825 30638.2883 92.1849
v 22555.5825 30638.2883 92.1849
v 22555.5825 30638.2883 92.1849
v 22555.5825 30638.2883 92.1849
v 22555.5825 30638.2883 92.1849
v 22555.5825 30638.2883 92.1849
v 22555.5825 30638.2883 92.1849
v 22555.3578 30634.4439 92.1848
v 22555.3578 30634.4439 92.1848
v 22555.3578 30634.4439 92.1848
v 22555.3578 30634.4439 92.1848
v 22555.3578 30634.4439 92.1848
v 22554.3169 30634.5130 92.1848
v 22554.3169 30634.5130 92.1848
v 22554.3169 30634.5130 92.1848
v 22554.3169 30634.5130 92.1848
v 22554.5680 30638.3261 92.1848
v 22554.5680 30638.3261 92.1848
v 22554.5680 30638.3261 92.1848
v 22554.5680 30638.3261 92.1848
v 22554.5680 30638.3261 92.1848
v 22554.5680 30638.3261 92.1848
v 22554.5680 30638.3261 92.1848
v 22554.5680 30638.3261 92.1848
v 22554.5680 30638.3261 92.1848
v 22554.5680 30638.3261 92.1848
v 22554.5680 30638.3261 88.4348
v 22554.5680 30638.3261 88.4348
v 22554.5680 30638.3261 88.4348
v 22554.5680 30638.3261 88.4348
v 22554.0259 30638.3463 92.1848
v 22554.0259 30638.3463 92.1848
v 22554.0259 30638.3463 92.1848
v 22554.0259 30638.3463 92.1848
v 22554.0931 30640.1493 92.1849
v 22554.0931 30640.1493 92.1849
v 22554.0931 30640.1493 92.1849
v 22554.0931 30640.1493 92.1849
v 22554.0931 30640.1493 92.1849
v 22565.7033 30637.9112 92.1849
v 22565.7033 30637.9112 92.1849
v 22565.7033 30637.9112 92.1849
v 22565.7033 30637.9112 92.1849
v 22565.7033 30637.9112 92.1849
v 22565.7033 30637.9112 92.1849
v 22565.7033 30637.9112 92.1849
v 22565.7033 30637.9112 92.1849
v 22565.4626 30634.2596 89.7599
v 22565.4626 30634.2596 89.7599
v 22565.4626 30634.2596 89.7599
v 22565.4626 30634.2596 89.7599
v 22565.4626 30634.2596 89.7599
v 22565.4626 30634.2596 89.7599
v 22564.4212 30634.3287 89.7599
v 22564.4212 30634.3287 89.7599
v 22564.4212 30634.3287 89.7599
v 22564.4212 30634.3287 89.7599
v 22564.4212 30634.3287 89.7599
v 22564.4212 30634.3287 89.7599
v 22564.5511 30636.2982 89.7599
v 22564.5511 30636.2982 89.7599
v 22564.5511 30636.2982 89.7599
v 22564.5511 30636.2982 89.7599
v 22564.5511 30636.2982 88.4349
v 22564.5511 30636.2982 88.4349
v 22564.5511 30636.2982 88.4349
v 22564.5511 30636.2982 88.4349
v 22564.5511 30636.2982 88.4349
v 22564.6600 30637.9501 88.4349
v 22564.6600 30637.9501 88.4349
v 22564.6600 30637.9501 88.4349
v 22564.6600 30637.9501 88.4349
v 22564.6600 30637.9501 88.4349
v 22560.6750 30638.0986 88.4349
v 22560.6750 30638.0986 88.4349
v 22560.6750 30638.0986 88.4349
v 22560.6750 30638.0986 88.4349
v 22560.6750 30638.0986 88.4349
v 22560.5610 30636.3693 88.4349
v 22560.5610 30636.3693 88.4349
v 22560.5610 30636.3693 88.4349
v 22560.5610 30636.3693 88.4349
v 22560.5610 30636.3693 89.7499
v 22560.5610 30636.3693 89.7499
v 22560.5610 30636.3693 89.7499
v 22560.5610 30636.3693 89.7499
v 22560.5610 30636.3693 89.7499
v 22560.5610 30636.3693 89.7499
v 22560.4215 30634.2524 89.7498
v 22560.4215 30634.2524 89.7498
v 22560.4215 30634.2524 89.7498
v 22560.4215 30634.2524 89.7498
v 22560.4215 30634.2524 89.7498
v 22560.4215 30634.2524 89.7498
v 22559.3809 30634.3217 89.7498
v 22559.3809 30634.3217 89.7498
v 22559.3809 30634.3217 89.7498
v 22559.3809 30634.3217 89.7498
v 22559.3809 30634.3217 89.7498
v 22559.3809 30634.3217 89.7498
v 22559.5195 30636.4280 89.7498
v 22559.5195 30636.4280 89.7498
v 22559.5195 30636.4280 89.7498
v 22559.5195 30636.4280 89.7498
v 22559.5195 30636.4280 88.4349
v 22559.5195 30636.4280 88.4349
v 22559.5195 30636.4280 88.4349
v 22559.5195 30636.4280 88.4349
v 22559.5195 30636.4280 88.4349
v 22559.6319 30638.1374 88.4349
v 22559.6319 30638.1374 88.4349
v 22559.6319 30638.1374 88.4349
v 22559.6319 30638.1374 88.4349
v 22559.6319 30638.1374 88.4349
v 22559.6319 30638.1374 88.4349
v 22559.6319 30638.1374 88.4349
v 22555.5825 30638.2883 88.4349
v 22555.5825 30638.2883 88.4349
v 22555.5825 30638.2883 88.4349
v 22555.6111 30638.2864 88.4349
v 22555.6111 30638.2864 88.4349
v 22555.6111 30638.2864 88.4349
v 22555.6111 30638.2864 88.4349
v 22555.6111 30638.2864 88.4349
v 22555.6111 30638.2864 88.4349
v 22555.4880 30636.4200 88.4348
v 22555.4880 30636.4200 88.4348
v 22555.4880 30636.4200 88.4348
v 22555.4880 30636.4200 88.4348
v 22555.4880 30636.4200 89.6048
v 22555.4880 30636.4200 89.6048
v 22555.4880 30636.4200 89.6048
v 22555.4880 30636.4200 89.6048
v 22555.4880 30636.4200 89.6048
v 22555.4880 30636.4200 89.6048
v 22555.3578 30634.4439 89.6048
v 22555.3578 30634.4439 89.6048
v 22555.3578 30634.4439 89.6048
v 22555.3578 30634.4439 89.6048
v 22555.3578 30634.4439 89.6048
v 22555.3578 30634.4439 89.6048
v 22554.3169 30634.5130 89.6048
v 22554.3169 30634.5130 89.6048
v 22554.3169 30634.5130 89.6048
v 22554.3169 30634.5130 89.6048
v 22554.3169 30634.5130 89.6048
v 22554.3169 30634.5130 89.6048
v 22554.4464 30636.4787 89.6048
v 22554.4464 30636.4787 89.6048
v 22554.4464 30636.4787 89.6048
v 22554.4464 30636.4787 89.6048
v 22554.4464 30636.4787 88.4348
v 22554.4464 30636.4787 88.4348
v 22554.4464 30636.4787 88.4348
v 22554.4464 30636.4787 88.4348
v 22554.4464 30636.4787 88.4348
v 22554.4464 30636.4787 88.4348
v 22554.0259 30638.3463 88.4348
v 22554.0259 30638.3463 88.4348
v 22554.0259 30638.3463 88.4348
v 22554.0259 30638.3463 88.4348
v 22554.0259 30638.3463 88.4348
v 22554.0259 30638.3463 88.4348
v 22554.0931 30640.1493 88.4349
v 22554.0931 30640.1493 88.4349
v 22554.0931 30640.1493 88.4349
v 22554.0931 30640.1493 88.4349
v 22554.0931 30640.1493 88.4349
v 22554.0931 30640.1493 88.4349
v 22554.6549 30668.1018 94.9200
v 22554.6549 30668.1018 94.9200
v 22554.6549 30668.1018 94.9200
v 22554.6549 30668.1018 94.9200
v 22554.0966 30669.0689 94.9201
v 22554.0966 30669.0689 94.9201
v 22554.0966 30669.0689 94.9201
v 22554.0966 30669.0689 94.9201
v 22554.6549 30668.1018 92.6500
v 22554.6549 30668.1018 92.6500
v 22554.6549 30668.1018 92.6500
v 22554.6549 30668.1018 92.6500
v 22554.6549 30668.1018 92.6500
v 22554.6549 30668.1018 92.6500
v 22553.5117 30668.1520 94.9250
v 22553.5117 30668.1520 94.9250
v 22553.5117 30668.1520 94.9250
v 22553.5117 30668.1520 94.9250
v 22553.5117 30668.1520 94.9250
v 22552.3948 30668.1520 94.9250
v 22552.3948 30668.1520 94.9250
v 22552.3948 30668.1520 94.9250
v 22552.3948 30668.1520 94.9250
v 22552.3948 30668.1520 94.9250
v 22553.5117 30668.1520 92.6500
v 22553.5117 30668.1520 92.6500
v 22553.5117 30668.1520 92.6500
v 22553.5117 30668.1520 92.6500
v 22553.5117 30668.1520 92.6500
v 22553.5117 30668.1520 92.6500
v 22553.5117 30668.1520 92.6500
v 22553.5117 30668.1520 92.6500
v 22552.3948 30668.1520 92.6500
v 22552.3948 30668.1520 92.6500
v 22552.3948 30668.1520 92.6500
v 22552.3948 30668.1520 92.6500
v 22552.3948 30668.1520 92.6500
v 22552.3948 30668.1520 92.6500
v 22551.8364 30669.1193 94.9250
v 22551.8364 30669.1193 94.9250
v 22551.8364 30669.1193 94.9250
v 22551.8364 30669.1193 94.9250
v 22551.8364 30669.1193 94.9250
v 22549.6311 30669.2638 94.9301
v 22549.6311 30669.2638 94.9301
v 22549.6311 30669.2638 94.9301
v 22549.6311 30669.2638 94.9301
v 22549.6311 30669.2638 94.9301
v 22550.1895 30668.2966 94.9300
v 22550.1895 30668.2966 94.9300
v 22550.1895 30668.2966 94.9300
v 22550.1895 30668.2966 94.9300
v 22551.8647 30669.2638 94.9301
v 22551.8647 30669.2638 94.9301
v 22551.8647 30669.2638 94.9301
v 22551.8647 30669.2638 94.9301
v 22551.8647 30669.2638 94.9301
v 22551.8647 30669.2638 94.9301
v 22551.3063 30668.2966 94.9300
v 22551.3063 30668.2966 94.9300
v 22551.3063 30668.2966 94.9300
v 22551.3063 30668.2966 92.6500
v 22551.3063 30668.2966 92.6500
v 22551.3063 30668.2966 92.6500
v 22551.3063 30668.2966 92.6500
v 22551.3063 30668.2966 92.6500
v 22551.3063 30668.2966 92.6500
v 22551.3063 30668.2966 92.6500
v 22551.3063 30668.2966 92.6500
v 22550.1895 30668.2966 92.6500
v 22550.1895 30668.2966 92.6500
v 22550.1895 30668.2966 92.6500
v 22550.1895 30668.2966 92.6500
v 22550.1895 30668.2966 92.6500
v 22550.1895 30668.2966 92.6500
v 22549.0538 30668.3362 92.6500
v 22549.0538 30668.3362 92.6500
v 22549.0538 30668.3362 92.6500
v 22549.0538 30668.3362 92.6500
v 22549.0538 30668.3362 92.6500
v 22549.0538 30668.3362 92.6500
v 22549.0538 30668.3362 92.6500
v 22549.0538 30668.3362 94.9300
v 22549.0538 30668.3362 94.9300
v 22549.0538 30668.3362 94.9300
v 22549.0538 30668.3362 94.9300
v 22549.0538 30668.3362 94.9300
v 22547.9368 30668.3362 94.9300
v 22547.9368 30668.3362 94.9300
v 22547.9368 30668.3362 94.9300
v 22547.9368 30668.3362 94.9300
v 22547.9369 30670.2709 94.9301
v 22547.9369 30670.2709 94.9301
v 22547.9369 30670.2709 94.9301
v 22547.9369 30670.2709 94.9301
v 22547.3784 30669.3036 94.9301
v 22547.3784 30669.3036 94.9301
v 22547.3784 30669.3036 94.9301
v 22547.3784 30669.3036 94.9301
v 22547.3784 30669.3036 94.9301
v 22549.0539 30670.2709 94.9301
v 22549.0539 30670.2709 94.9301
v 22549.0539 30670.2709 94.9301
v 22549.0539 30670.2709 94.9301
v 22549.0539 30670.2709 94.9301
v 22549.0539 30670.2709 94.9301
v 22549.0539 30670.2709 94.9301
v 22549.6124 30669.3035 94.9301
v 22549.6124 30669.3035 94.9301
v 22549.6124 30669.3035 94.9301
v 22549.6124 30669.3035 94.9301
v 22549.6124 30669.3035 94.9301
v 22549.6124 30669.3035 92.6501
v 22549.6124 30669.3035 92.6501
v 22549.6124 30669.3035 92.6501
v 22549.6124 30669.3035 92.6501
v 22549.6124 30669.3035 92.6501
v 22549.6124 30669.3035 92.6501
v 22549.6311 30669.2638 92.6501
v 22549.6311 30669.2638 92.6501
v 22549.6311 30669.2638 92.6501
v 22549.6311 30669.2638 92.6501
v 22549.6311 30669.2638 92.6501
v 22549.6311 30669.2638 92.6501
v 22550.1896 30670.2310 94.9301
v 22550.1896 30670.2310 94.9301
v 22550.1896 30670.2310 94.9301
v 22550.1896 30670.2310 94.9301
v 22550.1896 30670.2310 94.9301
v 22551.3064 30670.2310 94.9301
v 22551.3064 30670.2310 94.9301
v 22551.3064 30670.2310 94.9301
v 22551.3064 30670.2310 94.9301
v 22551.8647 30669.2638 92.6501
v 22551.8647 30669.2638 92.6501
v 22551.8647 30669.2638 92.6501
v 22551.8647 30669.2638 92.6501
v 22551.8647 30669.2638 92.6501
v 22551.8647 30669.2638 92.6501
v 22551.8364 30669.1193 92.6501
v 22551.8364 30669.1193 92.6501
v 22551.8364 30669.1193 92.6501
v 22551.8364 30669.1193 92.6501
v 22551.8364 30669.1193 92.6501
v 22551.8364 30669.1193 92.6501
v 22552.3949 30670.0865 94.9251
v 22552.3949 30670.0865 94.9251
v 22552.3949 30670.0865 94.9251
v 22552.3949 30670.0865 94.9251
v 22553.5118 30670.0865 94.9251
v 22553.5118 30670.0865 94.9251
v 22553.5118 30670.0865 94.9251
v 22553.5118 30670.0865 94.9251
v 22553.5118 30670.0865 94.9251
v 22553.5118 30670.0865 94.9251
v 22553.5118 30670.0865 94.9251
v 22554.0702 30669.1192 94.9251
v 22554.0702 30669.1192 94.9251
v 22554.0702 30669.1192 94.9251
v 22554.0702 30669.1192 94.9251
v 22554.0702 30669.1192 92.6501
v 22554.0702 30669.1192 92.6501
v 22554.0702 30669.1192 92.6501
v 22554.0702 30669.1192 92.6501
v 22554.0702 30669.1192 92.6501
v 22554.0702 30669.1192 92.6501
v 22554.0966 30669.0690 92.6501
v 22554.0966 30669.0690 92.6501
v 22554.0966 30669.0690 92.6501
v 22554.0966 30669.0690 92.6501
v 22554.0966 30669.0690 92.6501
v 22554.0966 30669.0690 92.6501
v 22554.6550 30670.0360 94.9201
v 22554.6550 30670.0360 94.9201
v 22554.6550 30670.0360 94.9201
v 22554.6550 30670.0360 94.9201
v 22554.6550 30670.0360 94.9201
v 22554.6550 30670.0360 94.9201
v 22554.6550 30670.0360 94.9201
v 22555.7717 30670.0360 94.9201
v 22555.7717 30670.0360 94.9201
v 22555.7717 30670.0360 94.9201
v 22555.7717 30670.0360 94.9201
v 22556.3300 30669.0689 94.9201
v 22556.3300 30669.0689 94.9201
v 22556.3300 30669.0689 94.9201
v 22556.3300 30669.0689 94.9201
v 22556.3300 30669.0689 94.9201
v 22555.7716 30668.1018 94.9200
v 22555.7716 30668.1018 94.9200
v 22555.7716 30668.1018 94.9200
v 22555.7716 30668.1018 94.9200
v 22555.7716 30668.1018 94.9200
v 22555.7716 30668.1018 92.6500
v 22555.7716 30668.1018 92.6500
v 22555.7716 30668.1018 92.6500
v 22555.7716 30668.1018 92.6500
v 22556.2918 30667.1102 92.6500
v 22556.2918 30667.1102 92.6500
v 22556.2918 30667.1102 92.6500
v 22556.2918 30667.1102 92.6500
v 22556.2918 30667.1102 92.6500
v 22556.2918 30667.1102 92.6500
v 22556.2918 30667.1102 92.6500
v 22552.9150 30667.2511 92.6500
v 22552.9150 30667.2511 92.6500
v 22552.9150 30667.2511 92.6500
v 22552.9150 30667.2511 92.6500
v 22552.9150 30667.2511 92.6500
v 22552.9150 30667.2511 92.6500
v 22552.9150 30667.2511 92.6500
v 22552.9150 30667.2511 92.6500
v 22548.4559 30667.4371 92.6500
v 22548.4559 30667.4371 92.6500
v 22548.4559 30667.4371 92.6500
v 22548.4559 30667.4371 92.6500
v 22548.4559 30667.4371 92.6500
v 22547.9368 30668.3362 92.6500
v 22547.9368 30668.3362 92.6500
v 22547.9368 30668.3362 92.6500
v 22547.9368 30668.3362 92.6500
v 22547.9368 30668.3362 92.6500
v 22547.9368 30668.3362 92.6500
v 22547.3784 30669.3036 92.6500
v 22547.3784 30669.3036 92.6500
v 22547.3784 30669.3036 92.6500
v 22547.3784 30669.3036 92.6500
v 22547.3784 30669.3036 92.6500
v 22547.3784 30669.3036 92.6500
v 22547.9369 30670.2709 92.6501
v 22547.9369 30670.2709 92.6501
v 22547.9369 30670.2709 92.6501
v 22547.9369 30670.2709 92.6501
v 22547.9369 30670.2709 92.6501
v 22547.9369 30670.2709 92.6501
v 22549.0539 30670.2709 92.6501
v 22549.0539 30670.2709 92.6501
v 22549.0539 30670.2709 92.6501
v 22549.0539 30670.2709 92.6501
v 22549.0539 30670.2709 92.6501
v 22549.0769 30670.2310 92.6501
v 22549.0769 30670.2310 92.6501
v 22549.0769 30670.2310 92.6501
v 22549.0769 30670.2310 92.6501
v 22549.0769 30670.2310 92.6501
v 22550.1896 30670.2310 92.6501
v 22550.1896 30670.2310 92.6501
v 22550.1896 30670.2310 92.6501
v 22550.1896 30670.2310 92.6501
v 22550.1896 30670.2310 92.6501
v 22550.1896 30670.2310 92.6501
v 22551.3064 30670.2310 92.6501
v 22551.3064 30670.2310 92.6501
v 22551.3064 30670.2310 92.6501
v 22551.3064 30670.2310 92.6501
v 22551.3064 30670.2310 92.6501
v 22552.3949 30670.0865 92.6501
v 22552.3949 30670.0865 92.6501
v 22552.3949 30670.0865 92.6501
v 22552.3949 30670.0865 92.6501
v 22552.3949 30670.0865 92.6501
v 22552.3949 30670.0865 92.6501
v 22552.3949 30670.0865 92.6501
v 22553.5118 30670.0865 92.6501
v 22553.5118 30670.0865 92.6501
v 22553.5118 30670.0865 92.6501
v 22553.5118 30670.0865 92.6501
v 22553.5118 30670.0865 92.6501
v 22553.5118 30670.0865 92.6501
v 22554.6550 30670.0361 92.6501
v 22554.6550 30670.0361 92.6501
v 22554.6550 30670.0361 92.6501
v 22554.6550 30670.0361 92.6501
v 22554.6550 30670.0361 92.6501
v 22554.6550 30670.0361 92.6501
v 22554.6550 30670.0361 92.6501
v 22555.7717 30670.0360 92.6501
v 22555.7717 30670.0360 92.6501
v 22555.7717 30670.0360 92.6501
v 22555.7717 30670.0360 92.6501
v 22555.7717 30670.0360 92.6501
v 22556.3300 30669.0689 92.6501
v 22556.3300 30669.0689 92.6501
v 22556.3300 30669.0689 92.6501
v 22556.3300 30669.0689 92.6501
v 22556.3300 30669.0689 92.6501
v 22556.3300 30669.0689 92.6501
v 22556.3300 30669.0689 92.6501
v 22556.3300 30669.0689 92.6501
v 22556.3706 30668.9986 92.6501
v 22556.3706 30668.9986 92.6501
v 22556.3706 30668.9986 92.6501
v 22556.3706 30668.9986 92.6501
v 22556.3332 30668.1018 92.6500
v 22556.3332 30668.1018 92.6500
v 22556.3332 30668.1018 92.6500
v 22556.3332 30668.1018 92.6500
v 22556.3332 30668.1018 92.6500
v 22556.2918 30667.1103 88.4350
v 22556.2918 30667.1103 88.4350
v 22556.2918 30667.1103 88.4350
v 22556.2918 30667.1103 88.4350
v 22556.2918 30667.1103 88.4350
v 22556.2918 30667.1103 88.4350
v 22556.2918 30667.1103 88.4350
v 22556.2918 30667.1103 88.4350
v 22556.2918 30667.1103 88.4350
v 22556.2918 30667.1103 88.4350
v 22556.2918 30667.1103 88.4350
v 22548.7419 30650.0665 92.5949
v 22548.7419 30650.0665 92.5949
v 22548.7419 30650.0665 92.5949
v 22548.7419 30650.0665 92.5949
v 22548.7442 30650.0706 92.5949
v 22548.7442 30650.0706 92.5949
v 22548.7442 30650.0706 92.5949
v 22548.7442 30650.0706 92.5949
v 22548.7442 30650.0706 92.5949
v 22548.7442 30650.0706 92.5949
v 22548.1857 30649.1033 94.9499
v 22548.1857 30649.1033 94.9499
v 22548.1857 30649.1033 94.9499
v 22548.1857 30649.1033 94.9499
v 22548.1857 30649.1033 94.9499
v 22548.1857 30649.1033 94.9499
v 22548.7442 30650.0706 94.9499
v 22548.7442 30650.0706 94.9499
v 22548.7442 30650.0706 94.9499
v 22548.7442 30650.0706 94.9499
v 22548.1857 30651.0379 92.5949
v 22548.1857 30651.0379 92.5949
v 22548.1857 30651.0379 92.5949
v 22548.1857 30651.0379 92.5949
v 22548.1857 30651.0379 92.5949
v 22548.1857 30651.0379 92.5949
v 22549.3207 30650.9986 92.5949
v 22549.3207 30650.9986 92.5949
v 22549.3207 30650.9986 92.5949
v 22549.3207 30650.9986 92.5949
v 22549.3207 30650.9986 92.5949
v 22549.3207 30650.9986 92.5949
v 22549.3207 30650.9986 92.5949
v 22554.9043 30650.8039 94.9499
v 22554.9043 30650.8039 94.9499
v 22554.9043 30650.8039 94.9499
v 22554.9043 30650.8039 94.9499
v 22553.7872 30650.8039 94.9499
v 22553.7872 30650.8039 94.9499
v 22553.7872 30650.8039 94.9499
v 22553.7872 30650.8039 94.9499
v 22553.7872 30650.8039 94.9499
v 22555.4628 30649.8364 94.9499
v 22555.4628 30649.8364 94.9499
v 22555.4628 30649.8364 94.9499
v 22555.4628 30649.8364 94.9499
v 22554.9042 30648.8690 94.9499
v 22554.9042 30648.8690 94.9499
v 22554.9042 30648.8690 94.9499
v 22554.9042 30648.8690 94.9499
v 22554.9042 30648.8690 94.9499
v 22553.7871 30648.8690 94.9499
v 22553.7871 30648.8690 94.9499
v 22553.7871 30648.8690 94.9499
v 22553.7871 30648.8690 94.9499
v 22553.2286 30649.8365 94.9499
v 22553.2286 30649.8365 94.9499
v 22553.2286 30649.8365 94.9499
v 22553.2286 30649.8365 94.9499
v 22553.2286 30649.8365 92.5949
v 22553.2286 30649.8365 92.5949
v 22553.2286 30649.8365 92.5949
v 22553.2286 30649.8365 92.5949
v 22553.2286 30649.8365 92.5949
v 22553.2286 30649.8365 92.5949
v 22553.2286 30649.8365 92.5949
v 22552.6435 30650.8544 94.9499
v 22552.6435 30650.8544 94.9499
v 22552.6435 30650.8544 94.9499
v 22552.6435 30650.8544 94.9499
v 22551.5263 30650.8545 94.9499
v 22551.5263 30650.8545 94.9499
v 22551.5263 30650.8545 94.9499
v 22551.5263 30650.8545 94.9499
v 22551.5263 30650.8545 94.9499
v 22551.5263 30650.8545 94.9499
v 22551.5263 30650.8545 94.9499
v 22553.2021 30649.8869 94.9499
v 22553.2021 30649.8869 94.9499
v 22553.2021 30649.8869 94.9499
v 22553.2021 30649.8869 94.9499
v 22553.2021 30649.8869 94.9499
v 22553.2021 30649.8869 94.9499
v 22553.2021 30649.8869 92.5949
v 22553.2021 30649.8869 92.5949
v 22553.2021 30649.8869 92.5949
v 22553.2021 30649.8869 92.5949
v 22553.2021 30649.8869 92.5949
v 22553.2021 30649.8869 92.5949
v 22553.2008 30649.8846 92.5949
v 22553.2008 30649.8846 92.5949
v 22553.2008 30649.8846 92.5949
v 22553.2008 30649.8846 92.5949
v 22552.6435 30648.9194 94.9499
v 22552.6435 30648.9194 94.9499
v 22552.6435 30648.9194 94.9499
v 22552.6435 30648.9194 94.9499
v 22552.6435 30648.9194 94.9499
v 22552.6435 30648.9194 94.9499
v 22551.5263 30648.9194 94.9499
v 22551.5263 30648.9194 94.9499
v 22551.5263 30648.9194 94.9499
v 22551.5263 30648.9194 94.9499
v 22551.5263 30648.9194 94.9499
v 22550.9677 30649.8869 94.9499
v 22550.9677 30649.8869 94.9499
v 22550.9677 30649.8869 94.9499
v 22550.9677 30649.8869 94.9499
v 22550.9677 30649.8870 92.5949
v 22550.9677 30649.8870 92.5949
v 22550.9677 30649.8870 92.5949
v 22550.9677 30649.8870 92.5949
v 22550.9677 30649.8870 92.5949
v 22550.9677 30649.8870 92.5949
v 22550.9961 30650.0312 92.5949
v 22550.9961 30650.0312 92.5949
v 22550.9961 30650.0312 92.5949
v 22550.9961 30650.0312 92.5949
v 22550.9961 30650.0312 92.5949
v 22550.9961 30650.0312 92.5949
v 22550.9961 30650.0312 94.9499
v 22550.9961 30650.0312 94.9499
v 22550.9961 30650.0312 94.9499
v 22550.9961 30650.0312 94.9499
v 22550.9961 30650.0312 94.9499
v 22550.9961 30650.0312 94.9499
v 22550.4376 30649.0639 94.9499
v 22550.4376 30649.0639 94.9499
v 22550.4376 30649.0639 94.9499
v 22550.4376 30649.0639 94.9499
v 22549.3207 30649.0640 94.9499
v 22549.3207 30649.0640 94.9499
v 22549.3207 30649.0640 94.9499
v 22549.3207 30649.0640 94.9499
v 22549.3207 30649.0640 94.9499
v 22548.7622 30650.0313 94.9499
v 22548.7622 30650.0313 94.9499
v 22548.7622 30650.0313 94.9499
v 22548.7622 30650.0313 94.9499
v 22549.3207 30650.9986 94.9499
v 22549.3207 30650.9986 94.9499
v 22549.3207 30650.9986 94.9499
v 22549.3207 30650.9986 94.9499
v 22549.3207 30650.9986 94.9499
v 22550.4377 30650.9985 94.9499
v 22550.4377 30650.9985 94.9499
v 22550.4377 30650.9985 94.9499
v 22550.4377 30650.9985 94.9499
v 22550.4377 30650.9985 92.5949
v 22550.4377 30650.9985 92.5949
v 22550.4377 30650.9985 92.5949
v 22550.4377 30650.9985 92.5949
v 22550.4377 30650.9985 92.5949
v 22550.4377 30650.9985 92.5949
v 22551.5263 30650.8545 92.5949
v 22551.5263 30650.8545 92.5949
v 22551.5263 30650.8545 92.5949
v 22551.5263 30650.8545 92.5949
v 22551.5263 30650.8545 92.5949
v 22551.5263 30650.8545 92.5949
v 22551.5263 30650.8545 92.5949
v 22552.6435 30650.8545 92.5949
v 22552.6435 30650.8545 92.5949
v 22552.6435 30650.8545 92.5949
v 22552.6435 30650.8545 92.5949
v 22552.6435 30650.8545 92.5949
v 22552.6727 30650.8039 92.5949
v 22552.6727 30650.8039 92.5949
v 22552.6727 30650.8039 92.5949
v 22552.6727 30650.8039 92.5949
v 22552.6727 30650.8039 92.5949
v 22553.7872 30650.8039 92.5949
v 22553.7872 30650.8039 92.5949
v 22553.7872 30650.8039 92.5949
v 22553.7872 30650.8039 92.5949
v 22553.7872 30650.8039 92.5949
v 22553.7872 30650.8039 92.5949
v 22553.7872 30650.8039 92.5949
v 22554.9043 30650.8039 92.5949
v 22554.9043 30650.8039 92.5949
v 22554.9043 30650.8039 92.5949
v 22554.9043 30650.8039 92.5949
v 22554.9043 30650.8039 92.5949
v 22555.4628 30649.8364 92.5949
v 22555.4628 30649.8364 92.5949
v 22555.4628 30649.8364 92.5949
v 22555.4628 30649.8364 92.5949
v 22555.4628 30649.8364 92.5949
v 22555.4628 30649.8364 92.5949
v 22555.4628 30649.8364 92.5949
v 22555.4628 30649.8364 92.5949
v 22554.9042 30648.8690 92.5949
v 22554.9042 30648.8690 92.5949
v 22554.9042 30648.8690 92.5949
v 22554.9042 30648.8690 92.5949
v 22554.9042 30648.8690 92.5949
v 22553.7871 30648.8690 92.5949
v 22553.7871 30648.8690 92.5949
v 22553.7871 30648.8690 92.5949
v 22553.7871 30648.8690 92.5949
v 22553.7871 30648.8690 92.5949
v 22553.7871 30648.8690 92.5949
v 22552.6435 30648.9194 92.5949
v 22552.6435 30648.9194 92.5949
v 22552.6435 30648.9194 92.5949
v 22552.6435 30648.9194 92.5949
v 22552.6435 30648.9194 92.5949
v 22552.6435 30648.9194 92.5949
v 22552.6435 30648.9194 92.5949
v 22551.5263 30648.9194 92.5949
v 22551.5263 30648.9194 92.5949
v 22551.5263 30648.9194 92.5949
v 22551.5263 30648.9194 92.5949
v 22551.5263 30648.9194 92.5949
v 22551.5263 30648.9194 92.5949
v 22550.4376 30649.0639 92.5949
v 22550.4376 30649.0639 92.5949
v 22550.4376 30649.0639 92.5949
v 22550.4376 30649.0639 92.5949
v 22550.4376 30649.0639 92.5949
v 22550.4376 30649.0639 92.5949
v 22550.4376 30649.0639 92.5949
v 22550.4376 30649.0639 92.5949
v 22549.3207 30649.0640 92.5949
v 22549.3207 30649.0640 92.5949
v 22549.3207 30649.0640 92.5949
v 22549.3207 30649.0640 92.5949
v 22549.3207 30649.0640 92.5949
v 22548.7622 30650.0313 92.5949
v 22548.7622 30650.0313 92.5949
v 22548.7622 30650.0313 92.5949
v 22548.7622 30650.0313 92.5949
v 22548.7622 30650.0313 92.5949
v 22548.7622 30650.0313 92.5949
v 22548.7622 30650.0313 92.5949
v 22548.7622 30650.0313 92.5949
v 22548.1857 30649.1033 92.5949
v 22548.1857 30649.1033 92.5949
v 22548.1857 30649.1033 92.5949
v 22548.1857 30649.1033 92.5949
v 22548.1857 30649.1033 92.5949
v 22548.1857 30649.1033 92.5949
v 22547.0687 30649.1033 92.5949
v 22547.0687 30649.1033 92.5949
v 22547.0687 30649.1033 92.5949
v 22547.0687 30649.1033 92.5949
v 22547.0687 30649.1033 92.5949
v 22547.0687 30649.1033 92.5949
v 22547.0687 30649.1033 94.9499
v 22547.0687 30649.1033 94.9499
v 22547.0687 30649.1033 94.9499
v 22547.0687 30649.1033 94.9499
v 22547.0687 30649.1033 94.9499
v 22548.1857 30651.0379 94.9499
v 22548.1857 30651.0379 94.9499
v 22548.1857 30651.0379 94.9499
v 22548.1857 30651.0379 94.9499
v 22548.1857 30651.0379 94.9499
v 22548.1857 30651.0379 94.9499
v 22548.1857 30651.0379 94.9499
v 22547.0687 30651.0380 94.9499
v 22547.0687 30651.0380 94.9499
v 22547.0687 30651.0380 94.9499
v 22547.0687 30651.0380 92.5949
v 22547.0687 30651.0380 92.5949
v 22547.0687 30651.0380 92.5949
v 22547.0687 30651.0380 92.5949
v 22547.0687 30651.0380 92.5949
v 22547.0687 30651.0380 92.5949
v 22547.0687 30651.0380 92.5949
v 22546.5778 30650.1877 92.5949
v 22546.5778 30650.1877 92.5949
v 22546.5778 30650.1877 92.5949
v 22546.5778 30650.1877 92.5949
v 22546.5778 30650.1877 92.5949
v 22546.6558 30651.9985 92.5949
v 22546.6558 30651.9985 92.5949
v 22546.6558 30651.9985 92.5949
v 22546.6558 30651.9985 92.5949
v 22555.6525 30651.6123 92.5949
v 22555.6525 30651.6123 92.5949
v 22555.6525 30651.6123 92.5949
v 22555.6525 30651.6123 92.5949
v 22555.6525 30651.6123 92.5949
v 22555.6525 30651.6123 92.5949
v 22555.6525 30651.6123 92.5949
v 22555.6525 30651.6123 92.5949
v 22555.6525 30651.6123 92.5949
v 22555.6525 30651.6123 92.5949
v 22555.6525 30651.6123 92.5949
v 22555.6525 30651.6123 92.5949
v 22555.6525 30651.6123 92.5949
v 22555.6525 30651.6123 92.5949
v 22555.6525 30651.6123 92.5949
v 22555.6178 30650.8039 92.5949
v 22555.6178 30650.8039 92.5949
v 22555.6178 30650.8039 92.5949
v 22555.6178 30650.8039 92.5949
v 22555.5853 30650.0486 92.5949
v 22555.5853 30650.0486 92.5949
v 22555.5853 30650.0486 92.5949
v 22555.5853 30650.0486 92.5949
v 22555.5853 30650.0486 92.5949
v 22555.4947 30647.9390 92.5949
v 22555.4947 30647.9390 92.5949
v 22555.4947 30647.9390 92.5949
v 22555.4947 30647.9390 92.5949
v 22555.4947 30647.9390 92.5949
v 22555.4947 30647.9390 92.5949
v 22555.4947 30647.9390 92.5949
v 22555.4947 30647.9390 92.5949
v 22555.4947 30647.9390 92.5949
v 22549.8295 30648.1826 92.5949
v 22549.8295 30648.1826 92.5949
v 22549.8295 30648.1826 92.5949
v 22549.8295 30648.1826 92.5949
v 22549.8295 30648.1826 92.5949
v 22549.8295 30648.1826 92.5949
v 22549.8295 30648.1826 92.5949
v 22549.8295 30648.1826 92.5949
v 22546.4977 30648.3259 92.5949
v 22546.4977 30648.3259 92.5949
v 22546.4977 30648.3259 92.5949
v 22546.4977 30648.3259 92.5949
v 22546.4977 30648.3259 92.5949
v 22546.4977 30648.3259 92.5949
v 22546.5684 30649.9698 92.5949
v 22546.5684 30649.9698 92.5949
v 22546.5684 30649.9698 92.5949
v 22546.5684 30649.9698 92.5949
v 22546.5684 30649.9698 88.4349
v 22546.5684 30649.9698 88.4349
v 22546.5684 30649.9698 88.4349
v 22546.5684 30649.9698 88.4349
v 22546.5684 30649.9698 88.4349
v 22546.5102 30650.0706 94.9499
v 22546.5102 30650.0706 94.9499
v 22546.5102 30650.0706 94.9499
v 22546.5102 30650.0706 94.9499
v 22546.5102 30650.0706 94.9499
v 22546.5102 30650.0706 94.9499
v 22546.5102 30650.0706 94.9499
v 22546.5102 30650.0706 94.9499
v 22546.5102 30650.0706 94.9499
v 22546.5102 30650.0706 94.9499
v 22546.5778 30650.1878 88.4349
v 22546.5778 30650.1878 88.4349
v 22546.5778 30650.1878 88.4349
v 22546.5778 30650.1878 88.4349
v 22546.5778 30650.1878 88.4349
v 22546.6558 30651.9985 88.4349
v 22546.6558 30651.9985 88.4349
v 22546.6558 30651.9985 88.4349
v 22546.6558 30651.9985 88.4349
v 22546.6558 30651.9985 88.4349
v 22546.6558 30651.9985 88.4349
v 22549.7799 30651.8644 88.4349
v 22549.7799 30651.8644 88.4349
v 22549.7799 30651.8644 88.4349
v 22549.7799 30651.8644 88.4349
v 22549.7799 30651.8644 88.4349
v 22553.5792 30659.5746 92.6500
v 22553.5792 30659.5746 92.6500
v 22553.5792 30659.5746 92.6500
v 22553.5792 30659.5746 92.6500
v 22553.5792 30659.5746 92.6500
v 22553.5792 30659.5746 92.6500
v 22553.5792 30659.5746 92.6500
v 22553.5792 30659.5746 95.0550
v 22553.5792 30659.5746 95.0550
v 22553.5792 30659.5746 95.0550
v 22553.5792 30659.5746 95.0550
v 22553.0207 30658.6074 95.0550
v 22553.0207 30658.6074 95.0550
v 22553.0207 30658.6074 95.0550
v 22553.0207 30658.6074 95.0550
v 22553.0207 30658.6074 95.0550
v 22553.0208 30660.5418 95.0550
v 22553.0208 30660.5418 95.0550
v 22553.0208 30660.5418 95.0550
v 22553.0208 30660.5418 95.0550
v 22553.0208 30660.5418 95.0550
v 22553.0208 30660.5418 95.0550
v 22553.0208 30660.5418 95.0550
v 22551.9039 30658.6074 95.0550
v 22551.9039 30658.6074 95.0550
v 22551.9039 30658.6074 95.0550
v 22551.9039 30658.6074 95.0550
v 22551.9039 30658.6074 95.0550
v 22551.9039 30658.6074 95.0550
v 22551.3455 30659.5747 95.0550
v 22551.3455 30659.5747 95.0550
v 22551.3455 30659.5747 95.0550
v 22551.3455 30659.5747 95.0550
v 22551.3455 30659.5747 95.0550
v 22551.9039 30660.5419 95.0550
v 22551.9039 30660.5419 95.0550
v 22551.9039 30660.5419 95.0550
v 22551.9039 30660.5419 95.0550
v 22551.9039 30660.5419 95.0550
v 22551.3455 30659.5747 92.6500
v 22551.3455 30659.5747 92.6500
v 22551.3455 30659.5747 92.6500
v 22551.3455 30659.5747 92.6500
v 22551.3455 30659.5747 92.6500
v 22551.3455 30659.5747 92.6500
v 22551.4013 30659.6713 92.6500
v 22551.4013 30659.6713 92.6500
v 22551.4013 30659.6713 92.6500
v 22551.4013 30659.6713 92.6500
v 22551.3736 30659.7194 92.6500
v 22551.3736 30659.7194 92.6500
v 22551.3736 30659.7194 92.6500
v 22551.3736 30659.7194 92.6500
v 22551.3736 30659.7194 92.6500
v 22551.3736 30659.7194 92.6500
v 22551.3736 30659.7194 92.6500
v 22550.8151 30660.6867 95.0600
v 22550.8151 30660.6867 95.0600
v 22550.8151 30660.6867 95.0600
v 22550.8151 30660.6867 95.0600
v 22550.8151 30660.6867 95.0600
v 22551.3736 30659.7194 95.0600
v 22551.3736 30659.7194 95.0600
v 22551.3736 30659.7194 95.0600
v 22551.3736 30659.7194 95.0600
v 22551.3736 30659.7194 95.0600
v 22551.3736 30659.7194 95.0600
v 22551.3736 30659.7194 95.0600
v 22549.6981 30660.6868 95.0600
v 22549.6981 30660.6868 95.0600
v 22549.6981 30660.6868 95.0600
v 22549.6981 30660.6868 95.0600
v 22549.1396 30659.7194 95.0600
v 22549.1396 30659.7194 95.0600
v 22549.1396 30659.7194 95.0600
v 22549.1396 30659.7194 95.0600
v 22549.1396 30659.7194 95.0600
v 22549.1396 30659.7194 95.0600
v 22550.8151 30658.7520 95.0600
v 22550.8151 30658.7520 95.0600
v 22550.8151 30658.7520 95.0600
v 22549.6981 30658.7520 95.0600
v 22549.6981 30658.7520 95.0600
v 22549.6981 30658.7520 95.0600
v 22549.6981 30658.7520 95.0600
v 22549.6981 30658.7520 95.0600
v 22549.6981 30658.7520 95.0600
v 22549.1396 30659.7194 92.6500
v 22549.1396 30659.7194 92.6500
v 22549.1396 30659.7194 92.6500
v 22549.1396 30659.7194 92.6500
v 22549.1396 30659.7194 92.6500
v 22549.1396 30659.7194 92.6500
v 22549.1396 30659.7194 92.6500
v 22549.1421 30659.7238 92.6500
v 22549.1421 30659.7238 92.6500
v 22549.1421 30659.7238 92.6500
v 22549.1217 30659.7592 92.6500
v 22549.1217 30659.7592 92.6500
v 22549.1217 30659.7592 92.6500
v 22549.1217 30659.7592 92.6500
v 22549.1217 30659.7592 92.6500
v 22549.1217 30659.7592 92.6500
v 22549.1217 30659.7591 95.0550
v 22549.1217 30659.7591 95.0550
v 22549.1217 30659.7591 95.0550
v 22549.1217 30659.7591 95.0550
v 22548.5632 30658.7919 95.0550
v 22548.5632 30658.7919 95.0550
v 22548.5632 30658.7919 95.0550
v 22548.5632 30658.7919 95.0550
v 22548.5632 30658.7919 95.0550
v 22548.5633 30660.7265 95.0550
v 22548.5633 30660.7265 95.0550
v 22548.5633 30660.7265 95.0550
v 22548.5633 30660.7265 95.0550
v 22548.5633 30660.7265 95.0550
v 22548.5633 30660.7265 95.0550
v 22548.5633 30660.7265 95.0550
v 22547.4463 30658.7919 95.0550
v 22547.4463 30658.7919 95.0550
v 22547.4463 30658.7919 95.0550
v 22547.4463 30658.7919 95.0550
v 22547.4463 30658.7919 95.0550
v 22546.8879 30659.7592 95.0550
v 22546.8879 30659.7592 95.0550
v 22546.8879 30659.7592 95.0550
v 22546.8879 30659.7592 95.0550
v 22546.8879 30659.7592 95.0550
v 22547.4464 30660.7265 95.0550
v 22547.4464 30660.7265 95.0550
v 22547.4464 30660.7265 95.0550
v 22547.4464 30660.7265 95.0550
v 22547.4464 30660.7265 92.6500
v 22547.4464 30660.7265 92.6500
v 22547.4464 30660.7265 92.6500
v 22547.4464 30660.7265 92.6500
v 22547.4464 30660.7265 92.6500
v 22547.4464 30660.7265 92.6500
v 22548.5633 30660.7265 92.6500
v 22548.5633 30660.7265 92.6500
v 22548.5633 30660.7265 92.6500
v 22548.5633 30660.7265 92.6500
v 22548.5633 30660.7265 92.6500
v 22548.5633 30660.7265 92.6500
v 22549.6981 30660.6868 92.6500
v 22549.6981 30660.6868 92.6500
v 22549.6981 30660.6868 92.6500
v 22549.6981 30660.6868 92.6500
v 22549.6981 30660.6868 92.6500
v 22549.6981 30660.6868 92.6500
v 22549.6981 30660.6868 92.6500
v 22549.6981 30660.6868 92.6500
v 22549.6981 30660.6868 92.6500
v 22550.8151 30660.6868 92.6500
v 22550.8151 30660.6868 92.6500
v 22550.8151 30660.6868 92.6500
v 22550.8151 30660.6868 92.6500
v 22550.8151 30660.6868 92.6500
v 22551.9039 30660.5419 92.6500
v 22551.9039 30660.5419 92.6500
v 22551.9039 30660.5419 92.6500
v 22551.9039 30660.5419 92.6500
v 22551.9039 30660.5419 92.6500
v 22551.9039 30660.5419 92.6500
v 22551.9039 30660.5419 92.6500
v 22553.0208 30660.5418 92.6500
v 22553.0208 30660.5418 92.6500
v 22553.0208 30660.5418 92.6500
v 22553.0208 30660.5418 92.6500
v 22553.0208 30660.5418 92.6500
v 22553.0208 30660.5418 92.6500
v 22554.1637 30660.5096 92.6500
v 22554.1637 30660.5096 92.6500
v 22554.1637 30660.5096 92.6500
v 22554.1637 30660.5096 92.6500
v 22554.1637 30660.5096 92.6500
v 22554.1637 30660.5096 92.6500
v 22554.1637 30660.5096 92.6500
v 22553.6053 30659.5425 92.6500
v 22553.6053 30659.5425 92.6500
v 22553.6053 30659.5425 92.6500
v 22553.6053 30659.5425 92.6500
v 22553.6053 30659.5425 92.6500
v 22555.2805 30660.5096 92.6500
v 22555.2805 30660.5096 92.6500
v 22555.2805 30660.5096 92.6500
v 22555.2805 30660.5096 92.6500
v 22555.2805 30660.5096 95.0550
v 22555.2805 30660.5096 95.0550
v 22555.2805 30660.5096 95.0550
v 22555.2805 30660.5096 95.0550
v 22555.2805 30660.5096 95.0550
v 22554.1637 30660.5096 95.0550
v 22554.1637 30660.5096 95.0550
v 22554.1637 30660.5096 95.0550
v 22554.1637 30660.5096 95.0550
v 22554.1637 30660.5096 95.0550
v 22554.1637 30660.5096 95.0550
v 22554.1637 30660.5096 95.0550
v 22553.6053 30659.5425 95.0550
v 22553.6053 30659.5425 95.0550
v 22553.6053 30659.5425 95.0550
v 22553.6053 30659.5425 95.0550
v 22554.1637 30658.5753 95.0550
v 22554.1637 30658.5753 95.0550
v 22554.1637 30658.5753 95.0550
v 22554.1637 30658.5753 95.0550
v 22554.1637 30658.5753 95.0550
v 22555.2805 30658.5753 95.0550
v 22555.2805 30658.5753 95.0550
v 22555.2805 30658.5753 95.0550
v 22555.2805 30658.5753 95.0550
v 22555.2805 30658.5753 92.6500
v 22555.2805 30658.5753 92.6500
v 22555.2805 30658.5753 92.6500
v 22555.2805 30658.5753 92.6500
v 22555.2805 30658.5753 92.6500
v 22555.2805 30658.5753 92.6500
v 22554.1637 30658.5753 92.6500
v 22554.1637 30658.5753 92.6500
v 22554.1637 30658.5753 92.6500
v 22554.1637 30658.5753 92.6500
v 22554.1637 30658.5753 92.6500
v 22554.1637 30658.5753 92.6500
v 22554.1637 30658.5753 92.6500
v 22553.0207 30658.6074 92.6500
v 22553.0207 30658.6074 92.6500
v 22553.0207 30658.6074 92.6500
v 22553.0207 30658.6074 92.6500
v 22553.0207 30658.6074 92.6500
v 22553.0207 30658.6074 92.6500
v 22553.0207 30658.6074 92.6500
v 22552.0155 30658.6074 92.6500
v 22552.0155 30658.6074 92.6500
v 22552.0155 30658.6074 92.6500
v 22552.0155 30658.6074 92.6500
v 22551.9039 30658.6074 92.6500
v 22551.9039 30658.6074 92.6500
v 22551.9039 30658.6074 92.6500
v 22551.9039 30658.6074 92.6500
v 22551.9039 30658.6074 92.6500
v 22551.9039 30658.6074 92.6500
v 22550.8151 30658.7520 92.6500
v 22550.8151 30658.7520 92.6500
v 22550.8151 30658.7520 92.6500
v 22550.8151 30658.7520 92.6500
v 22550.8151 30658.7520 92.6500
v 22550.8151 30658.7520 92.6500
v 22550.8151 30658.7520 92.6500
v 22550.8151 30658.7520 92.6500
v 22549.6981 30658.7521 92.6500
v 22549.6981 30658.7521 92.6500
v 22549.6981 30658.7521 92.6500
v 22549.6981 30658.7521 92.6500
v 22549.6981 30658.7521 92.6500
v 22548.5632 30658.7919 92.6500
v 22548.5632 30658.7919 92.6500
v 22548.5632 30658.7919 92.6500
v 22548.5632 30658.7919 92.6500
v 22548.5632 30658.7919 92.6500
v 22548.5632 30658.7919 92.6500
v 22548.5632 30658.7919 92.6500
v 22547.4463 30658.7919 92.6500
v 22547.4463 30658.7919 92.6500
v 22547.4463 30658.7919 92.6500
v 22547.4463 30658.7919 92.6500
v 22547.4463 30658.7919 92.6500
v 22547.4463 30658.7919 92.6500
v 22546.8879 30659.7592 92.6500
v 22546.8879 30659.7592 92.6500
v 22546.8879 30659.7592 92.6500
v 22546.8879 30659.7592 92.6500
v 22546.8879 30659.7592 92.6500
v 22546.8879 30659.7592 92.6500
v 22546.8879 30659.7592 92.6500
v 22546.9231 30661.7261 92.6500
v 22546.9231 30661.7261 92.6500
v 22546.9231 30661.7261 92.6500
v 22546.9231 30661.7261 92.6500
v 22546.9231 30661.7261 92.6500
v 22555.9085 30661.3510 92.6500
v 22555.9085 30661.3510 92.6500
v 22555.9085 30661.3510 92.6500
v 22555.9085 30661.3510 92.6500
v 22555.9085 30661.3510 92.6500
v 22555.9085 30661.3510 92.6500
v 22555.9085 30661.3510 92.6500
v 22555.9085 30661.3510 92.6500
v 22555.9085 30661.3510 92.6500
v 22555.9085 30661.3510 92.6500
v 22555.9085 30661.3510 92.6500
v 22555.9085 30661.3510 92.6500
v 22555.9085 30661.3510 92.6500
v 22555.9085 30661.3510 92.6500
v 22555.8335 30659.5518 88.4350
v 22555.8335 30659.5518 88.4350
v 22555.8335 30659.5518 88.4350
v 22555.8335 30659.5518 88.4350
v 22555.8335 30659.5518 92.6500
v 22555.8335 30659.5518 92.6500
v 22555.8335 30659.5518 92.6500
v 22555.8335 30659.5518 92.6500
v 22555.8335 30659.5518 92.6500
v 22555.8335 30659.5518 92.6500
v 22555.8389 30659.5424 95.0550
v 22555.8389 30659.5424 95.0550
v 22555.8389 30659.5424 95.0550
v 22555.8389 30659.5424 95.0550
v 22555.8389 30659.5424 95.0550
v 22555.8389 30659.5424 95.0550
v 22555.8389 30659.5424 95.0550
v 22555.8389 30659.5424 95.0550
v 22555.8326 30659.5316 92.6500
v 22555.8326 30659.5316 92.6500
v 22555.8326 30659.5316 92.6500
v 22555.8326 30659.5316 92.6500
v 22555.8326 30659.5316 92.6500
v 22555.7503 30657.5553 92.6500
v 22555.7503 30657.5553 92.6500
v 22555.7503 30657.5553 92.6500
v 22555.7503 30657.5553 92.6500
v 22555.7503 30657.5553 92.6500
v 22555.7503 30657.5553 92.6500
v 22552.5455 30657.6894 92.6500
v 22552.5455 30657.6894 92.6500
v 22552.5455 30657.6894 92.6500
v 22552.5455 30657.6894 92.6500
v 22552.5455 30657.6894 92.6500
v 22552.5455 30657.6894 92.6500
v 22552.5455 30657.6894 92.6500
v 22552.5455 30657.6894 92.6500
v 22552.5455 30657.6894 92.6500
v 22552.5455 30657.6894 92.6500
v 22552.5455 30657.6894 92.6500
v 22552.5455 30657.6894 92.6500
v 22546.7645 30657.9312 92.6500
v 22546.7645 30657.9312 92.6500
v 22546.7645 30657.9312 92.6500
v 22546.7645 30657.9312 92.6500
v 22546.7645 30657.9312 92.6500
v 22546.8813 30660.7265 92.6500
v 22546.8813 30660.7265 92.6500
v 22546.8813 30660.7265 92.6500
v 22546.8813 30660.7265 92.6500
v 22546.8813 30660.7265 92.6500
v 22546.9231 30661.7262 88.4350
v 22546.9231 30661.7262 88.4350
v 22546.9231 30661.7262 88.4350
v 22546.9231 30661.7262 88.4350
v 22546.9231 30661.7262 88.4350
v 22546.9231 30661.7262 88.4350
v 22552.4786 30661.4942 88.4350
v 22552.4786 30661.4942 88.4350
v 22552.4786 30661.4942 88.4350
v 22552.4786 30661.4942 88.4350
v 22552.4786 30661.4942 88.4350
v 22552.4786 30661.4942 88.4350
v 22549.0622 30667.4119 88.4350
v 22549.0622 30667.4119 88.4350
v 22549.0622 30667.4119 88.4350
v 22555.9085 30661.3510 88.4350
v 22555.9085 30661.3510 88.4350
v 22555.9085 30661.3510 88.4350
v 22555.9085 30661.3510 88.4350
v 22555.9085 30661.3510 88.4350
v 22555.9085 30661.3510 88.4350
v 22555.8389 30659.5425 88.4350
v 22555.8389 30659.5425 88.4350
v 22555.8389 30659.5425 88.4350
v 22555.8389 30659.5425 88.4350
v 22555.8389 30659.5425 88.4350
v 22555.8389 30659.5425 88.4350
v 22555.8326 30659.5316 88.4350
v 22555.8326 30659.5316 88.4350
v 22555.8326 30659.5316 88.4350
v 22555.8326 30659.5316 88.4350
v 22555.8326 30659.5316 88.4350
v 22555.7503 30657.5553 88.4350
v 22555.7503 30657.5553 88.4350
v 22555.7503 30657.5553 88.4350
v 22555.7503 30657.5553 88.4350
v 22555.7503 30657.5553 88.4350
v 22555.7503 30657.5553 88.4350
v 22555.7503 30657.5553 88.4350
v 22553.1291 30657.6650 88.4350
v 22553.1291 30657.6650 88.4350
v 22553.1291 30657.6650 88.4350
v 22553.1291 30657.6650 88.4350
v 22553.1291 30657.6650 88.4350
v 22555.6525 30651.6124 88.4349
v 22555.6525 30651.6124 88.4349
v 22555.6525 30651.6124 88.4349
v 22555.6525 30651.6124 88.4349
v 22555.6525 30651.6124 88.4349
v 22555.6525 30651.6124 88.4349
v 22555.6525 30651.6124 88.4349
v 22555.6525 30651.6124 88.4349
v 22555.4947 30647.9390 88.4349
v 22555.4947 30647.9390 88.4349
v 22555.4947 30647.9390 88.4349
v 22555.4947 30647.9390 88.4349
v 22555.4947 30647.9390 88.4349
v 22555.4947 30647.9390 88.4349
v 22555.4947 30647.9390 88.4349
v 22555.4947 30647.9390 88.4349
v 22555.4947 30647.9390 88.4349
v 22555.4947 30647.9390 88.4349
v 22546.5102 30650.0707 88.4349
v 22546.5102 30650.0707 88.4349
v 22546.5102 30650.0707 88.4349
v 22546.5102 30650.0707 88.4349
v 22546.5102 30650.0707 88.4349
v 22546.5102 30650.0707 88.4349
v 22546.7645 30657.9313 88.4350
v 22546.7645 30657.9313 88.4350
v 22546.7645 30657.9313 88.4350
v 22546.7645 30657.9313 88.4350
v 22546.7645 30657.9313 88.4350
v 22546.7645 30657.9313 88.4350
v 22546.7645 30657.9313 88.4350
v 22546.7645 30657.9313 88.4350
v 22546.7645 30657.9313 88.4350
v 22546.7645 30657.9313 88.4350
v 22546.7645 30657.9313 88.4350
v 22547.1143 30667.4931 88.4350
v 22547.1143 30667.4931 88.4350
v 22547.1143 30667.4931 88.4350
v 22547.1143 30667.4931 88.4350
v 22547.1143 30667.4931 88.4350
v 22547.1143 30667.4931 88.4350
v 22547.1143 30667.4931 88.4350
v 22547.1143 30667.4931 88.4350
v 22547.1143 30667.4931 92.6500
v 22547.1143 30667.4931 92.6500
v 22547.1143 30667.4931 92.6500
v 22547.1143 30667.4931 92.6500
v 22547.1143 30667.4931 92.6500
v 22547.1143 30667.4931 92.6500
v 22547.1143 30667.4931 92.6500
v 22547.2729 30671.2888 92.6501
v 22547.2729 30671.2888 92.6501
v 22547.2729 30671.2888 92.6501
v 22547.2729 30671.2888 92.6501
v 22547.2729 30671.2888 92.6501
v 22547.2729 30671.2888 92.6501
v 22556.4503 30670.9059 92.6501
v 22556.4503 30670.9059 92.6501
v 22556.4503 30670.9059 92.6501
v 22556.4503 30670.9059 92.6501
v 22556.4503 30670.9059 92.6501
v 22556.4503 30670.9059 92.6501
v 22556.4503 30670.9059 92.6501
v 22556.4503 30670.9059 92.6501
v 22556.4503 30670.9059 92.6501
v 22556.4503 30670.9059 92.6501
v 22556.4503 30670.9059 92.6501
v 22556.4503 30670.9059 92.6501
v 22556.4503 30670.9059 92.6501
v 22556.4503 30670.9059 92.6501
v 22556.3777 30669.1677 88.4351
v 22556.3777 30669.1677 88.4351
v 22556.3777 30669.1677 88.4351
v 22556.3777 30669.1677 88.4351
v 22556.3777 30669.1677 88.4351
v 22556.3777 30669.1677 88.4351
v 22558.8922 30639.9705 88.4349
v 22558.8922 30639.9705 88.4349
v 22558.8922 30639.9705 88.4349
v 22558.8922 30639.9705 88.4349
v 22558.8922 30639.9705 88.4349
v 22558.8922 30639.9705 88.4349
v 22558.8922 30639.9705 88.4349
v 22558.8922 30639.9705 88.4349
v 22558.8922 30639.9705 88.4349
v 22558.8922 30639.9705 88.4349
v 22558.8922 30639.9705 88.4349
v 22558.8922 30639.9705 88.4349
v 22558.8922 30639.9705 88.4349
v 22558.8922 30639.9705 88.4349
v 22558.0144 30657.3517 88.4350
v 22558.0144 30657.3517 88.4350
v 22558.0144 30657.3517 88.4350
v 22558.0144 30657.3517 88.4350
v 22558.0144 30657.3517 88.4350
v 22558.1727 30661.1468 88.4350
v 22558.1727 30661.1468 88.4350
v 22558.1727 30661.1468 88.4350
v 22558.1727 30661.1468 88.4350
v 22558.1727 30661.1468 88.4350
v 22558.1727 30661.1468 88.4350
v 22558.1727 30661.1468 88.4350
v 22558.1727 30661.1468 88.4350
v 22558.4686 30667.0106 88.4350
v 22558.4686 30667.0106 88.4350
v 22558.4686 30667.0106 88.4350
v 22558.4686 30667.0106 88.4350
v 22558.4686 30667.0106 88.4350
v 22558.4686 30667.0106 88.4350
v 22558.4686 30667.0106 88.4350
v 22560.8134 30668.8109 92.6501
v 22560.8134 30668.8109 92.6501
v 22560.8134 30668.8109 92.6501
v 22560.8134 30668.8109 92.6501
v 22560.8134 30668.8109 92.6501
v 22560.8134 30668.8109 92.6501
v 22560.8134 30668.8109 94.9901
v 22560.8134 30668.8109 94.9901
v 22560.8134 30668.8109 94.9901
v 22560.8134 30668.8109 94.9901
v 22561.3717 30669.7779 94.9901
v 22561.3717 30669.7779 94.9901
v 22561.3717 30669.7779 94.9901
v 22561.3717 30669.7779 94.9901
v 22562.4884 30669.7778 94.9901
v 22562.4884 30669.7778 94.9901
v 22562.4884 30669.7778 94.9901
v 22562.4884 30669.7778 94.9901
v 22563.0467 30668.8108 94.9901
v 22563.0467 30668.8108 94.9901
v 22563.0467 30668.8108 94.9901
v 22563.0467 30668.8108 94.9901
v 22563.0467 30668.8108 94.9901
v 22561.3717 30667.8438 94.9901
v 22561.3717 30667.8438 94.9901
v 22561.3717 30667.8438 94.9901
v 22561.3717 30667.8438 94.9901
v 22561.3717 30667.8438 94.9901
v 22562.4883 30667.8438 94.9901
v 22562.4883 30667.8438 94.9901
v 22562.4883 30667.8438 94.9901
v 22562.4883 30667.8438 94.9901
v 22563.0467 30668.8108 92.6501
v 22563.0467 30668.8108 92.6501
v 22563.0467 30668.8108 92.6501
v 22563.0467 30668.8108 92.6501
v 22563.0467 30668.8108 92.6501
v 22563.0467 30668.8108 92.6501
v 22563.0467 30668.8108 92.6501
v 22563.0188 30668.6666 92.6501
v 22563.0188 30668.6666 92.6501
v 22563.0188 30668.6666 92.6501
v 22563.0188 30668.6666 92.6501
v 22563.0188 30668.6666 92.6501
v 22563.0188 30668.6666 92.6501
v 22563.0744 30668.7628 92.6501
v 22563.0744 30668.7628 92.6501
v 22563.0744 30668.7628 92.6501
v 22563.0744 30668.7628 92.6501
v 22563.5773 30669.6339 94.9901
v 22563.5773 30669.6339 94.9901
v 22563.5773 30669.6339 94.9901
v 22563.5773 30669.6339 94.9901
v 22563.5773 30669.6339 94.9901
v 22563.0188 30668.6666 94.9901
v 22563.0188 30668.6666 94.9901
v 22563.0188 30668.6666 94.9901
v 22563.0188 30668.6666 94.9901
v 22563.0188 30668.6666 94.9901
v 22564.6943 30669.6339 94.9901
v 22564.6943 30669.6339 94.9901
v 22564.6943 30669.6339 94.9901
v 22564.6943 30669.6339 94.9901
v 22564.6943 30669.6339 94.9901
v 22564.6943 30669.6339 94.9901
v 22564.6943 30669.6339 94.9901
v 22563.5773 30667.6992 94.9901
v 22563.5773 30667.6992 94.9901
v 22563.5773 30667.6992 94.9901
v 22563.5773 30667.6992 94.9901
v 22563.5773 30667.6992 94.9901
v 22564.6943 30667.6992 94.9901
v 22564.6943 30667.6992 94.9901
v 22564.6943 30667.6992 94.9901
v 22564.6943 30667.6992 94.9901
v 22564.6943 30667.6992 94.9901
v 22564.6943 30667.6992 94.9901
v 22565.2528 30668.6665 94.9901
v 22565.2528 30668.6665 94.9901
v 22565.2528 30668.6665 94.9901
v 22565.2528 30668.6665 94.9901
v 22565.2528 30668.6665 92.6501
v 22565.2528 30668.6665 92.6501
v 22565.2528 30668.6665 92.6501
v 22565.2528 30668.6665 92.6501
v 22565.2528 30668.6665 92.6501
v 22565.2528 30668.6665 92.6501
v 22565.2518 30668.6648 92.6501
v 22565.2518 30668.6648 92.6501
v 22565.2518 30668.6648 92.6501
v 22565.2518 30668.6648 92.6501
v 22565.2798 30668.6163 92.6501
v 22565.2798 30668.6163 92.6501
v 22565.2798 30668.6163 92.6501
v 22565.2798 30668.6163 92.6501
v 22565.2798 30668.6163 92.6501
v 22565.2798 30668.6163 92.6501
v 22565.2798 30668.6163 92.6501
v 22565.2798 30668.6163 94.9901
v 22565.2798 30668.6163 94.9901
v 22565.2798 30668.6163 94.9901
v 22565.2798 30668.6163 94.9901
v 22565.8383 30669.5837 94.9901
v 22565.8383 30669.5837 94.9901
v 22565.8383 30669.5837 94.9901
v 22565.8383 30669.5837 94.9901
v 22565.8383 30669.5837 94.9901
v 22565.8383 30669.5837 94.9901
v 22565.8383 30669.5837 94.9901
v 22565.8382 30667.6489 94.9901
v 22565.8382 30667.6489 94.9901
v 22565.8382 30667.6489 94.9901
v 22565.8382 30667.6489 94.9901
v 22566.9553 30669.5836 94.9901
v 22566.9553 30669.5836 94.9901
v 22566.9553 30669.5836 94.9901
v 22566.9553 30669.5836 94.9901
v 22567.5138 30668.6162 94.9901
v 22567.5138 30668.6162 94.9901
v 22567.5138 30668.6162 94.9901
v 22567.5138 30668.6162 94.9901
v 22567.5138 30668.6162 94.9901
v 22566.9553 30667.6489 94.9901
v 22566.9553 30667.6489 94.9901
v 22566.9553 30667.6489 94.9901
v 22566.9553 30667.6489 94.9901
v 22566.9553 30667.6489 94.9901
v 22566.9553 30667.6489 92.6501
v 22566.9553 30667.6489 92.6501
v 22566.9553 30667.6489 92.6501
v 22566.9553 30667.6489 92.6501
v 22565.8382 30667.6489 92.6501
v 22565.8382 30667.6489 92.6501
v 22565.8382 30667.6489 92.6501
v 22565.8382 30667.6489 92.6501
v 22565.8382 30667.6489 92.6501
v 22565.8382 30667.6489 92.6501
v 22564.6943 30667.6992 92.6501
v 22564.6943 30667.6992 92.6501
v 22564.6943 30667.6992 92.6501
v 22564.6943 30667.6992 92.6501
v 22564.6943 30667.6992 92.6501
v 22564.6943 30667.6992 92.6501
v 22564.6943 30667.6992 92.6501
v 22563.5773 30667.6992 92.6501
v 22563.5773 30667.6992 92.6501
v 22563.5773 30667.6992 92.6501
v 22563.5773 30667.6992 92.6501
v 22563.5773 30667.6992 92.6501
v 22563.5773 30667.6992 92.6501
v 22562.4883 30667.8438 92.6501
v 22562.4883 30667.8438 92.6501
v 22562.4883 30667.8438 92.6501
v 22562.4883 30667.8438 92.6501
v 22562.4883 30667.8438 92.6501
v 22562.4883 30667.8438 92.6501
v 22562.4883 30667.8438 92.6501
v 22561.3717 30667.8438 92.6501
v 22561.3717 30667.8438 92.6501
v 22561.3717 30667.8438 92.6501
v 22561.3717 30667.8438 92.6501
v 22561.3717 30667.8438 92.6501
v 22561.3717 30667.8438 92.6501
v 22560.2371 30667.8831 92.6501
v 22560.2371 30667.8831 92.6501
v 22560.2371 30667.8831 92.6501
v 22560.2371 30667.8831 92.6501
v 22560.2371 30667.8831 92.6501
v 22560.2371 30667.8831 92.6501
v 22559.1203 30669.8175 94.9901
v 22559.1203 30669.8175 94.9901
v 22559.1203 30669.8175 94.9901
v 22559.1203 30669.8175 94.9901
v 22558.5619 30668.8503 94.9901
v 22558.5619 30668.8503 94.9901
v 22558.5619 30668.8503 94.9901
v 22558.5619 30668.8503 94.9901
v 22558.5619 30668.8503 94.9901
v 22560.2371 30669.8175 94.9901
v 22560.2371 30669.8175 94.9901
v 22560.2371 30669.8175 94.9901
v 22560.2371 30669.8175 94.9901
v 22560.2371 30669.8175 94.9901
v 22560.2371 30669.8175 94.9901
v 22560.2371 30669.8175 94.9901
v 22559.1203 30667.8831 94.9900
v 22559.1203 30667.8831 94.9900
v 22559.1203 30667.8831 94.9900
v 22559.1203 30667.8831 94.9900
v 22560.7955 30668.8503 94.9901
v 22560.7955 30668.8503 94.9901
v 22560.7955 30668.8503 94.9901
v 22560.7955 30668.8503 94.9901
v 22560.2371 30667.8831 94.9900
v 22560.2371 30667.8831 94.9900
v 22560.2371 30667.8831 94.9900
v 22560.2371 30667.8831 94.9900
v 22560.2371 30667.8831 94.9900
v 22559.1203 30667.8831 92.6500
v 22559.1203 30667.8831 92.6500
v 22559.1203 30667.8831 92.6500
v 22559.1203 30667.8831 92.6500
v 22559.1203 30667.8831 92.6500
v 22559.1203 30667.8831 92.6500
v 22559.1203 30667.8831 92.6500
v 22558.5619 30668.8503 92.6501
v 22558.5619 30668.8503 92.6501
v 22558.5619 30668.8503 92.6501
v 22558.5619 30668.8503 92.6501
v 22558.5619 30668.8503 92.6501
v 22558.5619 30668.8503 92.6501
v 22559.1203 30669.8175 92.6501
v 22559.1203 30669.8175 92.6501
v 22559.1203 30669.8175 92.6501
v 22559.1203 30669.8175 92.6501
v 22559.1203 30669.8175 92.6501
v 22559.1203 30669.8175 92.6501
v 22559.1203 30669.8175 92.6501
v 22560.2371 30669.8175 92.6501
v 22560.2371 30669.8175 92.6501
v 22560.2371 30669.8175 92.6501
v 22560.2371 30669.8175 92.6501
v 22560.2371 30669.8175 92.6501
v 22560.7955 30668.8503 92.6501
v 22560.7955 30668.8503 92.6501
v 22560.7955 30668.8503 92.6501
v 22560.7955 30668.8503 92.6501
v 22560.7955 30668.8503 92.6501
v 22560.7955 30668.8503 92.6501
v 22560.7955 30668.8503 92.6501
v 22561.3717 30669.7779 92.6501
v 22561.3717 30669.7779 92.6501
v 22561.3717 30669.7779 92.6501
v 22561.3717 30669.7779 92.6501
v 22561.3717 30669.7779 92.6501
v 22561.3717 30669.7779 92.6501
v 22562.4884 30669.7779 92.6501
v 22562.4884 30669.7779 92.6501
v 22562.4884 30669.7779 92.6501
v 22562.4884 30669.7779 92.6501
v 22562.4884 30669.7779 92.6501
v 22562.4884 30669.7779 92.6501
v 22562.4884 30669.7779 92.6501
v 22563.5773 30669.6339 92.6501
v 22563.5773 30669.6339 92.6501
v 22563.5773 30669.6339 92.6501
v 22563.5773 30669.6339 92.6501
v 22563.5773 30669.6339 92.6501
v 22563.5773 30669.6339 92.6501
v 22563.5773 30669.6339 92.6501
v 22564.6943 30669.6339 92.6501
v 22564.6943 30669.6339 92.6501
v 22564.6943 30669.6339 92.6501
v 22564.6943 30669.6339 92.6501
v 22564.6943 30669.6339 92.6501
v 22564.6943 30669.6339 92.6501
v 22565.8383 30669.5837 92.6501
v 22565.8383 30669.5837 92.6501
v 22565.8383 30669.5837 92.6501
v 22565.8383 30669.5837 92.6501
v 22565.8383 30669.5837 92.6501
v 22565.8383 30669.5837 92.6501
v 22565.8383 30669.5837 92.6501
v 22566.9553 30669.5836 92.6501
v 22566.9553 30669.5836 92.6501
v 22566.9553 30669.5836 92.6501
v 22566.9553 30669.5836 92.6501
v 22566.9553 30669.5836 92.6501
v 22567.5138 30668.6163 92.6501
v 22567.5138 30668.6163 92.6501
v 22567.5138 30668.6163 92.6501
v 22567.5138 30668.6163 92.6501
v 22567.5138 30668.6163 92.6501
v 22567.5138 30668.6163 92.6501
v 22567.5138 30668.6163 92.6501
v 22567.4529 30666.6348 92.6501
v 22567.4529 30666.6348 92.6501
v 22567.4529 30666.6348 92.6501
v 22567.4529 30666.6348 92.6501
v 22567.4529 30666.6348 92.6501
v 22567.4529 30666.6348 92.6501
v 22567.4529 30666.6348 92.6501
v 22567.4529 30666.6348 92.6501
v 22567.4529 30666.6348 92.6501
v 22567.4529 30666.6348 92.6501
v 22567.4529 30666.6348 92.6501
v 22567.4529 30666.6348 92.6501
v 22567.4529 30666.6348 92.6501
v 22558.4686 30667.0106 92.6500
v 22558.4686 30667.0106 92.6500
v 22558.4686 30667.0106 92.6500
v 22558.4686 30667.0106 92.6500
v 22558.5465 30668.8769 92.6501
v 22558.5465 30668.8769 92.6501
v 22558.5465 30668.8769 92.6501
v 22558.5465 30668.8769 92.6501
v 22558.5465 30668.8769 92.6501
v 22558.5465 30668.8769 92.6501
v 22558.5858 30669.8175 92.6501
v 22558.5858 30669.8175 92.6501
v 22558.5858 30669.8175 92.6501
v 22558.5858 30669.8175 92.6501
v 22558.5858 30669.8175 92.6501
v 22558.6270 30670.8057 92.6501
v 22558.6270 30670.8057 92.6501
v 22558.6270 30670.8057 92.6501
v 22558.6270 30670.8057 92.6501
v 22561.8866 30670.6696 92.6501
v 22561.8866 30670.6696 92.6501
v 22561.8866 30670.6696 92.6501
v 22561.8866 30670.6696 92.6501
v 22561.8866 30670.6696 92.6501
v 22561.8866 30670.6696 92.6501
v 22561.8866 30670.6696 92.6501
v 22561.8866 30670.6696 92.6501
v 22561.8866 30670.6696 92.6501
v 22567.6119 30670.4305 92.6501
v 22567.6119 30670.4305 92.6501
v 22567.6119 30670.4305 92.6501
v 22567.6119 30670.4305 92.6501
v 22567.6119 30670.4305 92.6501
v 22567.6119 30670.4305 92.6501
v 22567.6119 30670.4305 92.6501
v 22567.6119 30670.4305 92.6501
v 22567.6119 30670.4305 92.6501
v 22567.5344 30668.5805 92.6501
v 22567.5344 30668.5805 92.6501
v 22567.5344 30668.5805 92.6501
v 22567.5344 30668.5805 92.6501
v 22567.5344 30668.5805 92.6501
v 22567.4529 30666.6348 88.4351
v 22567.4529 30666.6348 88.4351
v 22567.4529 30666.6348 88.4351
v 22567.4529 30666.6348 88.4351
v 22567.4529 30666.6348 88.4351
v 22567.4529 30666.6348 88.4351
v 22567.4529 30666.6348 88.4351
v 22567.4529 30666.6348 88.4351
v 22575.0932 30649.8889 88.4350
v 22575.0932 30649.8889 88.4350
v 22575.0932 30649.8889 88.4350
v 22575.0932 30649.8889 88.4350
v 22575.0932 30649.8889 88.4350
v 22575.0932 30649.8889 88.4350
v 22575.0932 30649.8889 88.4350
v 22575.0932 30649.8889 88.4350
v 22575.0932 30649.8889 88.4350
v 22575.0932 30649.8889 88.4350
v 22575.1447 30650.8525 88.4350
v 22575.1447 30650.8525 88.4350
v 22575.1447 30650.8525 88.4350
v 22575.1447 30650.8525 88.4350
v 22575.2088 30652.0509 88.4350
v 22575.2088 30652.0509 88.4350
v 22575.2088 30652.0509 88.4350
v 22575.2088 30652.0509 88.4350
v 22575.2088 30652.0509 88.4350
v 22575.2088 30652.0509 88.4350
v 22575.2624 30654.8487 88.4350
v 22575.2624 30654.8487 88.4350
v 22575.2624 30654.8487 88.4350
v 22575.2624 30654.8487 88.4350
v 22575.2624 30654.8487 88.4350
v 22575.2624 30654.8487 88.4350
v 22575.2624 30654.8487 88.4350
v 22575.5617 30661.0365 88.4350
v 22575.5617 30661.0365 88.4350
v 22575.5617 30661.0365 88.4350
v 22575.5617 30661.0365 88.4350
v 22575.5617 30661.0365 88.4350
v 22575.5617 30661.0365 88.4350
v 22581.7685 30660.7364 88.4351
v 22581.7685 30660.7364 88.4351
v 22581.7685 30660.7364 88.4351
v 22581.7685 30660.7364 88.4351
v 22581.7685 30660.7364 88.4351
v 22581.7685 30660.7364 88.4351
v 22582.5925 30639.9878 92.1849
v 22582.5925 30639.9878 92.1849
v 22582.5925 30639.9878 92.1849
v 22582.5925 30639.9878 92.1849
v 22582.5925 30639.9878 92.1849
v 22582.5925 30639.9878 92.1849
v 22582.8090 30638.4351 92.1849
v 22582.8090 30638.4351 92.1849
v 22582.8090 30638.4351 92.1849
v 22582.8090 30638.4351 92.1849
v 22582.8090 30638.4351 92.1849
v 22582.8090 30638.4351 92.1849
v 22582.5226 30638.5901 92.1849
v 22582.5226 30638.5901 92.1849
v 22582.5226 30638.5901 92.1849
v 22582.5226 30638.5901 92.1849
v 22582.5226 30638.5901 92.1849
v 22582.5226 30638.5901 92.1849
v 22581.5711 30638.5831 92.1849
v 22581.5711 30638.5831 92.1849
v 22581.5711 30638.5831 92.1849
v 22581.5711 30638.5831 92.1849
v 22581.5711 30638.5831 92.1849
v 22581.5711 30638.5831 92.1849
v 22579.4209 30637.4000 92.1849
v 22579.4209 30637.4000 92.1849
v 22579.4209 30637.4000 92.1849
v 22579.4209 30637.4000 92.1849
v 22579.4209 30637.4000 92.1849
v 22579.4209 30637.4000 92.1849
v 22579.4209 30637.4000 92.1849
v 22565.7033 30637.9112 88.4349
v 22565.7033 30637.9112 88.4349
v 22565.7033 30637.9112 88.4349
v 22565.7033 30637.9112 88.4349
v 22565.7033 30637.9112 88.4349
v 22565.5946 30636.2626 88.4349
v 22565.5946 30636.2626 88.4349
v 22565.5946 30636.2626 88.4349
v 22565.5946 30636.2626 88.4349
v 22565.5946 30636.2626 89.7599
v 22565.5946 30636.2626 89.7599
v 22565.5946 30636.2626 89.7599
v 22565.5946 30636.2626 89.7599
v 22565.5946 30636.2626 89.7599
v 22565.5946 30636.2626 89.7599
v 22565.8843 30636.2527 89.7599
v 22565.8843 30636.2527 89.7599
v 22565.8843 30636.2527 89.7599
v 22565.6686 30629.8889 89.7598
v 22565.6686 30629.8889 89.7598
v 22565.6686 30629.8889 89.7598
v 22565.6686 30629.8889 89.7598
v 22565.6686 30629.8889 89.7598
v 22565.6686 30629.8889 89.7598
v 22565.6686 30629.8889 89.7598
v 22565.6686 30629.8889 89.7598
v 22563.0026 30629.9790 89.7598
v 22563.0026 30629.9790 89.7598
v 22563.0026 30629.9790 89.7598
v 22563.0026 30629.9790 89.7598
v 22563.2186 30636.3436 89.7599
v 22563.2186 30636.3436 89.7599
v 22563.2186 30636.3436 89.7599
v 22563.2186 30636.3436 89.7599
v 22563.2186 30636.3436 89.7599
v 22563.2186 30636.3436 89.7599
v 22563.2186 30636.3436 89.7599
v 22563.2186 30636.3436 88.4349
v 22563.2186 30636.3436 88.4349
v 22563.2186 30636.3436 88.4349
v 22563.2186 30636.3436 88.4349
v 22563.2186 30636.3436 88.4349
v 22561.0223 30636.3433 88.4349
v 22561.0223 30636.3433 88.4349
v 22561.0223 30636.3433 88.4349
v 22561.0223 30636.3433 88.4349
v 22561.0223 30636.3433 88.4349
v 22561.0223 30636.3433 88.4349
v 22561.0223 30636.3433 88.4349
v 22561.0223 30636.3433 88.4349
v 22561.0223 30636.3433 88.4349
v 22561.0223 30636.3433 89.7499
v 22561.0223 30636.3433 89.7499
v 22561.0223 30636.3433 89.7499
v 22560.6706 30630.1059 89.7498
v 22560.6706 30630.1059 89.7498
v 22560.6706 30630.1059 89.7498
v 22560.6706 30630.1059 89.7498
v 22560.6706 30630.1059 89.7498
v 22560.6706 30630.1059 89.7498
v 22560.6706 30630.1059 89.7498
v 22560.6706 30630.1059 89.7498
v 22557.9903 30630.2572 89.7498
v 22557.9903 30630.2572 89.7498
v 22557.9903 30630.2572 89.7498
v 22557.9903 30630.2572 89.7498
v 22558.3419 30636.4944 89.7499
v 22558.3419 30636.4944 89.7499
v 22558.3419 30636.4944 89.7499
v 22558.3419 30636.4944 89.7499
v 22558.3419 30636.4944 89.7499
v 22558.3419 30636.4944 89.7499
v 22558.3419 30636.4944 89.7499
v 22558.3419 30636.4944 88.4348
v 22558.3419 30636.4944 88.4348
v 22558.3419 30636.4944 88.4348
v 22558.3419 30636.4944 88.4348
v 22558.3419 30636.4944 88.4348
v 22556.0212 30636.3899 88.4348
v 22556.0212 30636.3899 88.4348
v 22556.0212 30636.3899 88.4348
v 22556.0212 30636.3899 88.4348
v 22556.0212 30636.3899 88.4348
v 22556.0212 30636.3899 88.4348
v 22556.0212 30636.3899 88.4348
v 22556.0212 30636.3899 88.4348
v 22556.0212 30636.3899 88.4348
v 22556.0212 30636.3899 89.6048
v 22556.0212 30636.3899 89.6048
v 22556.0212 30636.3899 89.6048
v 22555.6282 30629.4294 89.6048
v 22555.6282 30629.4294 89.6048
v 22555.6282 30629.4294 89.6048
v 22555.6282 30629.4294 89.6048
v 22555.6282 30629.4294 89.6048
v 22555.6282 30629.4294 89.6048
v 22555.6282 30629.4294 89.6048
v 22555.6282 30629.4294 89.6048
v 22552.9474 30629.5812 89.6048
v 22552.9474 30629.5812 89.6048
v 22552.9474 30629.5812 89.6048
v 22552.9474 30629.5812 89.6048
v 22553.3404 30636.5411 89.6048
v 22553.3404 30636.5411 89.6048
v 22553.3404 30636.5411 89.6048
v 22553.3404 30636.5411 89.6048
v 22553.3404 30636.5411 89.6048
v 22553.3404 30636.5411 89.6048
v 22553.3404 30636.5411 89.6048
v 22553.3404 30636.5411 88.4348
v 22553.3404 30636.5411 88.4348
v 22553.3404 30636.5411 88.4348
v 22553.3404 30636.5411 88.4348
v 22553.3404 30636.5411 88.4348
v 22553.3404 30636.5411 88.4348
v 22553.3404 30636.5411 88.4348
v 22535.4867 30658.2925 88.4350
v 22535.4867 30658.2925 88.4350
v 22535.4867 30658.2925 88.4350
v 22535.4867 30658.2925 88.4350
v 22535.4867 30658.2925 88.4350
v 22535.4867 30658.2925 88.4350
v 22535.4867 30658.2925 88.4350
v 22535.6452 30662.0881 88.4350
v 22535.6452 30662.0881 88.4350
v 22535.6452 30662.0881 88.4350
v 22535.6452 30662.0881 88.4350
v 22535.6452 30662.0881 88.4350
v 22535.6452 30662.0881 88.4350
v 22535.6452 30662.0881 88.4350
v 22535.6452 30662.0881 88.4350
v 22536.0189 30667.9418 88.4351
v 22536.0189 30667.9418 88.4351
v 22536.0189 30667.9418 88.4351
v 22536.0189 30667.9418 88.4351
v 22536.0189 30667.9418 88.4351
v 22536.0189 30667.9418 88.4351
v 22536.0455 30668.5786 92.7401
v 22536.0455 30668.5786 92.7401
v 22536.0455 30668.5786 92.7401
v 22536.0455 30668.5786 92.7401
v 22536.0455 30668.5786 92.7401
v 22536.0455 30668.5786 92.7401
v 22536.0455 30668.5786 92.7401
v 22536.1013 30669.9124 92.7401
v 22536.1013 30669.9124 92.7401
v 22536.1013 30669.9124 92.7401
v 22536.1013 30669.9124 92.7401
v 22536.1775 30671.7370 92.7401
v 22536.1775 30671.7370 92.7401
v 22536.1775 30671.7370 92.7401
v 22536.1775 30671.7370 92.7401
v 22536.1775 30671.7370 92.7401
v 22545.1606 30671.3618 92.7401
v 22545.1606 30671.3618 92.7401
v 22545.1606 30671.3618 92.7401
v 22545.1606 30671.3618 92.7401
v 22545.1606 30671.3618 92.7401
v 22545.1606 30671.3618 92.7401
v 22545.1606 30671.3618 92.7401
v 22545.1606 30671.3618 92.7401
v 22545.1606 30671.3618 92.7401
v 22545.1606 30671.3618 92.7401
v 22545.1606 30671.3618 92.7401
v 22545.1606 30671.3618 92.7401
v 22545.1606 30671.3618 92.7401
v 22545.1606 30671.3618 92.7401
v 22541.7879 30671.5027 88.4351
v 22541.7879 30671.5027 88.4351
v 22541.7879 30671.5027 88.4351
v 22541.7879 30671.5027 88.4351
v 22541.7879 30671.5027 88.4351
v 22545.1606 30671.3619 88.4351
v 22545.1606 30671.3619 88.4351
v 22545.1606 30671.3619 88.4351
v 22545.1606 30671.3619 88.4351
v 22545.1606 30671.3619 88.4351
v 22545.1606 30671.3619 88.4351
v 22545.1606 30671.3619 88.4351
v 22545.1606 30671.3619 88.4351
v 22545.1606 30671.3619 88.4351
v 22545.1606 30671.3619 88.4351
v 22545.1606 30671.3619 88.4351
v 22547.2729 30671.2888 88.4351
v 22547.2729 30671.2888 88.4351
v 22547.2729 30671.2888 88.4351
v 22547.2729 30671.2888 88.4351
v 22547.2729 30671.2888 88.4351
v 22547.2729 30671.2888 88.4351
v 22556.4503 30670.9059 88.4351
v 22556.4503 30670.9059 88.4351
v 22556.4503 30670.9059 88.4351
v 22556.4503 30670.9059 88.4351
v 22556.4503 30670.9059 88.4351
v 22556.4503 30670.9059 88.4351
v 22556.4503 30670.9059 88.4351
v 22556.4503 30670.9059 88.4351
v 22556.4503 30670.9059 88.4351
v 22558.6270 30670.8057 88.4351
v 22558.6270 30670.8057 88.4351
v 22558.6270 30670.8057 88.4351
v 22558.6270 30670.8057 88.4351
v 22558.6270 30670.8057 88.4351
v 22558.6270 30670.8057 88.4351
v 22558.6270 30670.8057 88.4351
v 22558.6270 30670.8057 88.4351
v 22558.6270 30670.8057 88.4351
v 22567.6120 30670.4306 88.4351
v 22567.6120 30670.4306 88.4351
v 22567.6120 30670.4306 88.4351
v 22567.6120 30670.4306 88.4351
v 22567.6120 30670.4306 88.4351
v 22567.6120 30670.4306 88.4351
v 22567.6120 30670.4306 88.4351
v 22567.6120 30670.4306 88.4351
v 22569.3496 30671.9047 88.4351
v 22569.3496 30671.9047 88.4351
v 22569.3496 30671.9047 88.4351
v 22569.3496 30671.9047 88.4351
v 22569.3496 30671.9047 88.4351
v 22572.3132 30672.2809 88.4351
v 22572.3132 30672.2809 88.4351
v 22572.3132 30672.2809 88.4351
v 22572.3132 30672.2809 88.4351
v 22572.3132 30672.2809 88.4351
v 22575.6944 30672.7101 88.4351
v 22575.6944 30672.7101 88.4351
v 22575.6944 30672.7101 88.4351
v 22575.6944 30672.7101 88.4351
v 22575.4931 30669.0199 88.4351
v 22575.4931 30669.0199 88.4351
v 22575.4931 30669.0199 88.4351
v 22575.4931 30669.0199 88.4351
v 22575.4931 30669.0199 88.4351
v 22575.4931 30669.0199 88.4351
v 22575.4931 30669.0199 88.4351
v 22575.4931 30669.0199 88.4351
v 22575.4931 30669.0199 88.4351
v 22575.4931 30669.0199 88.4351
v 22575.4931 30669.0199 92.0351
v 22575.4931 30669.0199 92.0351
v 22575.4931 30669.0199 92.0351
v 22575.4931 30669.0199 92.0351
v 22582.1857 30669.9057 88.4351
v 22582.1857 30669.9057 88.4351
v 22582.1857 30669.9057 88.4351
v 22582.1857 30669.9057 88.4351
v 22582.1857 30669.9057 88.4351
v 22582.1857 30669.9057 88.4351
v 22582.1857 30669.9057 88.4351
v 22582.1857 30669.9057 88.4351
v 22582.8747 30664.6979 88.4351
v 22582.8747 30664.6979 88.4351
v 22582.8747 30664.6979 88.4351
v 22582.8747 30664.6979 88.4351
v 22582.8747 30664.6979 88.4351
v 22582.8747 30664.6979 88.8851
v 22582.8747 30664.6979 88.8851
v 22582.8747 30664.6979 88.8851
v 22582.8747 30664.6979 88.8851
v 22582.8747 30664.6979 88.8851
v 22583.1006 30662.9897 88.8851
v 22583.1006 30662.9897 88.8851
v 22583.1006 30662.9897 88.8851
v 22583.1006 30662.9897 88.8851
v 22583.1006 30662.9897 88.8851
v 22583.1006 30662.9897 88.8851
v 22583.2558 30661.8168 88.4351
v 22583.2558 30661.8168 88.4351
v 22583.2558 30661.8168 88.4351
v 22583.2558 30661.8168 88.4351
v 22583.2558 30661.8168 88.4351
v 22583.2558 30661.8168 88.4351
v 22583.2558 30661.8168 88.4351
v 22583.2558 30661.8168 88.4351
v 22583.2558 30661.8168 88.4351
v 22583.2558 30661.8168 88.4351
v 22589.7696 30670.3688 93.4552
v 22589.7696 30670.3688 93.4552
v 22589.7696 30670.3688 93.4552
v 22589.7696 30670.3688 93.4552
v 22587.0872 30670.0150 93.4552
v 22587.0872 30670.0150 93.4552
v 22587.0872 30670.0150 93.4552
v 22587.0872 30670.0150 93.4552
v 22587.0872 30670.0150 93.4552
v 22590.1861 30667.2067 93.4552
v 22590.1861 30667.2067 93.4552
v 22590.1861 30667.2067 93.4552
v 22590.1861 30667.2067 93.4552
v 22590.1861 30667.2067 93.4552
v 22587.5045 30666.8529 93.4552
v 22587.5045 30666.8529 93.4552
v 22587.5045 30666.8529 93.4552
v 22587.5045 30666.8529 93.4552
v 22587.5046 30666.8529 93.3552
v 22587.5046 30666.8529 93.3552
v 22587.5046 30666.8529 93.3552
v 22587.5046 30666.8529 93.3552
v 22587.5046 30666.8529 93.3552
v 22587.5046 30666.8529 93.3552
v 22587.0872 30670.0150 93.3552
v 22587.0872 30670.0150 93.3552
v 22587.0872 30670.0150 93.3552
v 22587.0872 30670.0150 93.3552
v 22587.0872 30670.0150 93.3552
v 22589.7696 30670.3688 93.3552
v 22589.7696 30670.3688 93.3552
v 22589.7696 30670.3688 93.3552
v 22589.7696 30670.3688 93.3552
v 22589.7696 30670.3688 93.3552
v 22589.7696 30670.3688 93.3552
v 22589.7696 30670.3688 93.3552
v 22590.1861 30667.2067 93.3552
v 22590.1861 30667.2067 93.3552
v 22590.1861 30667.2067 93.3552
v 22590.1861 30667.2067 93.3552
v 22590.1861 30667.2067 93.3552
v 22590.1861 30667.2067 93.3552
v 22587.8057 30667.2457 93.3552
v 22587.8057 30667.2457 93.3552
v 22587.8057 30667.2457 93.3552
v 22587.8057 30667.2457 93.3552
v 22587.8057 30667.2457 93.3552
v 22587.8057 30667.2457 93.3552
v 22587.4800 30669.7138 93.3552
v 22587.4800 30669.7138 93.3552
v 22587.4800 30669.7138 93.3552
v 22587.4800 30669.7138 93.3552
v 22587.4800 30669.7138 93.3552
v 22587.4800 30669.7138 93.3552
v 22589.4683 30669.9760 93.3552
v 22589.4683 30669.9760 93.3552
v 22589.4683 30669.9760 93.3552
v 22589.4683 30669.9760 93.3552
v 22589.4683 30669.9760 93.3552
v 22589.7934 30667.5079 93.3552
v 22589.7934 30667.5079 93.3552
v 22589.7934 30667.5079 93.3552
v 22589.7934 30667.5079 93.3552
v 22589.7934 30667.5079 93.3552
v 22589.7934 30667.5079 93.3552
v 22589.7934 30667.5079 93.3552
v 22587.8058 30667.2457 92.0352
v 22587.8058 30667.2457 92.0352
v 22587.8058 30667.2457 92.0352
v 22587.8058 30667.2457 92.0352
v 22587.8058 30667.2457 92.0352
v 22587.8058 30667.2457 92.0352
v 22583.2558 30661.8168 92.0351
v 22583.2558 30661.8168 92.0351
v 22583.2558 30661.8168 92.0351
v 22583.2558 30661.8168 92.0351
v 22583.2558 30661.8168 92.0351
v 22583.2558 30661.8168 92.0351
v 22587.4800 30669.7138 92.0352
v 22587.4800 30669.7138 92.0352
v 22587.4800 30669.7138 92.0352
v 22587.4800 30669.7138 92.0352
v 22587.4800 30669.7138 92.0352
v 22587.4800 30669.7138 92.0352
v 22587.4800 30669.7138 92.0352
v 22587.4800 30669.7138 92.0352
v 22587.4800 30669.7138 92.0352
v 22587.4800 30669.7138 92.0352
v 22588.9031 30677.2405 93.4803
v 22588.9031 30677.2405 93.4803
v 22588.9031 30677.2405 93.4803
v 22588.9031 30677.2405 93.4803
v 22586.1728 30676.8799 93.4802
v 22586.1728 30676.8799 93.4802
v 22586.1728 30676.8799 93.4802
v 22586.1728 30676.8799 93.4802
v 22586.1728 30676.8799 93.4802
v 22589.3254 30674.0397 93.4802
v 22589.3254 30674.0397 93.4802
v 22589.3254 30674.0397 93.4802
v 22589.3254 30674.0397 93.4802
v 22589.3254 30674.0397 93.4802
v 22586.5952 30673.6790 93.4802
v 22586.5952 30673.6790 93.4802
v 22586.5952 30673.6790 93.4802
v 22586.5952 30673.6790 93.4802
v 22586.1728 30676.8799 93.4202
v 22586.1728 30676.8799 93.4202
v 22586.1728 30676.8799 93.4202
v 22586.1728 30676.8799 93.4202
v 22586.1728 30676.8799 93.4202
v 22588.9031 30677.2405 93.4203
v 22588.9031 30677.2405 93.4203
v 22588.9031 30677.2405 93.4203
v 22588.9031 30677.2405 93.4203
v 22588.9031 30677.2405 93.4203
v 22588.9031 30677.2405 93.4203
v 22588.9031 30677.2405 93.4203
v 22589.3254 30674.0397 93.4202
v 22589.3254 30674.0397 93.4202
v 22589.3254 30674.0397 93.4202
v 22589.3254 30674.0397 93.4202
v 22589.3254 30674.0397 93.4202
v 22589.3254 30674.0397 93.4202
v 22586.5952 30673.6790 93.4202
v 22586.5952 30673.6790 93.4202
v 22586.5952 30673.6790 93.4202
v 22586.5952 30673.6790 93.4202
v 22586.5952 30673.6790 93.4202
v 22586.5952 30673.6790 93.4202
v 22586.5824 30676.5658 93.4202
v 22586.5824 30676.5658 93.4202
v 22586.5824 30676.5658 93.4202
v 22586.5824 30676.5658 93.4202
v 22586.5824 30676.5658 93.4202
v 22586.5824 30676.5658 93.4202
v 22586.5824 30676.5658 93.4202
v 22588.5890 30676.8308 93.4203
v 22588.5890 30676.8308 93.4203
v 22588.5890 30676.8308 93.4203
v 22588.5890 30676.8308 93.4203
v 22588.5890 30676.8308 93.4203
v 22588.9158 30674.3538 93.4202
v 22588.9158 30674.3538 93.4202
v 22588.9158 30674.3538 93.4202
v 22588.9158 30674.3538 93.4202
v 22588.9158 30674.3538 93.4202
v 22588.9158 30674.3538 93.4202
v 22586.9093 30674.0887 93.4202
v 22586.9093 30674.0887 93.4202
v 22586.9093 30674.0887 93.4202
v 22586.9093 30674.0887 93.4202
v 22586.9093 30674.0887 93.4202
v 22586.9093 30674.0887 93.4202
v 22586.9093 30674.0887 92.0352
v 22586.9093 30674.0887 92.0352
v 22586.9093 30674.0887 92.0352
v 22586.9093 30674.0887 92.0352
v 22586.9093 30674.0887 92.0352
v 22586.5824 30676.5658 92.0352
v 22586.5824 30676.5658 92.0352
v 22586.5824 30676.5658 92.0352
v 22586.5824 30676.5658 92.0352
v 22586.5824 30676.5658 92.0352
v 22586.5824 30676.5658 92.0352
v 22586.5824 30676.5658 92.0352
v 22588.5890 30676.8309 92.0353
v 22588.5890 30676.8309 92.0353
v 22588.5890 30676.8309 92.0353
v 22588.5890 30676.8309 92.0353
v 22588.5890 30676.8309 92.0353
v 22588.9158 30674.3538 92.0352
v 22588.9158 30674.3538 92.0352
v 22588.9158 30674.3538 92.0352
v 22588.9158 30674.3538 92.0352
v 22588.9158 30674.3538 92.0352
v 22588.9158 30674.3538 92.0352
v 22588.9158 30674.3538 92.0352
v 22589.4683 30669.9760 92.0352
v 22589.4683 30669.9760 92.0352
v 22589.4683 30669.9760 92.0352
v 22589.4683 30669.9760 92.0352
v 22589.4683 30669.9760 92.0352
v 22589.4683 30669.9760 92.0352
v 22589.7934 30667.5079 92.0352
v 22589.7934 30667.5079 92.0352
v 22589.7934 30667.5079 92.0352
v 22589.7934 30667.5079 92.0352
v 22589.7934 30667.5079 92.0352
v 22590.4184 30662.7642 92.0351
v 22590.4184 30662.7642 92.0351
v 22590.4184 30662.7642 92.0351
v 22590.4184 30662.7642 92.0351
v 22590.4184 30662.7642 92.0351
v 22590.4184 30662.7642 92.0351
v 22593.2653 30663.1407 92.0352
v 22593.2653 30663.1407 92.0352
v 22593.2653 30663.1407 92.0352
v 22593.2653 30663.1407 92.0352
v 22593.2653 30663.1407 92.0352
v 22593.2653 30663.1407 92.0352
v 22593.3788 30663.0550 92.0352
v 22593.3788 30663.0550 92.0352
v 22593.3788 30663.0550 92.0352
v 22593.3788 30663.0550 92.0352
v 22593.3788 30663.0550 92.0352
v 22593.3788 30663.0550 92.0352
v 22593.3788 30663.0550 92.0352
v 22593.3788 30663.0550 92.0352
v 22591.7325 30638.1914 92.0350
v 22591.7325 30638.1914 92.0350
v 22591.7325 30638.1914 92.0350
v 22591.7325 30638.1914 92.0350
v 22591.7325 30638.1914 92.0350
v 22591.7325 30638.1914 88.4350
v 22591.7325 30638.1914 88.4350
v 22591.7325 30638.1914 88.4350
v 22591.7325 30638.1914 88.4350
v 22591.7325 30638.1914 88.4350
v 22591.7047 30638.1928 88.4350
v 22591.7047 30638.1928 88.4350
v 22591.7047 30638.1928 88.4350
v 22591.7047 30638.1928 88.4350
v 22591.7047 30638.1928 88.4350
v 22591.7047 30638.1928 88.4350
v 22591.7047 30638.1928 88.4350
v 22591.7047 30638.1928 88.4350
v 22591.7047 30638.1928 88.4350
v 22591.7047 30638.1928 88.4350
v 22586.6448 30638.4417 88.4350
v 22586.6448 30638.4417 88.4350
v 22586.6448 30638.4417 88.4350
v 22586.6448 30638.4417 88.4350
v 22586.7745 30641.0435 92.6800
v 22586.7745 30641.0435 92.6800
v 22586.7745 30641.0435 92.6800
v 22586.7745 30641.0435 92.6800
v 22586.7745 30641.0435 92.6800
v 22584.5201 30641.1553 92.6800
v 22584.5201 30641.1553 92.6800
v 22584.5201 30641.1553 92.6800
v 22584.5201 30641.1553 92.6800
v 22584.5201 30641.1553 92.6800
v 22584.4607 30639.9669 92.6800
v 22584.4607 30639.9669 92.6800
v 22584.4607 30639.9669 92.6800
v 22584.4607 30639.9669 92.6800
v 22584.4607 30639.9669 92.6800
v 22582.5961 30640.0595 92.6800
v 22582.5961 30640.0595 92.6800
v 22582.5961 30640.0595 92.6800
v 22582.5961 30640.0595 92.6800
v 22582.5961 30640.0595 92.6800
v 22582.5961 30640.0595 92.6800
v 22582.5961 30640.0595 92.6800
v 22582.5961 30640.0595 92.6800
v 22582.5961 30640.0595 92.6800
v 22582.5226 30638.5901 92.6799
v 22582.5226 30638.5901 92.6799
v 22582.5226 30638.5901 92.6799
v 22582.5226 30638.5901 92.6799
v 22582.8257 30638.5750 92.1849
v 22582.8257 30638.5750 92.1849
v 22582.8257 30638.5750 92.1849
v 22582.8257 30638.5750 92.1849
v 22582.8257 30638.5750 92.1849
v 22582.8257 30638.5750 92.1849
v 22583.0314 30638.5648 88.4349
v 22583.0314 30638.5648 88.4349
v 22583.0314 30638.5648 88.4349
v 22583.0314 30638.5648 88.4349
v 22582.8257 30638.5750 88.4349
v 22582.8257 30638.5750 88.4349
v 22582.8257 30638.5750 88.4349
v 22582.8257 30638.5750 88.4349
v 22582.8257 30638.5750 88.4349
v 22582.8090 30638.4352 88.4349
v 22582.8090 30638.4352 88.4349
v 22582.8090 30638.4352 88.4349
v 22582.8090 30638.4352 88.4349
v 22582.8090 30638.4352 88.4349
v 22582.3252 30631.2475 92.1349
v 22582.3252 30631.2475 92.1349
v 22582.3252 30631.2475 92.1349
v 22582.3252 30631.2475 92.1349
v 22582.4329 30633.3084 92.1349
v 22582.4329 30633.3084 92.1349
v 22582.4329 30633.3084 92.1349
v 22582.4329 30633.3084 92.1349
v 22582.4329 30633.3084 92.1349
v 22582.3253 30631.2475 88.4349
v 22582.3253 30631.2475 88.4349
v 22582.3253 30631.2475 88.4349
v 22582.3253 30631.2475 88.4349
v 22582.3253 30631.2475 88.4349
v 22582.3253 30631.2475 88.4349
v 22582.3253 30631.2475 88.4349
v 22582.4329 30633.3084 88.4349
v 22582.4329 30633.3084 88.4349
v 22582.4329 30633.3084 88.4349
v 22582.4329 30633.3084 88.4349
v 22582.4329 30633.3084 88.4349
v 22581.5711 30638.5831 88.4349
v 22581.5711 30638.5831 88.4349
v 22581.5711 30638.5831 88.4349
v 22581.5711 30638.5831 88.4349
v 22581.5711 30638.5831 88.4349
v 22581.5711 30638.5831 88.4349
v 22581.5711 30638.5831 88.4349
v 22581.5711 30638.5831 88.4349
v 22579.4209 30637.4001 88.4349
v 22579.4209 30637.4001 88.4349
v 22579.4209 30637.4001 88.4349
v 22579.4209 30637.4001 88.4349
v 22579.4209 30637.4001 88.4349
v 22565.8843 30636.2527 88.4349
v 22565.8843 30636.2527 88.4349
v 22565.8843 30636.2527 88.4349
v 22565.8843 30636.2527 88.4349
v 22565.8843 30636.2527 88.4349
v 22565.8843 30636.2527 88.4349
v 22565.8843 30636.2527 88.4349
v 22565.8843 30636.2527 88.4349
v 22565.6686 30629.8889 88.4348
v 22565.6686 30629.8889 88.4348
v 22565.6686 30629.8889 88.4348
v 22565.6686 30629.8889 88.4348
v 22565.6686 30629.8889 88.4348
v 22563.0026 30629.9790 88.4348
v 22563.0026 30629.9790 88.4348
v 22563.0026 30629.9790 88.4348
v 22563.0026 30629.9790 88.4348
v 22563.0026 30629.9790 88.4348
v 22563.0026 30629.9790 88.4348
v 22563.0026 30629.9790 88.4348
v 22560.6706 30630.1059 88.4348
v 22560.6706 30630.1059 88.4348
v 22560.6706 30630.1059 88.4348
v 22560.6706 30630.1059 88.4348
v 22560.6706 30630.1059 88.4348
v 22560.6706 30630.1059 88.4348
v 22557.9903 30630.2572 88.4348
v 22557.9903 30630.2572 88.4348
v 22557.9903 30630.2572 88.4348
v 22557.9903 30630.2572 88.4348
v 22557.9903 30630.2572 88.4348
v 22557.9903 30630.2572 88.4348
v 22557.9903 30630.2572 88.4348
v 22555.6282 30629.4294 88.4348
v 22555.6282 30629.4294 88.4348
v 22555.6282 30629.4294 88.4348
v 22555.6282 30629.4294 88.4348
v 22555.6282 30629.4294 88.4348
v 22555.6282 30629.4294 88.4348
v 22552.9474 30629.5812 88.4348
v 22552.9474 30629.5812 88.4348
v 22552.9474 30629.5812 88.4348
v 22552.9474 30629.5812 88.4348
v 22552.9474 30629.5812 88.4348
v 22552.9474 30629.5812 88.4348
v 22552.9474 30629.5812 88.4348
v 22552.9474 30629.5812 88.4348
v 22552.9474 30629.5812 88.4348
v 22547.5536 30629.9957 88.4348
v 22547.5536 30629.9957 88.4348
v 22547.5536 30629.9957 88.4348
v 22547.5536 30629.9957 88.4348
v 22547.5536 30629.9957 88.4348
v 22547.5536 30629.9957 88.4348
v 22544.8719 30630.1470 88.4348
v 22544.8719 30630.1470 88.4348
v 22544.8719 30630.1470 88.4348
v 22544.8719 30630.1470 88.4348
v 22544.8719 30630.1470 88.4348
v 22544.8719 30630.1470 88.4348
v 22544.8719 30630.1470 88.4348
v 22544.8719 30630.1470 88.4348
v 22544.8719 30630.1470 88.4348
v 22544.8719 30630.1470 88.4348
v 22535.0763 30631.1125 88.4348
v 22535.0763 30631.1125 88.4348
v 22535.0763 30631.1125 88.4348
v 22535.0763 30631.1125 88.4348
v 22535.0763 30631.1125 88.4348
v 22535.0763 30631.1125 88.4348
v 22535.0763 30631.1125 88.4348
v 22535.0763 30631.1125 88.4348
v 22535.0763 30631.1125 88.4348
v 22535.0763 30631.1125 88.4348
v 22525.9760 30641.3493 88.4349
v 22525.9760 30641.3493 88.4349
v 22525.9760 30641.3493 88.4349
v 22525.9760 30641.3493 88.4349
v 22525.9760 30641.3493 88.4349
v 22525.9760 30641.3493 88.4349
v 22517.1482 30641.6361 88.4349
v 22517.1482 30641.6361 88.4349
v 22517.1482 30641.6361 88.4349
v 22517.1482 30641.6361 88.4349
v 22517.1482 30641.6361 88.4349
v 22517.1482 30641.6361 88.4349
v 22517.1855 30642.7808 92.2149
v 22517.1855 30642.7808 92.2149
v 22517.1855 30642.7808 92.2149
v 22517.1855 30642.7808 92.2149
v 22517.1855 30642.7808 92.2149
v 22517.1891 30642.8918 92.2149
v 22517.1891 30642.8918 92.2149
v 22517.1891 30642.8918 92.2149
v 22517.1891 30642.8918 92.2149
v 22517.1891 30642.8918 92.2149
v 22527.8741 30644.0034 92.2149
v 22527.8741 30644.0034 92.2149
v 22527.8741 30644.0034 92.2149
v 22527.8741 30644.0034 92.2149
v 22527.8741 30644.0034 92.2149
v 22527.8741 30644.0034 92.2149
v 22527.8741 30644.0034 92.2149
v 22527.8741 30644.0034 92.2149
v 22527.8741 30644.0034 88.4349
v 22527.8741 30644.0034 88.4349
v 22527.8741 30644.0034 88.4349
v 22527.8741 30644.0034 88.4349
v 22527.8741 30644.0034 88.4349
v 22527.8741 30644.0034 88.4349
v 22527.8741 30644.0034 88.4349
v 22509.9425 30646.1281 88.4350
v 22509.9425 30646.1281 88.4350
v 22509.9425 30646.1281 88.4350
v 22509.9425 30646.1281 88.4350
v 22509.9425 30646.1281 88.4350
v 22509.9425 30646.1281 88.4350
v 22509.9425 30646.1281 88.4350
v 22510.3243 30659.6045 88.4351
v 22510.3243 30659.6045 88.4351
v 22510.3243 30659.6045 88.4351
v 22510.3243 30659.6045 88.4351
v 22510.3243 30659.6045 88.4351
v 22510.3243 30659.6045 88.4351
v 22510.3243 30659.6045 88.4351
v 22510.3243 30659.6045 91.5351
v 22510.3243 30659.6045 91.5351
v 22510.3243 30659.6045 91.5351
v 22510.3243 30659.6045 91.5351
v 22510.3243 30659.6045 91.5351
v 22510.3243 30659.6045 91.5351
v 22510.6037 30666.7894 91.5351
v 22510.6037 30666.7894 91.5351
v 22510.6037 30666.7894 91.5351
v 22510.6037 30666.7894 91.5351
v 22526.9100 30666.1551 91.5351
v 22526.9100 30666.1551 91.5351
v 22526.9100 30666.1551 91.5351
v 22526.9100 30666.1551 91.5351
v 22526.9100 30666.1551 91.5351
v 22526.9100 30666.1551 91.5351
v 22526.6304 30658.9702 91.5350
v 22526.6304 30658.9702 91.5350
v 22526.6304 30658.9702 91.5350
v 22526.6304 30658.9702 91.5350
v 22526.6304 30658.9702 88.4350
v 22526.6304 30658.9702 88.4350
v 22526.6304 30658.9702 88.4350
v 22526.6304 30658.9702 88.4350
v 22526.6304 30658.9702 88.4350
v 22526.6304 30658.9702 88.4350
v 22526.6304 30658.9702 88.4350
v 22526.6304 30658.9702 88.4350
v 22532.5741 30655.4307 88.4350
v 22532.5741 30655.4307 88.4350
v 22532.5741 30655.4307 88.4350
v 22532.5741 30655.4307 88.4350
v 22532.5741 30655.4307 88.4350
v 22532.5741 30655.4307 88.4350
v 22532.5741 30655.4307 88.4350
v 22532.5741 30655.4307 88.4350
v 22532.5741 30655.4307 88.4350
v 22532.5741 30655.4307 88.4350
v 22532.5741 30655.4307 88.4350
v 22532.5741 30655.4307 88.4350
v 22532.5741 30655.4307 88.4350
v 22532.5741 30655.4307 88.4350
v 22532.5741 30655.4307 88.4350
v 22536.1775 30671.7371 88.4351
v 22536.1775 30671.7371 88.4351
v 22536.1775 30671.7371 88.4351
v 22536.1775 30671.7371 88.4351
v 22536.1775 30671.7371 88.4351
v 22536.1775 30671.7371 88.4351
v 22536.1775 30671.7371 88.4351
v 22536.1775 30671.7371 88.4351
v 22536.1775 30671.7371 88.4351
v 22536.1775 30671.7371 88.4351
v 22540.1501 30674.3397 88.4351
v 22540.1501 30674.3397 88.4351
v 22540.1501 30674.3397 88.4351
v 22540.1501 30674.3397 88.4351
v 22540.1501 30674.3397 88.4351
v 22569.0794 30673.6090 88.4351
v 22569.0794 30673.6090 88.4351
v 22569.0794 30673.6090 88.4351
v 22569.0794 30673.6090 88.4351
v 22569.0794 30673.6090 88.4351
v 22569.0794 30673.6090 88.4351
v 22569.0794 30673.6090 88.4351
v 22569.0794 30673.6090 88.4351
v 22569.0794 30673.6090 88.4351
v 22569.0794 30673.6090 88.4351
v 22569.3495 30671.9047 92.0351
v 22569.3495 30671.9047 92.0351
v 22569.3495 30671.9047 92.0351
v 22569.3495 30671.9047 92.0351
v 22569.3495 30671.9047 92.0351
v 22569.3495 30671.9047 92.0351
v 22569.3495 30671.9047 92.0351
v 22575.6944 30672.7100 92.0351
v 22575.6944 30672.7100 92.0351
v 22575.6944 30672.7100 92.0351
v 22575.6944 30672.7100 92.0351
v 22575.6944 30672.7100 92.0351
v 22575.6944 30672.7100 92.0351
v 22582.1856 30669.9056 92.0352
v 22582.1856 30669.9056 92.0352
v 22582.1856 30669.9056 92.0352
v 22582.1856 30669.9056 92.0352
v 22582.1856 30669.9056 92.0352
v 22582.1856 30669.9056 92.0352
v 22582.1856 30669.9056 92.0352
v 22582.1856 30669.9056 92.0352
v 22582.1856 30669.9056 92.0352
v 22582.1856 30669.9056 92.0352
v 22585.9383 30681.4457 92.0353
v 22585.9383 30681.4457 92.0353
v 22585.9383 30681.4457 92.0353
v 22585.9383 30681.4457 92.0353
v 22585.9383 30681.4457 92.0353
v 22585.9383 30681.4457 92.0353
v 22585.9383 30681.4457 92.0353
v 22585.9383 30681.4457 92.0353
v 22591.0797 30682.1259 92.0353
v 22591.0797 30682.1259 92.0353
v 22591.0797 30682.1259 92.0353
v 22591.0797 30682.1259 92.0353
v 22591.0797 30682.1259 92.0353
v 22591.0797 30682.1259 92.0353
v 22591.0797 30682.1259 92.0353
v 22591.0797 30682.1259 92.0353
v 22591.0797 30682.1259 92.0353
v 22591.0797 30682.1259 92.0353
v 22591.0797 30682.1259 92.0353
v 22593.5733 30663.2840 92.0352
v 22593.5733 30663.2840 92.0352
v 22593.5733 30663.2840 92.0352
v 22593.5733 30663.2840 92.0352
v 22593.5733 30663.2840 92.0352
v 22593.5733 30663.2840 92.0352
v 22593.6889 30663.1967 92.0352
v 22593.6889 30663.1967 92.0352
v 22593.6889 30663.1967 92.0352
v 22593.6889 30663.1967 92.0352
v 22593.6889 30663.1967 92.0352
v 22593.6889 30663.1967 92.0352
v 22592.3683 30638.1604 21.6000
v 22592.3683 30638.1604 21.6000
v 22592.3683 30638.1604 21.6000
v 22592.3683 30638.1604 21.6000
v 22592.2076 30640.8196 21.6000
v 22592.2076 30640.8196 21.6000
v 22592.2076 30640.8196 21.6000
v 22592.2076 30640.8196 21.6000
v 22592.0326 30638.1770 21.6000
v 22592.0326 30638.1770 21.6000
v 22592.0326 30638.1770 21.6000
v 22592.0326 30638.1770 21.6000
v 22592.2076 30640.8196 29.8500
v 22592.2076 30640.8196 29.8500
v 22592.2076 30640.8196 29.8500
v 22592.2076 30640.8196 29.8500
v 22592.2076 30640.8196 29.8500
v 22592.2076 30640.8196 29.8500
v 22592.3682 30638.1604 29.8500
v 22592.3682 30638.1604 29.8500
v 22592.3682 30638.1604 29.8500
v 22592.3682 30638.1604 29.8500
v 22592.3682 30638.1604 29.8500
v 22592.3682 30638.1604 29.8500
v 22592.0321 30638.1767 92.0350
v 22592.0321 30638.1767 92.0350
v 22592.0321 30638.1767 92.0350
v 22592.0321 30638.1767 92.0350
v 22592.0321 30638.1767 92.0350
v 22592.0321 30638.1767 92.0350
v 22592.0321 30638.1767 92.0350
v 22592.0321 30638.1767 92.0350
v 22592.0321 30638.1767 92.0350
v 22592.0321 30638.1767 92.0350
v 22585.3627 30632.9418 98.0099
v 22585.3627 30632.9418 98.0099
v 22585.3627 30632.9418 98.0099
v 22585.3572 30632.8021 98.0099
v 22585.3572 30632.8021 98.0099
v 22585.3572 30632.8021 98.0099
v 22585.3572 30632.8021 98.0099
v 22588.2051 30632.7240 98.0100
v 22588.2051 30632.7240 98.0100
v 22588.2051 30632.7240 98.0100
v 22588.2051 30632.7240 98.0100
v 22588.2051 30632.7240 98.0100
v 22588.2051 30632.7240 98.8600
v 22588.2051 30632.7240 98.8600
v 22588.2051 30632.7240 98.8600
v 22588.2051 30632.7240 98.8600
v 22588.2051 30632.7240 98.8600
v 22585.3572 30632.8021 98.8599
v 22585.3572 30632.8021 98.8599
v 22585.3572 30632.8021 98.8599
v 22585.3572 30632.8021 98.8599
v 22585.3572 30632.8021 98.8599
v 22585.3572 30632.8021 98.8599
v 22585.3572 30632.8021 98.8599
v 22585.3627 30632.9418 98.8799
v 22585.3627 30632.9418 98.8799
v 22585.3627 30632.9418 98.8799
v 22585.3627 30632.9418 98.8799
v 22585.3627 30632.9418 98.8799
v 22585.3627 30632.9418 98.8799
v 22585.3627 30632.9418 98.8799
v 22585.3627 30632.9418 98.8799
v 22585.3627 30632.9418 98.8799
v 22588.3146 30632.7156 98.8800
v 22588.3146 30632.7156 98.8800
v 22588.3146 30632.7156 98.8800
v 22588.3146 30632.7156 98.8800
v 22588.3146 30632.7156 98.8800
v 22588.3146 30632.7156 98.8800
v 22588.3146 30632.7156 98.8600
v 22588.3146 30632.7156 98.8600
v 22588.3146 30632.7156 98.8600
v 22588.3146 30632.7156 98.8600
v 22588.3146 30632.7156 98.8600
v 22588.3146 30632.7156 98.8600
v 22590.4501 30632.6624 98.8600
v 22590.4501 30632.6624 98.8600
v 22590.4501 30632.6624 98.8600
v 22588.3150 30632.7210 98.8600
v 22588.3150 30632.7210 98.8600
v 22588.3150 30632.7210 98.8600
v 22588.3150 30632.7210 98.8600
v 22588.3150 30632.7210 98.8600
v 22588.3150 30632.7210 98.8600
v 22590.3936 30630.6083 98.8600
v 22590.3936 30630.6083 98.8600
v 22590.3936 30630.6083 98.8600
v 22590.3936 30630.6083 98.8600
v 22590.3936 30630.6083 98.8600
v 22590.3936 30630.6083 98.8600
v 22590.3936 30630.6083 98.8600
v 22590.3936 30630.6083 98.8600
v 22590.3936 30630.6083 98.8600
v 22585.2755 30630.7487 98.8599
v 22585.2755 30630.7487 98.8599
v 22585.2755 30630.7487 98.8599
v 22585.2755 30630.7487 98.8599
v 22585.2755 30630.7487 98.8599
v 22585.2755 30630.7487 98.8599
v 22583.2913 30630.6152 99.3349
v 22583.2913 30630.6152 99.3349
v 22583.2913 30630.6152 99.3349
v 22583.2913 30630.6152 99.3349
v 22583.2913 30630.6152 99.3349
v 22585.2671 30630.5369 99.3349
v 22585.2671 30630.5369 99.3349
v 22585.2671 30630.5369 99.3349
v 22585.2671 30630.5369 99.3349
v 22585.4427 30634.9543 99.3349
v 22585.4427 30634.9543 99.3349
v 22585.4427 30634.9543 99.3349
v 22585.4427 30634.9543 99.3349
v 22585.4427 30634.9543 99.3349
v 22585.4427 30634.9543 99.3349
v 22585.4427 30634.9543 99.3349
v 22585.4427 30634.9543 99.3349
v 22585.4427 30634.9543 99.3349
v 22585.4143 30634.2398 98.0099
v 22585.4143 30634.2398 98.0099
v 22585.4143 30634.2398 98.0099
v 22585.4143 30634.2398 98.0099
v 22585.4143 30634.2397 98.8799
v 22585.4143 30634.2397 98.8799
v 22585.4143 30634.2397 98.8799
v 22585.4143 30634.2397 98.8799
v 22585.4143 30634.2397 98.8799
v 22585.4143 30634.2397 98.8799
v 22586.2113 30634.1783 98.8800
v 22586.2113 30634.1783 98.8800
v 22586.2113 30634.1783 98.8800
v 22586.2113 30634.1783 98.8800
v 22586.4640 30637.4607 98.8800
v 22586.4640 30637.4607 98.8800
v 22586.4640 30637.4607 98.8800
v 22586.4640 30637.4607 98.8800
v 22586.4640 30637.4607 98.8800
v 22588.6671 30637.2919 98.8800
v 22588.6671 30637.2919 98.8800
v 22588.6671 30637.2919 98.8800
v 22588.6671 30637.2919 98.8800
v 22588.6671 30637.2919 98.8800
v 22588.6671 30637.2919 98.8800
v 22588.6671 30637.2919 98.8800
v 22588.3150 30632.7210 98.0100
v 22588.3150 30632.7210 98.0100
v 22588.3150 30632.7210 98.0100
v 22588.3150 30632.7210 98.0100
v 22588.6671 30637.2919 98.0100
v 22588.6671 30637.2919 98.0100
v 22588.6671 30637.2919 98.0100
v 22588.6671 30637.2919 98.0100
v 22588.6671 30637.2919 98.0100
v 22590.4501 30632.6624 98.0100
v 22590.4501 30632.6624 98.0100
v 22590.4501 30632.6624 98.0100
v 22590.4501 30632.6624 98.0100
v 22590.4501 30632.6624 98.0100
v 22590.4501 30632.6624 98.0100
v 22590.4501 30632.6624 98.0100
v 22590.4501 30632.6624 98.0100
v 22590.3936 30630.6083 98.0100
v 22590.3936 30630.6083 98.0100
v 22590.3936 30630.6083 98.0100
v 22590.3936 30630.6083 98.0100
v 22585.2755 30630.7487 98.0099
v 22585.2755 30630.7487 98.0099
v 22585.2755 30630.7487 98.0099
v 22585.2755 30630.7487 98.0099
v 22585.2755 30630.7487 98.0099
v 22585.2671 30630.5369 98.0099
v 22585.2671 30630.5369 98.0099
v 22585.2671 30630.5369 98.0099
v 22585.2671 30630.5369 98.0099
v 22585.2671 30630.5369 98.0099
v 22585.2671 30630.5369 98.0099
v 22583.2913 30630.6153 98.0099
v 22583.2913 30630.6153 98.0099
v 22583.2913 30630.6153 98.0099
v 22583.2913 30630.6153 98.0099
v 22583.2913 30630.6153 98.0099
v 22583.2913 30630.6153 98.0099
v 22583.2913 30630.6153 98.0099
v 22583.4671 30635.0326 99.3349
v 22583.4671 30635.0326 99.3349
v 22583.4671 30635.0326 99.3349
v 22583.4671 30635.0326 99.3349
v 22583.4671 30635.0326 99.3349
v 22585.4427 30634.9543 98.0099
v 22585.4427 30634.9543 98.0099
v 22585.4427 30634.9543 98.0099
v 22585.4427 30634.9543 98.0099
v 22585.4427 30634.9543 98.0099
v 22585.4427 30634.9543 98.0099
v 22586.2113 30634.1783 98.0099
v 22586.2113 30634.1783 98.0099
v 22586.2113 30634.1783 98.0099
v 22586.2113 30634.1783 98.0099
v 22586.2113 30634.1783 98.0099
v 22586.2113 30634.1783 98.0099
v 22586.2113 30634.1783 98.0099
v 22586.4640 30637.4607 98.0100
v 22586.4640 30637.4607 98.0100
v 22586.4640 30637.4607 98.0100
v 22586.4640 30637.4607 98.0100
v 22586.4640 30637.4607 98.0100
v 22586.4640 30637.4607 98.0100
v 22593.7125 30638.0940 98.0100
v 22593.7125 30638.0940 98.0100
v 22593.7125 30638.0940 98.0100
v 22593.7125 30638.0940 98.0100
v 22593.7125 30638.0940 98.0100
v 22593.7125 30638.0940 98.0100
v 22593.7125 30638.0940 98.0100
v 22593.7125 30638.0940 98.0100
v 22593.4656 30630.0897 98.0100
v 22593.4656 30630.0897 98.0100
v 22593.4656 30630.0897 98.0100
v 22593.4656 30630.0897 98.0100
v 22593.4656 30630.0897 98.0100
v 22593.4656 30630.0897 98.0100
v 22593.4656 30630.0897 98.0100
v 22593.4656 30630.0897 98.0100
v 22593.4656 30630.0897 98.0100
v 22593.4656 30630.0897 98.0100
v 22593.4656 30630.0897 98.0100
v 22593.4656 30630.0897 98.0100
v 22593.4656 30630.0897 98.0100
v 22583.2817 30630.3720 98.0099
v 22583.2817 30630.3720 98.0099
v 22583.2817 30630.3720 98.0099
v 22583.2317 30630.3734 100.1599
v 22583.2317 30630.3734 100.1599
v 22583.2317 30630.3734 100.1599
v 22583.2317 30630.3734 100.1599
v 22583.2317 30630.3734 100.1599
v 22594.3279 30630.0658 100.1600
v 22594.3279 30630.0658 100.1600
v 22594.3279 30630.0658 100.1600
v 22594.3279 30630.0658 100.1600
v 22594.3279 30630.0658 100.1600
v 22583.2088 30629.5358 100.1599
v 22583.2088 30629.5358 100.1599
v 22583.2088 30629.5358 100.1599
v 22583.2088 30629.5358 100.1599
v 22594.3047 30629.2288 100.1600
v 22594.3047 30629.2288 100.1600
v 22594.3047 30629.2288 100.1600
v 22594.3047 30629.2288 100.1600
v 22594.3047 30629.2288 100.1600
v 22594.3047 30629.2288 100.1600
v 22594.3047 30629.2288 100.1600
v 22594.3047 30629.2288 100.1600
v 22594.3047 30629.2288 100.1600
v 22594.2538 30629.2302 98.0100
v 22594.2538 30629.2302 98.0100
v 22594.2538 30629.2302 98.0100
v 22594.2538 30629.2302 98.0100
v 22594.2544 30629.2304 21.6000
v 22594.2544 30629.2304 21.6000
v 22594.2544 30629.2304 21.6000
v 22594.2544 30629.2304 21.6000
v 22594.2544 30629.2304 21.6000
v 22594.3118 30629.4683 29.8500
v 22594.3118 30629.4683 29.8500
v 22594.3118 30629.4683 29.8500
v 22594.3118 30629.4683 29.8500
v 22594.3119 30629.4684 21.6000
v 22594.3119 30629.4684 21.6000
v 22594.3119 30629.4684 21.6000
v 22594.3119 30629.4684 21.6000
v 22594.3119 30629.4684 21.6000
v 22596.0056 30629.3478 21.6000
v 22596.0056 30629.3478 21.6000
v 22596.0056 30629.3478 21.6000
v 22596.0056 30629.3478 21.6000
v 22596.0056 30629.3478 21.6000
v 22594.3053 30629.2290 21.6000
v 22594.3053 30629.2290 21.6000
v 22594.3053 30629.2290 21.6000
v 22594.3053 30629.2290 21.6000
v 22594.3053 30629.2290 21.6000
v 22594.3053 30629.2290 21.6000
v 22594.2028 30627.6735 21.6000
v 22594.2028 30627.6735 21.6000
v 22594.2028 30627.6735 21.6000
v 22594.2028 30627.6735 21.6000
v 22594.2028 30627.6735 21.6000
v 22594.0929 30624.3725 98.0100
v 22594.0929 30624.3725 98.0100
v 22594.0929 30624.3725 98.0100
v 22594.0929 30624.3725 98.0100
v 22594.0929 30624.3725 98.0100
v 22594.0929 30624.3725 98.0100
v 22594.0929 30624.3725 98.0100
v 22583.2088 30629.5358 98.0099
v 22583.2088 30629.5358 98.0099
v 22583.2088 30629.5358 98.0099
v 22583.2088 30629.5358 98.0099
v 22583.2088 30629.5358 98.0099
v 22583.2088 30629.5358 98.0099
v 22583.2088 30629.5358 98.0099
v 22583.2088 30629.5358 98.0099
v 22583.2318 30630.3734 98.0099
v 22583.2318 30630.3734 98.0099
v 22583.2318 30630.3734 98.0099
v 22583.2318 30630.3734 98.0099
v 22583.2318 30630.3734 98.0099
v 22583.2318 30630.3734 98.0099
v 22583.2318 30630.3734 98.0099
v 22583.4671 30635.0326 98.0099
v 22583.4671 30635.0326 98.0099
v 22583.4671 30635.0326 98.0099
v 22583.4671 30635.0326 98.0099
v 22583.4671 30635.0326 98.0099
v 22583.4671 30635.0326 98.0099
v 22585.5835 30638.4939 98.0100
v 22585.5835 30638.4939 98.0100
v 22585.5835 30638.4939 98.0100
v 22585.5835 30638.4939 98.0100
v 22585.5835 30638.4939 98.0100
v 22585.5835 30638.4939 98.0100
v 22585.5835 30638.4939 98.0100
v 22586.6448 30638.4417 92.6800
v 22586.6448 30638.4417 92.6800
v 22586.6448 30638.4417 92.6800
v 22586.6448 30638.4417 92.6800
v 22586.6448 30638.4417 92.6800
v 22586.6448 30638.4417 92.6800
v 22586.6448 30638.4417 92.6800
v 22586.6448 30638.4417 92.6800
v 22586.6448 30638.4417 92.6800
v 22586.6448 30638.4417 92.6800
v 22586.6448 30638.4417 92.6800
v 22586.6448 30638.4417 92.6800
v 22583.0334 30638.6194 92.6799
v 22583.0334 30638.6194 92.6799
v 22583.0334 30638.6194 92.6799
v 22583.0334 30638.6194 92.6799
v 22583.0334 30638.6194 92.6799
v 22583.0313 30638.5648 92.6799
v 22583.0313 30638.5648 92.6799
v 22583.0313 30638.5648 92.6799
v 22583.0313 30638.5648 92.6799
v 22583.0313 30638.5648 92.6799
v 22583.0313 30638.5648 92.6799
v 22583.0313 30638.5648 92.6799
v 22582.8309 30633.2877 88.4349
v 22582.8309 30633.2877 88.4349
v 22582.8309 30633.2877 88.4349
v 22582.8309 30633.2877 88.4349
v 22582.8309 30633.2877 88.4349
v 22582.8309 30633.2877 88.4349
v 22582.8309 30633.2877 88.4349
v 22582.8309 30633.2877 88.4349
v 22582.8309 30633.2876 92.1349
v 22582.8309 30633.2876 92.1349
v 22582.8309 30633.2876 92.1349
v 22582.8309 30633.2876 92.1349
v 22582.8309 30633.2876 92.1349
v 22582.7525 30631.2251 92.1349
v 22582.7525 30631.2251 92.1349
v 22582.7525 30631.2251 92.1349
v 22582.7525 30631.2251 92.1349
v 22582.7525 30631.2251 92.1349
v 22582.7525 30631.2251 92.1349
v 22582.7525 30631.2251 88.4349
v 22582.7525 30631.2251 88.4349
v 22582.7525 30631.2251 88.4349
v 22582.5703 30626.4276 88.4349
v 22582.5703 30626.4276 88.4349
v 22582.5703 30626.4276 88.4349
v 22582.5703 30626.4276 88.4349
v 22582.5703 30626.4276 88.4349
v 22582.5703 30626.4276 88.4349
v 22582.5703 30626.4276 88.4349
v 22582.5703 30626.4276 88.4349
v 22582.5703 30626.4276 88.4349
v 22582.5703 30626.4276 88.4349
v 22582.5703 30626.4276 88.4349
v 22582.5703 30626.4276 88.4349
v 22582.5703 30626.4276 88.4349
v 22582.5703 30626.4276 88.4349
v 22582.5703 30626.4276 88.4349
v 22582.5703 30626.4276 88.4349
v 22582.5703 30626.4276 88.4349
v 22582.5703 30626.4276 88.4349
v 22582.5703 30626.4276 88.4349
v 22582.5703 30626.4276 88.4349
v 22582.5703 30626.4276 88.4349
v 22525.2272 30628.6946 88.4349
v 22525.2272 30628.6946 88.4349
v 22525.2272 30628.6946 88.4349
v 22525.2272 30628.6946 88.4349
v 22525.2272 30628.6946 91.8699
v 22525.2272 30628.6946 91.8699
v 22525.2272 30628.6946 91.8699
v 22525.2272 30628.6946 91.8699
v 22525.2272 30628.6946 91.8699
v 22524.9537 30631.8896 91.8699
v 22524.9537 30631.8896 91.8699
v 22524.9537 30631.8896 91.8699
v 22524.9537 30631.8896 91.8699
v 22524.9537 30631.8896 91.8699
v 22524.8738 30628.7086 91.8699
v 22524.8738 30628.7086 91.8699
v 22524.8738 30628.7086 91.8699
v 22524.8738 30628.7086 91.8699
v 22524.8738 30628.7086 91.8699
v 22525.3013 30631.8783 91.8699
v 22525.3013 30631.8783 91.8699
v 22525.3013 30631.8783 91.8699
v 22525.3013 30631.8783 91.8699
v 22525.3013 30631.8783 91.8699
v 22525.3013 30631.8783 91.8699
v 22525.3013 30631.8783 88.4349
v 22525.3013 30631.8783 88.4349
v 22525.3013 30631.8783 88.4349
v 22525.3013 30631.8783 88.4349
v 22525.3013 30631.8783 88.4349
v 22525.6688 30631.8664 88.4349
v 22525.6688 30631.8664 88.4349
v 22525.6688 30631.8664 88.4349
v 22525.6688 30631.8664 88.4349
v 22525.6688 30631.8664 88.4349
v 22525.6688 30631.8664 88.4349
v 22525.9760 30641.3492 97.9499
v 22525.9760 30641.3492 97.9499
v 22525.9760 30641.3492 97.9499
v 22525.9760 30641.3492 97.9499
v 22525.9760 30641.3492 97.9499
v 22525.9760 30641.3492 97.9499
v 22525.9760 30641.3492 97.9499
v 22525.9760 30641.3492 97.9499
v 22525.9760 30641.3492 97.9499
v 22517.1482 30641.6360 97.9499
v 22517.1482 30641.6360 97.9499
v 22517.1482 30641.6360 97.9499
v 22517.1482 30641.6360 97.9499
v 22517.1482 30641.6360 97.9499
v 22524.4205 30636.5977 97.9499
v 22524.4205 30636.5977 97.9499
v 22524.4205 30636.5977 97.9499
v 22524.4205 30636.5977 97.9499
v 22524.4205 30636.5977 97.9499
v 22524.4205 30636.5977 97.9499
v 22524.4205 30636.5977 97.9499
v 22524.3630 30635.2869 97.9499
v 22524.3630 30635.2869 97.9499
v 22524.3630 30635.2869 97.9499
v 22524.3630 30635.2869 97.9499
v 22521.4588 30635.4493 97.9499
v 22521.4588 30635.4493 97.9499
v 22521.4588 30635.4493 97.9499
v 22521.4588 30635.4493 97.9499
v 22521.4588 30635.4493 97.9499
v 22521.4588 30635.4493 98.9149
v 22521.4588 30635.4493 98.9149
v 22521.4588 30635.4493 98.9149
v 22521.4588 30635.4493 98.9149
v 22521.4588 30635.4493 98.9149
v 22521.4588 30635.4493 98.9149
v 22521.4391 30634.8863 99.3199
v 22521.4391 30634.8863 99.3199
v 22521.4391 30634.8863 99.3199
v 22521.4391 30634.8863 99.3199
v 22519.4527 30634.9555 99.3199
v 22519.4527 30634.9555 99.3199
v 22519.4527 30634.9555 99.3199
v 22519.4527 30634.9555 99.3199
v 22519.4527 30634.9555 99.3199
v 22519.5365 30637.3357 99.3199
v 22519.5365 30637.3357 99.3199
v 22519.5365 30637.3357 99.3199
v 22519.5365 30637.3357 99.3199
v 22519.5365 30637.3357 99.3199
v 22519.5365 30637.3357 97.9499
v 22519.5365 30637.3357 97.9499
v 22519.5365 30637.3357 97.9499
v 22519.5365 30637.3357 97.9499
v 22519.5365 30637.3357 97.9499
v 22519.1590 30637.4423 97.9499
v 22519.1590 30637.4423 97.9499
v 22519.1590 30637.4423 97.9499
v 22519.1590 30637.4423 97.9499
v 22519.1590 30637.4423 97.9499
v 22519.1590 30637.4423 97.9499
v 22519.1590 30637.4423 97.9499
v 22519.1590 30637.4423 97.9499
v 22519.0872 30635.4407 99.3149
v 22519.0872 30635.4407 99.3149
v 22519.0872 30635.4407 99.3149
v 22519.0872 30635.4407 99.3149
v 22516.7211 30635.5254 99.3149
v 22516.7211 30635.5254 99.3149
v 22516.7211 30635.5254 99.3149
v 22516.7211 30635.5254 99.3149
v 22516.7211 30635.5254 99.3149
v 22516.7211 30635.5254 99.3149
v 22516.7927 30637.5270 99.3149
v 22516.7927 30637.5270 99.3149
v 22516.7927 30637.5270 99.3149
v 22516.7927 30637.5270 99.3149
v 22517.3148 30637.5083 98.8849
v 22517.3148 30637.5083 98.8849
v 22517.3148 30637.5083 98.8849
v 22517.3148 30637.5083 98.8849
v 22517.3148 30637.5083 98.8849
v 22517.3148 30637.5083 98.8849
v 22517.3148 30637.5083 98.8849
v 22517.3148 30637.5083 97.9499
v 22517.3148 30637.5083 97.9499
v 22517.3148 30637.5083 97.9499
v 22517.3421 30638.2006 97.9499
v 22517.3421 30638.2006 97.9499
v 22517.3421 30638.2006 97.9499
v 22517.3421 30638.2006 97.9499
v 22517.3421 30638.2006 97.9499
v 22517.3421 30638.2006 97.9499
v 22513.6890 30638.3460 98.8849
v 22513.6890 30638.3460 98.8849
v 22513.6890 30638.3460 98.8849
v 22513.6890 30638.3460 98.8849
v 22513.7775 30640.5655 98.8849
v 22513.7775 30640.5655 98.8849
v 22513.7775 30640.5655 98.8849
v 22513.7775 30640.5655 98.8849
v 22513.7775 30640.5655 98.8849
v 22513.7775 30640.5655 97.9499
v 22513.7775 30640.5655 97.9499
v 22513.7775 30640.5655 97.9499
v 22513.7775 30640.5655 97.9499
v 22513.7775 30640.5655 97.9499
v 22513.7775 30640.5655 97.9499
v 22513.7775 30640.5655 97.9499
v 22517.1891 30642.8918 97.9499
v 22517.1891 30642.8918 97.9499
v 22517.1891 30642.8918 97.9499
v 22517.1891 30642.8918 97.9499
v 22517.1891 30642.8918 97.9499
v 22517.1891 30642.8918 97.9499
v 22517.1891 30642.8918 97.9499
v 22513.1806 30643.0216 92.2150
v 22513.1806 30643.0216 92.2150
v 22513.1806 30643.0216 92.2150
v 22513.1806 30643.0216 92.2150
v 22513.1806 30643.0216 92.2150
v 22513.1806 30643.0216 92.2150
v 22513.1806 30643.0216 92.2150
v 22513.1806 30643.0216 92.2150
v 22509.2884 30645.1381 92.2150
v 22509.2884 30645.1381 92.2150
v 22509.2884 30645.1381 92.2150
v 22509.2884 30645.1381 92.2150
v 22509.2884 30645.1381 92.2150
v 22509.1833 30643.2618 92.2150
v 22509.1833 30643.2618 92.2150
v 22509.1833 30643.2618 92.2150
v 22509.1833 30643.2618 92.2150
v 22513.1806 30643.0216 88.4350
v 22513.1806 30643.0216 88.4350
v 22513.1806 30643.0216 88.4350
v 22513.1806 30643.0216 88.4350
v 22509.2872 30643.1476 88.4350
v 22509.2872 30643.1476 88.4350
v 22509.2872 30643.1476 88.4350
v 22509.2872 30643.1476 88.4350
v 22509.2872 30643.1476 88.4350
v 22509.1833 30643.2619 88.4350
v 22509.1833 30643.2619 88.4350
v 22509.1833 30643.2619 88.4350
v 22509.1833 30643.2619 88.4350
v 22509.1833 30643.2619 88.4350
v 22509.1833 30643.2619 88.4350
v 22509.1833 30643.2619 88.4350
v 22509.2883 30645.1381 88.4350
v 22509.2883 30645.1381 88.4350
v 22509.2883 30645.1381 88.4350
v 22509.2883 30645.1381 88.4350
v 22509.2883 30645.1381 88.4350
v 22509.2883 30645.1381 88.4350
v 22509.2883 30645.1381 88.4350
v 22509.2883 30645.1381 88.4350
v 22510.6036 30666.7894 88.4351
v 22510.6036 30666.7894 88.4351
v 22510.6036 30666.7894 88.4351
v 22510.6036 30666.7894 88.4351
v 22510.6036 30666.7894 88.4351
v 22510.6036 30666.7894 88.4351
v 22510.6036 30666.7894 88.4351
v 22510.8251 30666.7808 88.4351
v 22510.8251 30666.7808 88.4351
v 22510.8251 30666.7808 88.4351
v 22510.8251 30666.7808 88.4351
v 22510.8251 30666.7808 88.4351
v 22526.9099 30666.1551 88.4351
v 22526.9099 30666.1551 88.4351
v 22526.9099 30666.1551 88.4351
v 22526.9099 30666.1551 88.4351
v 22526.9099 30666.1551 88.4351
v 22526.9099 30666.1551 88.4351
v 22526.9099 30666.1551 88.4351
v 22528.6217 30671.0744 88.4351
v 22528.6217 30671.0744 88.4351
v 22528.6217 30671.0744 88.4351
v 22528.6217 30671.0744 88.4351
v 22528.6217 30671.0744 88.4351
v 22528.6217 30671.0744 88.4351
v 22528.6217 30671.0744 88.4351
v 22528.7649 30674.6272 88.4351
v 22528.7649 30674.6272 88.4351
v 22528.7649 30674.6272 88.4351
v 22528.7649 30674.6272 88.4351
v 22528.7649 30674.6272 88.4351
v 22528.7649 30674.6272 88.4351
v 22569.0794 30673.6090 92.0351
v 22569.0794 30673.6090 92.0351
v 22569.0794 30673.6090 92.0351
v 22569.0794 30673.6090 92.0351
v 22569.0794 30673.6090 92.0351
v 22569.0794 30673.6090 92.0351
v 22569.0794 30673.6090 92.0351
v 22569.0794 30673.6090 92.0351
v 22569.0316 30673.9103 92.0351
v 22569.0316 30673.9103 92.0351
v 22569.0316 30673.9103 92.0351
v 22569.0316 30673.9103 92.0351
v 22569.0316 30673.9103 92.0351
v 22569.0316 30673.9103 92.0351
v 22581.2693 30679.2812 92.0352
v 22581.2693 30679.2812 92.0352
v 22581.2693 30679.2812 92.0352
v 22581.2693 30679.2812 92.0352
v 22581.2693 30679.2812 92.0352
v 22581.2693 30679.2812 92.0352
v 22581.2693 30679.2812 92.0352
v 22581.2693 30679.2812 92.0352
v 22581.2693 30679.2812 92.0352
v 22581.0685 30680.8014 92.0353
v 22581.0685 30680.8014 92.0353
v 22581.0685 30680.8014 92.0353
v 22581.0685 30680.8014 92.0353
v 22581.0685 30680.8014 92.0353
v 22591.0801 30682.1265 29.8503
v 22591.0801 30682.1265 29.8503
v 22591.0801 30682.1265 29.8503
v 22591.0801 30682.1265 29.8503
v 22591.0801 30682.1265 29.8503
v 22593.6893 30663.1972 29.8502
v 22593.6893 30663.1972 29.8502
v 22593.6893 30663.1972 29.8502
v 22593.6893 30663.1972 29.8502
v 22593.6893 30663.1972 29.8502
v 22593.6893 30663.1972 29.8502
v 22593.7130 30638.0942 29.8500
v 22593.7130 30638.0942 29.8500
v 22593.7130 30638.0942 29.8500
v 22593.7130 30638.0942 29.8500
v 22593.7130 30638.0942 29.8500
v 22593.7130 30638.0942 29.8500
v 22593.7130 30638.0942 29.8500
v 22593.7130 30638.0942 29.8500
v 22593.4661 30630.0899 29.8500
v 22593.4661 30630.0899 29.8500
v 22593.4661 30630.0899 29.8500
v 22594.3284 30630.0660 29.8500
v 22594.3284 30630.0660 29.8500
v 22594.3284 30630.0660 29.8500
v 22594.3284 30630.0660 29.8500
v 22594.3284 30630.0660 29.8500
v 22594.3284 30630.0660 29.8500
v 22594.3284 30630.0660 29.8500
v 22594.3284 30630.0660 29.8500
v 22596.0055 30629.3478 29.8500
v 22596.0055 30629.3478 29.8500
v 22596.0055 30629.3478 29.8500
v 22596.0055 30629.3478 29.8500
v 22596.0055 30629.3478 29.8500
v 22596.0055 30629.3478 29.8500
v 22596.0055 30629.3478 29.8500
v 22596.8183 30641.3754 21.6001
v 22596.8183 30641.3754 21.6001
v 22596.8183 30641.3754 21.6001
v 22596.8183 30641.3754 21.6001
v 22596.8183 30641.3754 21.6001
v 22596.8183 30641.3754 29.8501
v 22596.8183 30641.3754 29.8501
v 22596.8183 30641.3754 29.8501
v 22596.8183 30641.3754 29.8501
v 22596.8183 30641.3754 29.8501
v 22596.8183 30641.3754 29.8501
v 22596.8183 30641.3754 29.8501
v 22608.0986 30642.8991 21.6002
v 22608.0986 30642.8991 21.6002
v 22608.0986 30642.8991 21.6002
v 22608.0986 30642.8991 21.6002
v 22608.0986 30642.8991 21.6002
v 22608.0986 30642.8991 21.6002
v 22608.0985 30642.8991 29.8502
v 22608.0985 30642.8991 29.8502
v 22608.0985 30642.8991 29.8502
v 22608.0985 30642.8991 29.8502
v 22599.3404 30655.0288 29.8501
v 22599.3404 30655.0288 29.8501
v 22599.3404 30655.0288 29.8501
v 22599.3404 30655.0288 29.8501
v 22599.3404 30655.0288 29.8501
v 22599.3404 30655.0288 29.8501
v 22599.9344 30655.1133 29.8502
v 22599.9344 30655.1133 29.8502
v 22599.9344 30655.1133 29.8502
v 22599.9344 30655.1133 29.8502
v 22599.9344 30655.1133 29.8502
v 22601.7050 30642.6653 29.8501
v 22601.7050 30642.6653 29.8501
v 22601.7050 30642.6653 29.8501
v 22601.7050 30642.6653 29.8501
v 22601.7050 30642.6653 29.8501
v 22611.4212 30643.9401 31.5902
v 22611.4212 30643.9401 31.5902
v 22611.4212 30643.9401 31.5902
v 22611.4212 30643.9401 31.5902
v 22611.4212 30643.9401 31.5902
v 22611.4212 30643.9401 31.5902
v 22611.4212 30643.9401 31.5902
v 22611.4212 30643.9401 31.5902
v 22611.1631 30643.9063 29.8502
v 22611.1631 30643.9063 29.8502
v 22611.1631 30643.9063 29.8502
v 22611.1631 30643.9063 29.8502
v 22611.1632 30643.9063 21.6002
v 22611.1632 30643.9063 21.6002
v 22611.1632 30643.9063 21.6002
v 22611.1632 30643.9063 21.6002
v 22611.1632 30643.9063 21.6002
v 22611.4213 30643.9402 21.6002
v 22611.4213 30643.9402 21.6002
v 22611.4213 30643.9402 21.6002
v 22611.4213 30643.9402 21.6002
v 22611.4213 30643.9402 21.6002
v 22607.2131 30675.3041 21.6004
v 22607.2131 30675.3041 21.6004
v 22607.2131 30675.3041 21.6004
v 22607.2131 30675.3041 21.6004
v 22601.7499 30716.0214 31.5909
v 22601.7499 30716.0214 31.5909
v 22601.7499 30716.0214 31.5909
v 22601.7499 30716.0214 31.5909
v 22601.7499 30716.0214 31.5909
v 22601.7499 30716.0214 31.5909
v 22601.7499 30716.0214 31.5909
v 22601.7499 30716.0214 31.5909
v 22601.7499 30716.0214 31.5909
v 22601.7499 30716.0214 31.5909
v 22592.3882 30707.5161 31.5907
v 22592.3882 30707.5161 31.5907
v 22592.3882 30707.5161 31.5907
v 22592.3882 30707.5161 31.5907
v 22592.3882 30707.5161 31.5907
v 22592.9831 30707.5941 31.5907
v 22592.9831 30707.5941 31.5907
v 22592.9831 30707.5941 31.5907
v 22592.9831 30707.5941 31.5907
v 22592.0306 30714.8581 31.5908
v 22592.0306 30714.8581 31.5908
v 22592.0306 30714.8581 31.5908
v 22592.0306 30714.8581 31.5908
v 22592.0306 30714.8581 31.5908
v 22592.0306 30714.8581 31.5908
v 22592.0306 30714.8581 29.8508
v 22592.0306 30714.8581 29.8508
v 22592.0306 30714.8581 29.8508
v 22592.0306 30714.8581 29.8508
v 22592.0306 30714.8581 29.8508
v 22592.9831 30707.5941 29.8507
v 22592.9831 30707.5941 29.8507
v 22592.9831 30707.5941 29.8507
v 22592.9831 30707.5941 29.8507
v 22592.9831 30707.5941 29.8507
v 22592.9831 30707.5941 29.8507
v 22593.5738 30663.2845 29.8502
v 22593.5738 30663.2845 29.8502
v 22593.5738 30663.2845 29.8502
v 22593.5738 30663.2845 29.8502
v 22593.5738 30663.2845 29.8502
v 22593.5738 30663.2845 29.8502
v 22593.5738 30663.2845 29.8502
v 22593.5738 30663.2845 29.8502
v 22592.3882 30707.5161 29.8507
v 22592.3882 30707.5161 29.8507
v 22592.3882 30707.5161 29.8507
v 22592.3882 30707.5161 29.8507
v 22592.3882 30707.5161 29.8507
v 22591.3568 30715.3817 31.5908
v 22591.3568 30715.3817 31.5908
v 22591.3568 30715.3817 31.5908
v 22591.3568 30715.3817 31.5908
v 22591.3568 30715.3817 31.5908
v 22591.3568 30715.3817 31.5908
v 22602.2659 30716.6875 31.5909
v 22602.2659 30716.6875 31.5909
v 22602.2659 30716.6875 31.5909
v 22602.2659 30716.6875 31.5909
v 22602.2659 30716.6875 31.5909
v 22602.2659 30716.6875 31.5909
v 22602.2659 30716.6875 31.5909
v 22602.2659 30716.6875 31.5909
v 22612.0959 30643.4235 31.5902
v 22612.0959 30643.4235 31.5902
v 22612.0959 30643.4235 31.5902
v 22612.0959 30643.4235 31.5902
v 22612.0959 30643.4235 31.5902
v 22612.0959 30643.4235 31.5902
v 22612.0959 30643.4235 31.5902
v 22612.0959 30643.4235 31.5902
v 22612.0959 30643.4235 31.5902
v 22612.0959 30643.4235 31.5902
v 22611.8034 30643.3852 21.6002
v 22611.8034 30643.3852 21.6002
v 22611.8034 30643.3852 21.6002
v 22611.8034 30643.3852 21.6002
v 22611.8034 30643.3852 21.6002
v 22613.6876 30630.1468 21.6002
v 22613.6876 30630.1468 21.6002
v 22613.6876 30630.1468 21.6002
v 22613.6876 30630.1468 21.6002
v 22613.6876 30630.1468 21.6002
v 22613.6876 30630.1468 21.6002
v 22613.6876 30630.1468 21.6002
v 22613.6876 30630.1468 21.6002
v 22594.2029 30627.6736 11.4550
v 22594.2029 30627.6736 11.4550
v 22594.2029 30627.6736 11.4550
v 22594.2029 30627.6736 11.4550
v 22594.2029 30627.6736 11.4550
v 22594.2029 30627.6736 11.4550
v 22594.0935 30624.3727 11.4550
v 22594.0935 30624.3727 11.4550
v 22594.0935 30624.3727 11.4550
v 22594.0935 30624.3727 11.4550
v 22594.0935 30624.3727 11.4550
v 22598.6928 30620.3664 11.4550
v 22598.6928 30620.3664 11.4550
v 22598.6928 30620.3664 11.4550
v 22598.6928 30620.3664 11.4550
v 22598.6928 30620.3664 11.4550
v 22598.6928 30620.3664 11.4550
v 22598.6928 30620.3664 11.4550
v 22598.6928 30620.3664 11.4550
v 22598.6928 30620.3664 11.4550
v 22598.6928 30620.3664 11.4550
v 22598.6928 30620.3664 11.4550
v 22578.6895 30621.0727 6.2333
v 22578.6895 30621.0727 6.2333
v 22578.6895 30621.0727 6.2333
v 22578.6895 30621.0727 6.2333
v 22578.6895 30621.0727 6.2333
v 22578.6895 30621.0727 10.3247
v 22578.6895 30621.0727 10.3247
v 22578.6895 30621.0727 10.3247
v 22578.6895 30621.0727 10.3247
v 22578.6895 30621.0727 10.3247
v 22578.5673 30618.3601 6.5622
v 22578.5673 30618.3601 6.5622
v 22578.5673 30618.3601 6.5622
v 22578.5673 30618.3601 6.5622
v 22578.5673 30618.3601 6.5622
v 22578.5673 30618.3601 6.5622
v 22572.5894 30618.6307 10.1543
v 22572.5894 30618.6307 10.1543
v 22572.5894 30618.6307 10.1543
v 22572.5894 30618.6307 10.1543
v 22572.5894 30618.6307 10.1543
v 22572.5894 30618.6307 10.1543
v 22573.6940 30618.5807 6.5731
v 22573.6940 30618.5807 6.5731
v 22573.6940 30618.5807 6.5731
v 22573.6940 30618.5807 6.5731
v 22573.6940 30618.5807 6.5731
v 22578.5672 30618.3601 10.1540
v 22578.5672 30618.3601 10.1540
v 22578.5672 30618.3601 10.1540
v 22578.5672 30618.3601 10.1540
v 22578.5672 30618.3601 10.1540
v 22578.5672 30618.3601 10.1540
v 22578.3480 30621.0848 10.3245
v 22578.3480 30621.0848 10.3245
v 22578.3480 30621.0848 10.3245
v 22578.3480 30621.0848 10.3245
v 22578.3480 30621.0848 10.3245
v 22578.3480 30621.0848 10.3245
v 22578.3480 30621.0848 10.3245
v 22578.3480 30621.0848 11.4549
v 22578.3480 30621.0848 11.4549
v 22578.3480 30621.0848 11.4549
v 22578.3480 30621.0848 11.4549
v 22598.6928 30620.3665 6.1645
v 22598.6928 30620.3665 6.1645
v 22598.6928 30620.3665 6.1645
v 22601.0812 30618.1392 6.4154
v 22601.0812 30618.1392 6.4154
v 22601.0812 30618.1392 6.4154
v 22601.0812 30618.1392 6.4154
v 22601.0812 30618.1392 6.4154
v 22601.0812 30618.1392 6.4154
v 22601.0812 30618.1392 6.4154
v 22572.5034 30592.6570 9.7167
v 22572.5034 30592.6570 9.7167
v 22572.5034 30592.6570 9.7167
v 22572.5034 30592.6570 9.7167
v 22572.5034 30592.6570 9.7167
v 22572.5034 30592.6570 9.7167
v 22572.5034 30592.6570 9.7167
v 22572.5034 30592.6570 9.7167
v 22572.5034 30592.6570 9.7167
v 22523.7804 30573.7583 12.7550
v 22523.7804 30573.7583 12.7550
v 22523.7804 30573.7583 12.7550
v 22523.7804 30573.7583 12.7550
v 22523.7804 30573.7583 12.7550
v 22522.1442 30571.7068 12.7550
v 22522.1442 30571.7068 12.7550
v 22522.1442 30571.7068 12.7550
v 22522.1442 30571.7068 12.7550
v 22522.1442 30571.7068 12.7550
v 22522.1442 30571.7068 12.7550
v 22524.0486 30564.1688 12.7550
v 22524.0486 30564.1688 12.7550
v 22524.0486 30564.1688 12.7550
v 22524.0486 30564.1688 12.7550
v 22524.0486 30564.1688 12.7550
v 22524.0486 30564.1688 12.7550
v 22524.0486 30564.1688 12.7550
v 22520.3742 30563.0899 12.7550
v 22520.3742 30563.0899 12.7550
v 22520.3742 30563.0899 12.7550
v 22520.3742 30563.0899 12.7550
v 22520.3742 30563.0899 12.7550
v 22520.3742 30563.0899 12.7550
v 22520.3742 30563.0899 12.7550
v 22519.7800 30570.5683 12.7550
v 22519.7800 30570.5683 12.7550
v 22519.7800 30570.5683 12.7550
v 22519.7800 30570.5683 12.7550
v 22519.7800 30570.5683 12.7550
v 22517.1559 30570.5684 12.7550
v 22517.1559 30570.5684 12.7550
v 22517.1559 30570.5684 12.7550
v 22517.1559 30570.5684 12.7550
v 22517.1559 30570.5684 12.7550
v 22517.1559 30570.5684 12.7550
v 22516.5459 30563.0898 12.7551
v 22516.5459 30563.0898 12.7551
v 22516.5459 30563.0898 12.7551
v 22516.5459 30563.0898 12.7551
v 22516.5459 30563.0898 12.7551
v 22516.5459 30563.0898 12.7551
v 22516.5459 30563.0898 12.7551
v 22514.7918 30571.7070 12.7550
v 22514.7918 30571.7070 12.7550
v 22514.7918 30571.7070 12.7550
v 22514.7918 30571.7070 12.7550
v 22514.7918 30571.7070 12.7550
v 22513.1558 30573.7586 12.7550
v 22513.1558 30573.7586 12.7550
v 22513.1558 30573.7586 12.7550
v 22513.1558 30573.7586 12.7550
v 22513.1558 30573.7586 12.7550
v 22512.8714 30564.1685 12.7551
v 22512.8714 30564.1685 12.7551
v 22512.8714 30564.1685 12.7551
v 22512.8714 30564.1685 12.7551
v 22512.8714 30564.1685 12.7551
v 22512.8714 30564.1685 12.7551
v 22512.8714 30564.1685 12.7551
v 22512.2689 30561.1360 14.3131
v 22512.2689 30561.1360 14.3131
v 22512.2689 30561.1360 14.3131
v 22512.2689 30561.1360 14.3131
v 22512.2689 30561.1360 14.3131
v 22512.2689 30561.1360 14.3131
v 22512.4233 30564.4566 12.7551
v 22512.4233 30564.4566 12.7551
v 22512.4233 30564.4566 12.7551
v 22512.4233 30564.4566 12.7551
v 22512.4233 30564.4566 12.7551
v 22512.8628 30573.9114 14.0273
v 22512.8628 30573.9114 14.0273
v 22512.8628 30573.9114 14.0273
v 22512.8628 30573.9114 14.0273
v 22512.8628 30573.9114 14.0273
v 22512.8628 30573.9114 12.7550
v 22512.8628 30573.9114 12.7550
v 22512.8628 30573.9114 12.7550
v 22512.8628 30573.9114 12.7550
v 22512.8628 30573.9114 12.7550
v 22512.8879 30574.9324 12.7550
v 22512.8879 30574.9324 12.7550
v 22512.8879 30574.9324 12.7550
v 22512.8879 30574.9324 12.7550
v 22512.8879 30574.9324 12.7550
v 22513.1558 30573.7586 14.0500
v 22513.1558 30573.7586 14.0500
v 22513.1558 30573.7586 14.0500
v 22513.1558 30573.7586 14.0500
v 22513.1558 30573.7586 14.0500
v 22513.1558 30573.7586 14.0500
v 22513.1558 30573.7586 14.0500
v 22514.7918 30571.7070 14.0500
v 22514.7918 30571.7070 14.0500
v 22514.7918 30571.7070 14.0500
v 22514.7918 30571.7070 14.0500
v 22514.7918 30571.7070 14.0500
v 22517.1560 30570.5684 14.0500
v 22517.1560 30570.5684 14.0500
v 22517.1560 30570.5684 14.0500
v 22517.1560 30570.5684 14.0500
v 22517.1560 30570.5684 14.0500
v 22519.7800 30570.5683 14.0500
v 22519.7800 30570.5683 14.0500
v 22519.7800 30570.5683 14.0500
v 22519.7800 30570.5683 14.0500
v 22519.7800 30570.5683 14.0500
v 22522.1442 30571.7068 14.0500
v 22522.1442 30571.7068 14.0500
v 22522.1442 30571.7068 14.0500
v 22522.1442 30571.7068 14.0500
v 22522.1442 30571.7068 14.0500
v 22523.7804 30573.7583 14.0500
v 22523.7804 30573.7583 14.0500
v 22523.7804 30573.7583 14.0500
v 22523.7804 30573.7583 14.0500
v 22523.7804 30573.7583 14.0500
v 22523.7805 30578.8748 14.0499
v 22523.7805 30578.8748 14.0499
v 22523.7805 30578.8748 14.0499
v 22523.7805 30578.8748 14.0499
v 22523.7805 30578.8748 14.0499
v 22524.3643 30576.3165 14.0499
v 22524.3643 30576.3165 14.0499
v 22524.3643 30576.3165 14.0499
v 22524.3643 30576.3165 14.0499
v 22524.3643 30576.3165 14.0499
v 22523.7805 30578.8748 12.7549
v 22523.7805 30578.8748 12.7549
v 22523.7805 30578.8748 12.7549
v 22523.7805 30578.8748 12.7549
v 22523.7805 30578.8748 12.7549
v 22524.3643 30576.3165 12.7549
v 22524.3643 30576.3165 12.7549
v 22524.3643 30576.3165 12.7549
v 22524.3643 30576.3165 12.7549
v 22524.3643 30576.3165 12.7549
v 22524.3643 30576.3165 12.7549
v 22524.3643 30576.3165 12.7549
v 22524.3643 30576.3165 12.7549
v 22527.2700 30566.2387 12.7550
v 22527.2700 30566.2387 12.7550
v 22527.2700 30566.2387 12.7550
v 22527.2700 30566.2387 12.7550
v 22527.2700 30566.2387 12.7550
v 22527.2700 30566.2387 12.7550
v 22532.8274 30585.4638 12.7549
v 22532.8274 30585.4638 12.7549
v 22532.8274 30585.4638 12.7549
v 22532.8274 30585.4638 12.7549
v 22532.8274 30585.4638 12.7549
v 22532.8274 30585.4638 12.7549
v 22532.8274 30585.4638 12.7549
v 22532.8274 30585.4638 12.7549
v 22532.8274 30585.4638 12.7549
v 22532.8274 30585.4638 12.7549
v 22529.7777 30569.1325 12.7550
v 22529.7777 30569.1325 12.7550
v 22529.7777 30569.1325 12.7550
v 22529.7777 30569.1325 12.7550
v 22529.7777 30569.1325 12.7550
v 22531.3674 30572.6154 12.7549
v 22531.3674 30572.6154 12.7549
v 22531.3674 30572.6154 12.7549
v 22531.3674 30572.6154 12.7549
v 22531.3674 30572.6154 12.7549
v 22531.9128 30576.4052 12.7549
v 22531.9128 30576.4052 12.7549
v 22531.9128 30576.4052 12.7549
v 22531.9128 30576.4052 12.7549
v 22558.4943 30587.3642 11.4020
v 22558.4943 30587.3642 11.4020
v 22558.4943 30587.3642 11.4020
v 22558.4943 30587.3642 11.4020
v 22558.4655 30587.3678 11.4199
v 22558.4655 30587.3678 11.4199
v 22558.4655 30587.3678 11.4199
v 22558.4655 30587.3678 11.4199
v 22558.4655 30587.3678 11.4199
v 22558.4653 30587.3653 11.4199
v 22558.4653 30587.3653 11.4199
v 22558.4653 30587.3653 11.4199
v 22558.4653 30587.3653 11.4199
v 22558.4653 30587.3653 11.4199
v 22558.4653 30587.3653 11.4199
v 22558.4653 30587.3653 11.4199
v 22558.4653 30587.3653 11.4199
v 22558.4653 30587.3653 11.4199
v 22533.8373 30570.9428 25.4449
v 22533.8373 30570.9428 25.4449
v 22533.8373 30570.9428 25.4449
v 22533.8373 30570.9428 25.4449
v 22534.5052 30588.2903 25.4449
v 22534.5052 30588.2903 25.4449
v 22534.5052 30588.2903 25.4449
v 22534.5052 30588.2903 25.4449
v 22534.5052 30588.2903 25.4449
v 22534.5052 30588.2903 25.4449
v 22534.5052 30588.2903 25.4449
v 22533.8373 30570.9427 16.5899
v 22533.8373 30570.9427 16.5899
v 22533.8373 30570.9427 16.5899
v 22533.8373 30570.9427 16.5899
v 22533.8373 30570.9427 16.5899
v 22533.8373 30570.9427 16.5899
v 22533.8373 30570.9427 16.5899
v 22534.5052 30588.2903 16.5899
v 22534.5052 30588.2903 16.5899
v 22534.5052 30588.2903 16.5899
v 22534.5052 30588.2903 16.5899
v 22534.5052 30588.2903 16.5899
v 22534.5052 30588.2903 16.5899
v 22533.5380 30569.4810 16.5900
v 22533.5380 30569.4810 16.5900
v 22533.5380 30569.4810 16.5900
v 22533.5380 30569.4810 16.5900
v 22533.5380 30569.4810 16.5900
v 22533.5380 30569.4810 16.5900
v 22533.5380 30569.4810 16.5900
v 22534.2986 30589.2495 16.5898
v 22534.2986 30589.2495 16.5898
v 22534.2986 30589.2495 16.5898
v 22534.2986 30589.2495 16.5898
v 22534.2986 30589.2495 16.5898
v 22534.2986 30589.2495 16.5898
v 22550.5719 30588.6226 16.5898
v 22550.5719 30588.6226 16.5898
v 22550.5719 30588.6226 16.5898
v 22550.5719 30588.6226 16.5898
v 22550.5719 30588.6226 16.5898
v 22550.5353 30587.6731 16.5898
v 22550.5353 30587.6731 16.5898
v 22550.5353 30587.6731 16.5898
v 22550.5353 30587.6731 16.5898
v 22550.5353 30587.6731 16.5898
v 22550.5353 30587.6731 11.4198
v 22550.5353 30587.6731 11.4198
v 22550.5353 30587.6731 11.4198
v 22550.5353 30587.6731 11.4198
v 22551.4345 30587.6385 11.4198
v 22551.4345 30587.6385 11.4198
v 22551.4345 30587.6385 11.4198
v 22551.4345 30587.6385 11.4198
v 22551.4345 30587.6385 11.4198
v 22551.4345 30587.6385 18.9448
v 22551.4345 30587.6385 18.9448
v 22551.4345 30587.6385 18.9448
v 22551.4345 30587.6385 18.9448
v 22551.4345 30587.6385 18.9448
v 22551.4345 30587.6385 18.9448
v 22551.4345 30587.6385 18.9448
v 22551.4345 30587.6385 18.9448
v 22551.4345 30587.6385 18.9448
v 22551.4521 30588.9734 18.9448
v 22551.4521 30588.9734 18.9448
v 22551.4521 30588.9734 18.9448
v 22553.4878 30588.9464 18.9448
v 22553.4878 30588.9464 18.9448
v 22553.4878 30588.9464 18.9448
v 22553.4878 30588.9464 18.9448
v 22553.4878 30588.9464 18.9448
v 22553.4698 30587.5845 18.9448
v 22553.4698 30587.5845 18.9448
v 22553.4698 30587.5845 18.9448
v 22553.4698 30587.5845 18.9448
v 22553.4698 30587.5845 18.9448
v 22553.4878 30588.9464 11.4198
v 22553.4878 30588.9464 11.4198
v 22553.4878 30588.9464 11.4198
v 22553.4878 30588.9464 11.4198
v 22553.4878 30588.9464 11.4198
v 22553.4878 30588.9464 11.4198
v 22553.4698 30587.5845 11.4198
v 22553.4698 30587.5845 11.4198
v 22553.4698 30587.5845 11.4198
v 22553.4698 30587.5845 11.4198
v 22553.4698 30587.5845 11.4198
v 22553.4698 30587.5845 11.4198
v 22552.6214 30587.5815 16.5548
v 22552.6214 30587.5815 16.5548
v 22552.6214 30587.5815 16.5548
v 22552.6214 30587.5815 16.5548
v 22552.6214 30587.5815 16.5548
v 22552.6214 30587.5815 11.4198
v 22552.6214 30587.5815 11.4198
v 22552.6214 30587.5815 11.4198
v 22552.6214 30587.5815 11.4198
v 22552.6214 30587.5815 11.4198
v 22552.6214 30587.5815 11.4198
v 22552.5064 30587.5972 11.4198
v 22552.5064 30587.5972 11.4198
v 22552.5064 30587.5972 11.4198
v 22552.5064 30587.5972 11.4198
v 22552.5033 30587.5973 11.4198
v 22552.5033 30587.5973 11.4198
v 22552.5033 30587.5973 11.4198
v 22552.5033 30587.5973 11.4198
v 22552.5033 30587.5973 11.4198
v 22552.5033 30587.5974 18.9448
v 22552.5033 30587.5974 18.9448
v 22552.5033 30587.5974 18.9448
v 22552.5033 30587.5974 18.9448
v 22552.5033 30587.5974 18.9448
v 22552.5033 30587.5974 18.9448
v 22552.5033 30587.5974 18.9448
v 22552.5033 30587.5974 18.9448
v 22552.5033 30587.5974 25.4448
v 22552.5033 30587.5974 25.4448
v 22552.5033 30587.5974 25.4448
v 22552.5033 30587.5974 25.4448
v 22551.8361 30570.2498 25.4449
v 22551.8361 30570.2498 25.4449
v 22551.8361 30570.2498 25.4449
v 22551.8361 30570.2498 25.4449
v 22551.8361 30570.2498 25.4449
v 22543.8325 30570.5579 16.5899
v 22543.8325 30570.5579 16.5899
v 22543.8325 30570.5579 16.5899
v 22543.8325 30570.5579 16.5899
v 22543.8325 30570.5579 16.5899
v 22543.8325 30570.5579 16.5899
v 22543.7758 30569.0869 16.5899
v 22543.7758 30569.0869 16.5899
v 22543.7758 30569.0869 16.5899
v 22543.7758 30569.0869 16.5899
v 22543.7758 30569.0869 16.5899
v 22543.7758 30569.0869 16.5899
v 22536.8744 30569.3526 14.2899
v 22536.8744 30569.3526 14.2899
v 22536.8744 30569.3526 14.2899
v 22536.8744 30569.3526 14.2899
v 22536.8744 30569.3526 14.2899
v 22536.8744 30569.3526 14.2899
v 22536.8744 30569.3526 14.2899
v 22543.7758 30569.0868 14.2899
v 22543.7758 30569.0868 14.2899
v 22543.7758 30569.0868 14.2899
v 22543.7758 30569.0868 14.2899
v 22543.6187 30565.0096 14.2900
v 22543.6187 30565.0096 14.2900
v 22543.6187 30565.0096 14.2900
v 22543.6187 30565.0096 14.2900
v 22543.6187 30565.0096 14.2900
v 22543.6187 30565.0096 14.2900
v 22536.7173 30565.2752 14.2900
v 22536.7173 30565.2752 14.2900
v 22536.7173 30565.2752 14.2900
v 22536.7173 30565.2752 14.2900
v 22536.7173 30565.2752 14.2900
v 22536.7173 30565.2752 14.2900
v 22536.8744 30569.3525 12.8399
v 22536.8744 30569.3525 12.8399
v 22536.8744 30569.3525 12.8399
v 22536.8744 30569.3525 12.8399
v 22536.8744 30569.3525 12.8399
v 22536.7382 30565.8182 12.8400
v 22536.7382 30565.8182 12.8400
v 22536.7382 30565.8182 12.8400
v 22536.7382 30565.8182 12.8400
v 22536.7382 30565.8182 11.4200
v 22536.7382 30565.8182 11.4200
v 22536.7382 30565.8182 11.4200
v 22536.7382 30565.8182 11.4200
v 22536.7382 30565.8182 11.4200
v 22534.1632 30565.9181 12.8400
v 22534.1632 30565.9181 12.8400
v 22534.1632 30565.9181 12.8400
v 22534.1632 30565.9181 12.8400
v 22534.1632 30565.9181 12.8400
v 22534.2997 30569.4517 12.8400
v 22534.2997 30569.4517 12.8400
v 22534.2997 30569.4517 12.8400
v 22534.2997 30569.4517 12.8400
v 22534.2997 30569.4517 12.8400
v 22534.2997 30569.4517 12.8400
v 22534.2997 30569.4517 12.8400
v 22534.2997 30569.4517 11.4200
v 22534.2997 30569.4517 11.4200
v 22534.2997 30569.4517 11.4200
v 22533.5380 30569.4810 11.4200
v 22533.5380 30569.4810 11.4200
v 22533.5380 30569.4810 11.4200
v 22533.5380 30569.4810 11.4200
v 22533.5380 30569.4810 11.4200
v 22533.5380 30569.4810 11.4200
v 22533.5380 30569.4810 11.4200
v 22534.2986 30589.2495 11.4199
v 22534.2986 30589.2495 11.4199
v 22534.2986 30589.2495 11.4199
v 22534.2986 30589.2495 11.4199
v 22534.2986 30589.2495 11.4199
v 22534.2986 30589.2495 11.4199
v 22550.5719 30588.6225 11.4198
v 22550.5719 30588.6225 11.4198
v 22550.5719 30588.6225 11.4198
v 22550.5719 30588.6225 11.4198
v 22550.5719 30588.6225 11.4198
v 22550.5719 30588.6225 11.4198
v 22550.5719 30588.6225 11.4198
v 22551.4521 30588.9734 11.4198
v 22551.4521 30588.9734 11.4198
v 22551.4521 30588.9734 11.4198
v 22551.4521 30588.9734 11.4198
v 22551.4521 30588.9734 11.4198
v 22551.4521 30588.9734 11.4198
v 22551.4521 30588.9734 11.4198
v 22551.4521 30588.9734 11.4198
v 22558.6092 30589.3952 11.4198
v 22558.6092 30589.3952 11.4198
v 22558.6092 30589.3952 11.4198
v 22558.6092 30589.3952 11.4198
v 22558.6092 30589.3952 11.4198
v 22558.6092 30589.3952 11.4198
v 22558.6092 30589.3952 11.4198
v 22558.5490 30588.4288 11.4198
v 22558.5490 30588.4288 11.4198
v 22558.5490 30588.4288 11.4198
v 22558.5490 30588.4288 11.4198
v 22558.5490 30588.4288 11.4198
v 22561.6798 30589.2543 9.5199
v 22561.6798 30589.2543 9.5199
v 22561.6798 30589.2543 9.5199
v 22561.6798 30589.2543 9.5199
v 22561.6798 30589.2543 9.5199
v 22558.5490 30588.4288 7.8661
v 22558.5490 30588.4288 7.8661
v 22558.5490 30588.4288 7.8661
v 22558.5490 30588.4288 7.8661
v 22561.6146 30588.1501 9.5199
v 22561.6146 30588.1501 9.5199
v 22561.6146 30588.1501 9.5199
v 22561.6146 30588.1501 9.5199
v 22561.6146 30588.1501 9.5199
v 22561.6146 30588.1501 9.5199
v 22561.6146 30588.1501 9.5199
v 22561.6146 30588.1501 9.5199
v 22561.6146 30588.1501 9.5199
v 22559.3309 30587.3332 10.8883
v 22559.3309 30587.3332 10.8883
v 22559.3309 30587.3332 10.8883
v 22559.3309 30587.3332 10.8883
v 22559.3309 30587.3332 10.8883
v 22559.3309 30587.3333 16.5549
v 22559.3309 30587.3333 16.5549
v 22559.3309 30587.3333 16.5549
v 22559.3309 30587.3333 16.5549
v 22559.3309 30587.3333 16.5549
v 22559.3309 30587.3333 16.5549
v 22559.3309 30587.3333 16.5549
v 22559.3309 30587.3333 16.5549
v 22552.1632 30575.1823 16.5549
v 22552.1632 30575.1823 16.5549
v 22552.1632 30575.1823 16.5549
v 22552.1632 30575.1823 16.5549
v 22556.8614 30575.0083 16.5549
v 22556.8614 30575.0083 16.5549
v 22556.8614 30575.0083 16.5549
v 22556.8614 30575.0083 16.5549
v 22556.8614 30575.0083 16.5549
v 22556.8614 30575.0083 16.5549
v 22558.9532 30577.1210 16.5549
v 22558.9532 30577.1210 16.5549
v 22558.9532 30577.1210 16.5549
v 22558.9532 30577.1210 16.5549
v 22558.9532 30577.1210 16.5549
v 22557.6703 30575.8251 11.4199
v 22557.6703 30575.8251 11.4199
v 22557.6703 30575.8251 11.4199
v 22557.6703 30575.8251 11.4199
v 22557.6703 30575.8251 11.4199
v 22557.6703 30575.8251 11.4199
v 22558.9532 30577.1209 10.8673
v 22558.9532 30577.1209 10.8673
v 22558.9532 30577.1209 10.8673
v 22558.9532 30577.1209 10.8673
v 22558.9532 30577.1209 10.8673
v 22558.9532 30577.1209 10.8673
v 22557.6703 30575.8251 11.0112
v 22557.6703 30575.8251 11.0112
v 22557.6703 30575.8251 11.0112
v 22557.6703 30575.8251 11.0112
v 22557.6621 30575.7073 11.4199
v 22557.6621 30575.7073 11.4199
v 22557.6621 30575.7073 11.4199
v 22557.6621 30575.7073 11.4199
v 22557.6621 30575.7073 11.4199
v 22556.8614 30575.0082 11.4199
v 22556.8614 30575.0082 11.4199
v 22556.8614 30575.0082 11.4199
v 22556.8614 30575.0082 11.4199
v 22556.8614 30575.0082 11.4199
v 22556.8614 30575.0082 11.4199
v 22552.1632 30575.1823 11.4199
v 22552.1632 30575.1823 11.4199
v 22552.1632 30575.1823 11.4199
v 22552.1632 30575.1823 11.4199
v 22552.1632 30575.1823 11.4199
v 22552.1632 30575.1823 11.4199
v 22552.1632 30575.1823 11.4199
v 22552.1632 30575.1823 11.4199
v 22552.1632 30575.1823 11.4199
v 22550.5032 30568.5233 11.8090
v 22550.5032 30568.5233 11.8090
v 22550.5032 30568.5233 11.8090
v 22550.5032 30568.5233 11.8090
v 22550.5032 30568.5233 11.8090
v 22550.5032 30568.5233 11.8090
v 22552.1518 30570.2376 11.4199
v 22552.1518 30570.2376 11.4199
v 22552.1518 30570.2376 11.4199
v 22552.1518 30570.2376 11.4199
v 22552.1518 30570.2376 11.4199
v 22550.5032 30568.5233 11.4199
v 22550.5032 30568.5233 11.4199
v 22550.5032 30568.5233 11.4199
v 22550.5032 30568.5233 11.4199
v 22550.5032 30568.5233 11.4199
v 22551.8361 30570.2498 11.4199
v 22551.8361 30570.2498 11.4199
v 22551.8361 30570.2498 11.4199
v 22551.8361 30570.2498 11.4199
v 22551.8361 30570.2498 11.4199
v 22551.8361 30570.2498 11.4199
v 22551.8361 30570.2498 11.4199
v 22551.8361 30570.2498 11.4199
v 22551.8361 30570.2498 11.4199
v 22551.8361 30570.2498 11.4199
v 22551.8361 30570.2498 11.4199
v 22543.8325 30570.5579 11.4199
v 22543.8325 30570.5579 11.4199
v 22543.8325 30570.5579 11.4199
v 22543.8325 30570.5579 11.4199
v 22543.8325 30570.5579 11.4199
v 22543.8325 30570.5579 11.4199
v 22543.8325 30570.5579 11.4199
v 22543.8325 30570.5579 11.4199
v 22543.8325 30570.5579 11.4199
v 22543.6187 30565.0096 11.4200
v 22543.6187 30565.0096 11.4200
v 22543.6187 30565.0096 11.4200
v 22543.6187 30565.0096 11.4200
v 22543.6187 30565.0096 11.4200
v 22536.7173 30565.2752 11.4200
v 22536.7173 30565.2752 11.4200
v 22536.7173 30565.2752 11.4200
v 22536.7173 30565.2752 11.4200
v 22536.7173 30565.2752 11.4200
v 22536.7173 30565.2752 11.4200
v 22534.1632 30565.9181 11.4200
v 22534.1632 30565.9181 11.4200
v 22534.1632 30565.9181 11.4200
v 22534.1632 30565.9181 11.4200
v 22534.1632 30565.9181 11.4200
v 22534.1632 30565.9181 11.4200
v 22534.1632 30565.9181 11.4200
v 22534.1632 30565.9181 11.4200
v 22532.4799 30562.7402 11.4200
v 22532.4799 30562.7402 11.4200
v 22532.4799 30562.7402 11.4200
v 22532.4799 30562.7402 11.4200
v 22532.4799 30562.7402 11.4200
v 22532.4799 30562.7402 11.4200
v 22532.4799 30562.7402 11.4200
v 22533.4770 30587.5762 11.4199
v 22533.4770 30587.5762 11.4199
v 22533.4770 30587.5762 11.4199
v 22533.4770 30587.5762 11.4199
v 22533.4770 30587.5762 11.4199
v 22533.4770 30587.5762 11.4199
v 22533.4770 30587.5762 11.4199
v 22534.3782 30590.5068 11.4198
v 22534.3782 30590.5068 11.4198
v 22534.3782 30590.5068 11.4198
v 22534.3782 30590.5068 11.4198
v 22534.3782 30590.5068 11.4198
v 22534.3782 30590.5068 11.4198
v 22534.3782 30590.5068 11.4198
v 22534.3782 30590.5068 11.4198
v 22534.3782 30590.5068 11.4198
v 22558.6092 30589.3952 7.8677
v 22558.6092 30589.3952 7.8677
v 22558.6092 30589.3952 7.8677
v 22558.6092 30589.3952 7.8677
v 22558.6092 30589.3952 7.8677
v 22558.6092 30589.3952 7.8677
v 22558.6092 30589.3952 7.8677
v 22562.6853 30589.2082 9.5199
v 22562.6853 30589.2082 9.5199
v 22562.6853 30589.2082 9.5199
v 22562.6853 30589.2082 9.5199
v 22562.6853 30589.2082 9.5199
v 22562.5599 30587.1210 9.5199
v 22562.5599 30587.1210 9.5199
v 22562.5599 30587.1210 9.5199
v 22562.5599 30587.1210 9.5199
v 22562.5599 30587.1210 9.5199
v 22561.5541 30587.1582 9.5199
v 22561.5541 30587.1582 9.5199
v 22561.5541 30587.1582 9.5199
v 22561.5541 30587.1582 9.5199
v 22561.5541 30587.1582 9.5199
v 22559.3297 30587.3011 10.8879
v 22559.3297 30587.3011 10.8879
v 22559.3297 30587.3011 10.8879
v 22559.3297 30587.3011 10.8879
v 22559.3297 30587.3011 10.8879
v 22559.3297 30587.3011 10.8879
v 22559.3297 30587.3011 10.8879
v 22558.9605 30577.3177 10.8560
v 22558.9605 30577.3177 10.8560
v 22558.9605 30577.3177 10.8560
v 22558.9605 30577.3177 10.8560
v 22558.9605 30577.3177 10.8560
v 22558.9605 30577.3177 10.8560
v 22558.9605 30577.3177 10.8560
v 22558.9605 30577.3177 10.8560
v 22571.0523 30589.8915 9.4795
v 22571.0523 30589.8915 9.4795
v 22571.0523 30589.8915 9.4795
v 22571.0523 30589.8915 9.4795
v 22571.0523 30589.8915 9.4795
v 22571.0523 30589.8915 9.4795
v 22571.0523 30589.8915 9.4795
v 22557.6621 30575.7073 11.0182
v 22557.6621 30575.7073 11.0182
v 22557.6621 30575.7073 11.0182
v 22557.6621 30575.7073 11.0182
v 22557.6621 30575.7073 11.0182
v 22557.6621 30575.7073 11.0182
v 22554.0738 30572.0988 11.4199
v 22554.0738 30572.0988 11.4199
v 22554.0738 30572.0988 11.4199
v 22554.0738 30572.0988 11.4199
v 22554.0738 30572.0988 11.4199
v 22554.0072 30572.1670 11.4199
v 22554.0072 30572.1670 11.4199
v 22554.0072 30572.1670 11.4199
v 22554.0072 30572.1670 11.4199
v 22554.0072 30572.1670 11.4199
v 22554.0072 30572.1670 11.4199
v 22554.0072 30572.1670 11.4199
v 22554.0072 30572.1670 11.4199
v 22550.4935 30568.5131 11.8199
v 22550.4935 30568.5131 11.8199
v 22550.4935 30568.5131 11.8199
v 22550.4935 30568.5131 11.8199
v 22550.4935 30568.5131 11.8199
v 22550.4935 30568.5131 11.8087
v 22550.4935 30568.5131 11.8087
v 22550.4935 30568.5131 11.8087
v 22550.4935 30568.5131 11.8087
v 22550.4935 30568.5131 11.8087
v 22550.4972 30568.5289 11.8090
v 22550.4972 30568.5289 11.8090
v 22550.4972 30568.5289 11.8090
v 22550.4972 30568.5289 11.8090
v 22550.4972 30568.5289 11.8090
v 22550.4972 30568.5289 11.4199
v 22550.4972 30568.5289 11.4199
v 22550.4972 30568.5289 11.4199
v 22550.4972 30568.5289 11.4199
v 22550.4972 30568.5289 11.4199
v 22550.4972 30568.5289 11.4199
v 22549.2936 30567.3364 11.4200
v 22549.2936 30567.3364 11.4200
v 22549.2936 30567.3364 11.4200
v 22549.3602 30569.3248 11.4199
v 22549.3602 30569.3248 11.4199
v 22549.3602 30569.3248 11.4199
v 22549.3602 30569.3248 11.4199
v 22549.3602 30569.3248 11.4199
v 22549.3602 30569.3248 11.4199
v 22549.3602 30569.3248 11.4199
v 22545.1598 30567.6402 11.4200
v 22545.1598 30567.6402 11.4200
v 22545.1598 30567.6402 11.4200
v 22545.1598 30567.6402 11.4200
v 22545.1598 30567.6402 11.4200
v 22545.1598 30567.6402 11.4200
v 22545.9577 30567.2460 11.4200
v 22545.9577 30567.2460 11.4200
v 22545.9577 30567.2460 11.4200
v 22545.0898 30565.7936 11.5859
v 22545.0898 30565.7936 11.5859
v 22545.0898 30565.7936 11.5859
v 22545.0898 30565.7936 11.5859
v 22545.0898 30565.7936 11.5859
v 22545.0898 30565.7936 11.5859
v 22545.0898 30565.7936 11.4200
v 22545.0898 30565.7936 11.4200
v 22545.0898 30565.7936 11.4200
v 22544.7117 30564.9963 11.4200
v 22544.7117 30564.9963 11.4200
v 22544.7117 30564.9963 11.4200
v 22544.7117 30564.9963 11.4200
v 22544.7117 30564.9963 11.4200
v 22544.7117 30564.9963 11.4200
v 22544.7117 30564.9963 11.4200
v 22538.1167 30563.7696 11.4200
v 22538.1167 30563.7696 11.4200
v 22538.1167 30563.7696 11.4200
v 22538.1167 30563.7696 11.4200
v 22538.1167 30563.7696 11.4200
v 22538.1167 30563.7696 11.4200
v 22538.1167 30563.7696 11.4200
v 22538.1167 30563.7696 11.4200
v 22530.4799 30553.6479 13.0591
v 22530.4799 30553.6479 13.0591
v 22530.4799 30553.6479 13.0591
v 22530.4799 30553.6479 13.0591
v 22538.1167 30563.7696 12.3710
v 22538.1167 30563.7696 12.3710
v 22538.1167 30563.7696 12.3710
v 22538.1167 30563.7696 12.3710
v 22538.1167 30563.7696 12.3710
v 22529.0831 30562.1200 13.1938
v 22529.0831 30562.1200 13.1938
v 22529.0831 30562.1200 13.1938
v 22529.0831 30562.1200 13.1938
v 22529.0831 30562.1200 13.1938
v 22529.0831 30562.1200 13.1938
v 22529.0831 30562.1200 13.1938
v 22529.0831 30562.1200 13.1938
v 22529.0816 30562.1289 0.0003
v 22529.0816 30562.1289 0.0003
v 22529.0816 30562.1289 0.0003
v 22529.0816 30562.1289 0.0003
v 22529.0831 30562.1199 0.0003
v 22529.0831 30562.1199 0.0003
v 22532.4798 30562.7402 0.0003
v 22532.4798 30562.7402 0.0003
v 22532.4798 30562.7402 0.0003
v 22533.4770 30587.5761 0.0001
v 22533.4770 30587.5761 0.0001
v 22533.4770 30587.5761 0.0001
v 22533.4770 30587.5761 0.0001
v 22532.8273 30585.4638 0.0001
v 22532.8273 30585.4638 0.0001
v 22531.9128 30576.4051 0.0002
v 22531.9128 30576.4051 0.0002
v 22531.9128 30576.4051 0.0002
v 22531.3674 30572.6153 0.0002
v 22531.3674 30572.6153 0.0002
v 22531.3674 30572.6153 0.0002
v 22529.7776 30569.1324 0.0002
v 22529.7776 30569.1324 0.0002
v 22529.7776 30569.1324 0.0002
v 22527.2700 30566.2386 0.0003
v 22527.2700 30566.2386 0.0003
v 22527.2700 30566.2386 0.0003
v 22524.0485 30564.1687 0.0003
v 22524.0485 30564.1687 0.0003
v 22524.0485 30564.1687 0.0003
v 22520.3741 30563.0898 0.0004
v 22520.3741 30563.0898 0.0004
v 22520.3741 30563.0898 0.0004
v 22516.5459 30563.0897 0.0004
v 22516.5459 30563.0897 0.0004
v 22516.5459 30563.0897 0.0004
v 22512.8713 30564.1684 0.0004
v 22512.8713 30564.1684 0.0004
v 22512.8713 30564.1684 0.0004
v 22512.4232 30564.4565 0.0004
v 22512.4232 30564.4565 0.0004
v 22512.4232 30564.4565 0.0004
v 22512.4232 30564.4565 0.0004
v 22512.2689 30561.1359 0.0004
v 22512.2689 30561.1359 0.0004
v 22512.2689 30561.1359 0.0004
v 22512.2827 30561.1351 0.0004
v 22512.2827 30561.1351 0.0004
v 22512.2827 30561.1351 0.0004
v 22512.2827 30561.1353 14.3216
v 22512.2827 30561.1353 14.3216
v 22512.2827 30561.1353 14.3216
v 22512.2827 30561.1353 14.3216
v 22512.2827 30561.1353 14.3216
v 22512.2827 30561.1353 14.3216
v 22504.4369 30561.5684 14.3131
v 22504.4369 30561.5684 14.3131
v 22504.4369 30561.5684 14.3131
v 22504.4369 30561.5684 14.3131
v 22504.4369 30561.5684 14.3131
v 22504.4369 30561.5684 14.3131
v 22504.4369 30561.5684 14.3131
v 22504.4369 30561.5684 14.3131
v 22512.8879 30574.9324 13.9597
v 22512.8879 30574.9324 13.9597
v 22512.8879 30574.9324 13.9597
v 22512.8879 30574.9324 13.9597
v 22512.8879 30574.9324 13.9597
v 22512.8879 30574.9324 13.9597
v 22512.8879 30574.9324 13.9597
v 22512.5719 30576.3169 14.0500
v 22512.5719 30576.3169 14.0500
v 22512.5719 30576.3169 14.0500
v 22512.5719 30576.3169 14.0500
v 22512.5719 30576.3169 14.0500
v 22512.5719 30576.3169 14.0500
v 22512.5719 30576.3169 14.0500
v 22513.1559 30578.8751 14.0500
v 22513.1559 30578.8751 14.0500
v 22513.1559 30578.8751 14.0500
v 22513.1559 30578.8751 14.0500
v 22513.1559 30578.8751 14.0500
v 22514.7920 30580.9266 14.0500
v 22514.7920 30580.9266 14.0500
v 22514.7920 30580.9266 14.0500
v 22514.7920 30580.9266 14.0500
v 22514.7920 30580.9266 14.0500
v 22514.7920 30580.9266 14.0500
v 22514.7920 30580.9266 14.0500
v 22514.7920 30580.9266 14.0500
v 22514.7920 30580.9266 14.0500
v 22514.7920 30580.9266 14.0500
v 22514.7920 30580.9266 14.0500
v 22514.7920 30580.9266 14.0500
v 22514.7920 30580.9266 14.0500
v 22514.7920 30580.9266 14.0500
v 22514.7920 30580.9266 14.0500
v 22514.7920 30580.9266 14.0500
v 22514.7920 30580.9266 14.0500
v 22522.1445 30580.9264 14.0499
v 22522.1445 30580.9264 14.0499
v 22522.1445 30580.9264 14.0499
v 22522.1445 30580.9264 14.0499
v 22522.1445 30580.9264 14.0499
v 22519.7803 30582.0650 14.0499
v 22519.7803 30582.0650 14.0499
v 22519.7803 30582.0650 14.0499
v 22519.7803 30582.0650 14.0499
v 22519.7803 30582.0650 14.0499
v 22517.1563 30582.0651 14.0499
v 22517.1563 30582.0651 14.0499
v 22517.1563 30582.0651 14.0499
v 22517.1563 30582.0651 14.0499
v 22517.1563 30582.0651 14.0499
v 22517.1563 30582.0651 14.0499
v 22517.1563 30582.0651 14.0499
v 22517.1563 30582.0651 12.9611
v 22517.1563 30582.0651 12.9611
v 22517.1563 30582.0651 12.9611
v 22517.1563 30582.0651 12.9611
v 22517.1563 30582.0651 12.9611
v 22517.1563 30582.0651 12.9611
v 22515.8168 30581.4201 13.2114
v 22515.8168 30581.4201 13.2114
v 22515.8168 30581.4201 13.2114
v 22515.8168 30581.4201 13.2114
v 22515.8168 30581.4201 13.2114
v 22518.0892 30588.8121 12.7549
v 22518.0892 30588.8121 12.7549
v 22518.0892 30588.8121 12.7549
v 22518.0892 30588.8121 12.7549
v 22518.0892 30588.8121 12.7549
v 22518.2738 30582.0651 12.7549
v 22518.2738 30582.0651 12.7549
v 22518.2738 30582.0651 12.7549
v 22518.2738 30582.0651 12.7549
v 22519.7803 30582.0650 12.7549
v 22519.7803 30582.0650 12.7549
v 22519.7803 30582.0650 12.7549
v 22519.7803 30582.0650 12.7549
v 22519.7803 30582.0650 12.7549
v 22519.7803 30582.0650 12.7549
v 22522.1445 30580.9264 12.7549
v 22522.1445 30580.9264 12.7549
v 22522.1445 30580.9264 12.7549
v 22522.1445 30580.9264 12.7549
v 22522.1445 30580.9264 12.7549
v 22522.1445 30580.9264 12.7549
v 22534.4064 30590.5983 12.7548
v 22534.4064 30590.5983 12.7548
v 22534.4064 30590.5983 12.7548
v 22534.4064 30590.5983 12.7548
v 22534.4064 30590.5983 12.7548
v 22534.4064 30590.5983 12.7548
v 22534.4064 30590.5983 12.7548
v 22534.4064 30590.5983 12.7548
v 22534.4064 30590.5983 12.7548
v 22534.4064 30590.5983 12.7548
v 22534.4064 30590.5983 12.7548
v 22534.4064 30590.5983 12.7548
v 22534.4064 30590.5983 12.7548
v 22534.4064 30590.5983 12.7548
v 22534.4064 30590.5983 12.7548
v 22534.4064 30590.5983 12.7548
v 22534.3569 30590.6046 0.0001
v 22534.3569 30590.6046 0.0001
v 22534.3569 30590.6046 0.0001
v 22534.3569 30590.6046 0.0001
v 22534.4063 30590.5982 0.0001
v 22534.4063 30590.5982 0.0001
v 22534.3782 30590.5068 0.0001
v 22534.3782 30590.5068 0.0001
v 22534.3782 30590.5068 0.0001
v 22562.6854 30589.2082 0.0001
v 22562.6854 30589.2082 0.0001
v 22562.6854 30589.2082 0.0001
v 22562.6854 30589.2082 0.0001
v 22562.5599 30587.1210 0.0001
v 22562.5599 30587.1210 0.0001
v 22562.5599 30587.1210 0.0001
v 22562.5599 30587.1210 0.0001
v 22561.5541 30587.1581 0.0001
v 22561.5541 30587.1581 0.0001
v 22561.5541 30587.1581 0.0001
v 22559.3297 30587.3011 0.0001
v 22559.3297 30587.3011 0.0001
v 22559.3297 30587.3011 0.0001
v 22558.9605 30577.3176 0.0001
v 22558.9605 30577.3176 0.0001
v 22571.0523 30589.8915 0.0001
v 22571.0523 30589.8915 0.0001
v 22571.0523 30589.8915 0.0001
v 22571.8610 30590.7058 0.0001
v 22571.8610 30590.7058 0.0001
v 22571.8610 30590.7058 0.0001
v 22571.8610 30590.7058 9.6476
v 22571.8610 30590.7058 9.6476
v 22571.8610 30590.7058 9.6476
v 22571.8610 30590.7058 9.6476
v 22571.8610 30590.7058 9.6476
v 22571.8610 30590.7058 9.6476
v 22572.3062 30591.5539 0.0001
v 22572.3062 30591.5539 0.0001
v 22572.3062 30591.5539 0.0001
v 22572.3061 30591.5539 9.7163
v 22572.3061 30591.5539 9.7163
v 22572.3061 30591.5539 9.7163
v 22572.3061 30591.5539 9.7163
v 22572.3061 30591.5539 9.7163
v 22572.3061 30591.5539 9.7163
v 22572.5034 30592.6569 0.0001
v 22572.5034 30592.6569 0.0001
v 22572.5034 30592.6569 0.0001
v 22573.6940 30618.5807 0.0000
v 22573.6940 30618.5807 0.0000
v 22573.6940 30618.5807 0.0000
v 22573.6940 30618.5807 0.0000
v 22572.5894 30618.6307 0.0000
v 22572.5894 30618.6307 0.0000
v 22572.9447 30626.5081 0.0000
v 22572.9447 30626.5081 0.0000
v 22572.9447 30626.5081 0.0000
v 22572.9447 30626.5081 0.0000
v 22572.9446 30626.5081 10.6500
v 22572.9446 30626.5081 10.6500
v 22572.9446 30626.5081 10.6500
v 22572.9446 30626.5081 10.6500
v 22572.9446 30626.5081 10.6500
v 22572.9446 30626.5081 10.6500
v 22578.6960 30626.2807 10.6518
v 22578.6960 30626.2807 10.6518
v 22578.6960 30626.2807 10.6518
v 22578.6960 30626.2807 10.6518
v 22578.6960 30626.2807 11.4549
v 22578.6960 30626.2807 11.4549
v 22578.6960 30626.2807 11.4549
v 22578.6960 30626.2807 11.4549
v 22578.6960 30626.2807 11.4549
v 22578.6960 30626.2807 11.4549
v 22582.5593 30626.1280 11.4549
v 22582.5593 30626.1280 11.4549
v 22582.5593 30626.1280 11.4549
v 22582.5593 30626.1280 11.4549
v 22582.5122 30624.8879 11.4549
v 22582.5122 30624.8879 11.4549
v 22582.5122 30624.8879 11.4549
v 22582.5122 30624.8879 11.4549
v 22582.5122 30624.8879 11.4549
v 22582.5122 30624.8879 11.4549
v 22582.5122 30624.8879 11.4549
v 22582.5118 30624.8877 98.0099
v 22582.5118 30624.8877 98.0099
v 22582.5118 30624.8877 98.0099
v 22582.5118 30624.8877 98.0099
v 22582.5118 30624.8877 98.0099
v 22582.5118 30624.8877 98.0099
v 22583.0334 30638.6193 98.0100
v 22583.0334 30638.6193 98.0100
v 22583.0334 30638.6193 98.0100
v 22583.0334 30638.6193 98.0100
v 22583.0334 30638.6193 98.0100
v 22583.0334 30638.6193 98.0100
v 22583.0334 30638.6193 98.0100
v 22583.0334 30638.6193 98.0100
v 22583.0334 30638.6193 98.0100
v 22583.0334 30638.6193 98.0100
v 22583.0334 30638.6193 98.0100
v 22583.0334 30638.6193 98.0100
v 22583.0334 30638.6193 98.0100
v 22583.0334 30638.6193 98.0100
v 22582.5703 30626.4276 92.0349
v 22582.5703 30626.4276 92.0349
v 22582.5703 30626.4276 92.0349
v 22582.5703 30626.4276 92.0349
v 22582.5703 30626.4276 92.0349
v 22582.5703 30626.4276 92.0349
v 22524.8738 30628.7086 92.0349
v 22524.8738 30628.7086 92.0349
v 22524.8738 30628.7086 92.0349
v 22524.8738 30628.7086 92.0349
v 22524.8738 30628.7086 92.0349
v 22524.8738 30628.7086 92.0349
v 22524.8738 30628.7086 92.0349
v 22524.9537 30631.8896 92.0349
v 22524.9537 30631.8896 92.0349
v 22524.9537 30631.8896 92.0349
v 22524.9537 30631.8896 92.0349
v 22525.6688 30631.8664 97.9499
v 22525.6688 30631.8664 97.9499
v 22525.6688 30631.8664 97.9499
v 22525.6688 30631.8664 97.9499
v 22525.6688 30631.8664 97.9499
v 22525.6688 30631.8664 97.9499
v 22525.6688 30631.8664 97.9499
v 22525.6688 30631.8664 97.9499
v 22525.6688 30631.8664 97.9499
v 22525.6688 30631.8664 97.9499
v 22525.6688 30631.8664 97.9499
v 22525.6688 30631.8664 97.9499
v 22521.4391 30634.8863 97.9499
v 22521.4391 30634.8863 97.9499
v 22521.4391 30634.8863 97.9499
v 22521.4391 30634.8863 97.9499
v 22521.4391 30634.8863 97.9499
v 22521.4391 30634.8863 97.9499
v 22521.4391 30634.8863 97.9499
v 22519.4527 30634.9555 97.9499
v 22519.4527 30634.9555 97.9499
v 22519.4527 30634.9555 97.9499
v 22519.4527 30634.9555 97.9499
v 22519.4527 30634.9555 97.9499
v 22519.4527 30634.9555 97.9499
v 22519.4527 30634.9555 97.9499
v 22519.0872 30635.4407 97.9499
v 22519.0872 30635.4407 97.9499
v 22519.0872 30635.4407 97.9499
v 22519.0872 30635.4407 97.9499
v 22519.0872 30635.4407 97.9499
v 22519.0872 30635.4407 97.9499
v 22516.7211 30635.5254 97.9499
v 22516.7211 30635.5254 97.9499
v 22516.7211 30635.5254 97.9499
v 22516.7211 30635.5254 97.9499
v 22516.7211 30635.5254 97.9499
v 22516.7927 30637.5270 97.9499
v 22516.7927 30637.5270 97.9499
v 22516.7927 30637.5270 97.9499
v 22516.7927 30637.5270 97.9499
v 22516.7927 30637.5270 97.9499
v 22516.7927 30637.5270 97.9499
v 22516.7927 30637.5270 97.9499
v 22516.7927 30637.5270 97.9499
v 22513.6890 30638.3460 97.9499
v 22513.6890 30638.3460 97.9499
v 22513.6890 30638.3460 97.9499
v 22513.6890 30638.3460 97.9499
v 22513.6890 30638.3460 97.9499
v 22513.6890 30638.3460 97.9499
v 22513.6890 30638.3460 97.9499
v 22509.2872 30643.1476 97.9500
v 22509.2872 30643.1476 97.9500
v 22509.2872 30643.1476 97.9500
v 22509.2872 30643.1476 97.9500
v 22509.2872 30643.1476 97.9500
v 22509.2872 30643.1476 97.9500
v 22509.2872 30643.1476 97.9500
v 22509.2872 30643.1476 97.9500
v 22509.2872 30643.1476 97.9500
v 22509.2872 30643.1476 97.9500
v 22508.9833 30633.7795 97.9500
v 22508.9833 30633.7795 97.9500
v 22508.9833 30633.7795 97.9500
v 22508.9833 30633.7795 97.9500
v 22508.9833 30633.7795 97.9500
v 22509.1949 30640.3043 92.0350
v 22509.1949 30640.3043 92.0350
v 22509.1949 30640.3043 92.0350
v 22509.1949 30640.3043 92.0350
v 22509.1949 30640.3043 92.0350
v 22509.1949 30640.3043 92.0350
v 22509.1949 30640.3043 92.0350
v 22509.2047 30640.6044 92.0350
v 22509.2047 30640.6044 92.0350
v 22509.2047 30640.6044 92.0350
v 22509.2047 30640.6044 92.0350
v 22509.2047 30640.6044 88.4350
v 22509.2047 30640.6044 88.4350
v 22509.2047 30640.6044 88.4350
v 22509.2047 30640.6044 88.4350
v 22509.2047 30640.6044 88.4350
v 22509.2047 30640.6044 88.4350
v 22509.2047 30640.6044 88.4350
v 22506.3038 30640.8290 88.4350
v 22506.3038 30640.8290 88.4350
v 22506.3038 30640.8290 88.4350
v 22506.3038 30640.8290 88.4350
v 22507.6896 30674.2827 88.4352
v 22507.6896 30674.2827 88.4352
v 22507.6896 30674.2827 88.4352
v 22507.6896 30674.2827 88.4352
v 22507.6896 30674.2827 88.4352
v 22507.6896 30674.2827 88.4352
v 22507.6896 30674.2827 88.4352
v 22511.1420 30674.1956 88.4352
v 22511.1420 30674.1956 88.4352
v 22511.1420 30674.1956 88.4352
v 22511.1420 30674.1956 88.4352
v 22511.1420 30674.1956 88.4352
v 22511.1420 30674.1956 88.4352
v 22511.1420 30674.1956 88.4352
v 22515.0902 30674.0960 88.4352
v 22515.0902 30674.0960 88.4352
v 22515.0902 30674.0960 88.4352
v 22514.9902 30671.6251 88.4352
v 22514.9902 30671.6251 88.4352
v 22514.9902 30671.6251 88.4352
v 22514.9902 30671.6251 88.4352
v 22514.9902 30671.6251 88.4352
v 22514.9902 30671.6251 88.4352
v 22514.9902 30671.6251 88.4352
v 22514.9902 30671.6251 88.4352
v 22514.9902 30671.6251 88.4352
v 22515.2899 30671.6130 91.6652
v 22515.2899 30671.6130 91.6652
v 22515.2899 30671.6130 91.6652
v 22515.2899 30671.6130 91.6652
v 22515.2899 30671.6130 91.6652
v 22515.2899 30671.6130 91.6652
v 22515.5278 30677.4893 91.6652
v 22515.5278 30677.4893 91.6652
v 22515.5278 30677.4893 91.6652
v 22515.5278 30677.4893 91.6652
v 22515.6831 30681.3266 91.6653
v 22515.6831 30681.3266 91.6653
v 22515.6831 30681.3266 91.6653
v 22515.6831 30681.3266 91.6653
v 22515.6831 30681.3266 91.6653
v 22515.6831 30681.3266 91.6653
v 22515.6831 30681.3266 91.6653
v 22528.7136 30680.7990 92.1652
v 22528.7136 30680.7990 92.1652
v 22528.7136 30680.7990 92.1652
v 22528.7136 30680.7990 92.1652
v 22528.7136 30680.7990 92.1652
v 22528.7136 30680.7990 92.1652
v 22528.7136 30680.7990 92.1652
v 22528.3219 30671.0865 92.1651
v 22528.3219 30671.0865 92.1651
v 22528.3219 30671.0865 92.1651
v 22528.6217 30671.0744 92.1651
v 22528.6217 30671.0744 92.1651
v 22528.6217 30671.0744 92.1651
v 22528.6217 30671.0744 92.1651
v 22528.6217 30671.0744 92.1651
v 22528.6217 30671.0744 92.1651
v 22528.7649 30674.6272 92.0351
v 22528.7649 30674.6272 92.0351
v 22528.7649 30674.6272 92.0351
v 22528.7649 30674.6272 92.0351
v 22528.7649 30674.6272 92.0351
v 22528.7649 30674.6272 92.0351
v 22528.7770 30674.9270 92.0351
v 22528.7770 30674.9270 92.0351
v 22528.7770 30674.9270 92.0351
v 22528.7770 30674.9270 92.0351
v 22528.7770 30674.9270 92.0351
v 22528.7768 30674.9278 8.0751
v 22528.7768 30674.9278 8.0751
v 22528.7768 30674.9278 8.0751
v 22528.7768 30674.9278 8.0751
v 22528.7768 30674.9278 8.0751
v 22569.0319 30673.9111 8.0751
v 22569.0319 30673.9111 8.0751
v 22569.0319 30673.9111 8.0751
v 22569.0319 30673.9111 8.0751
v 22569.0319 30673.9111 8.0751
v 22569.0319 30673.9111 8.0751
v 22565.1156 30674.7093 8.0751
v 22565.1156 30674.7093 8.0751
v 22565.1156 30674.7093 8.0751
v 22565.1156 30674.7093 8.0751
v 22565.1156 30674.7093 8.0751
v 22565.1156 30674.7093 8.0751
v 22565.1692 30676.2080 8.0751
v 22565.1692 30676.2080 8.0751
v 22565.1692 30676.2080 8.0751
v 22565.1692 30676.2080 5.6301
v 22565.1692 30676.2080 5.6301
v 22565.1692 30676.2080 5.6301
v 22565.1692 30676.2080 5.6301
v 22565.1692 30676.2080 5.6301
v 22565.1692 30676.2080 5.6301
v 22565.1692 30676.2080 5.6301
v 22565.1692 30676.2080 5.6301
v 22565.1692 30676.2080 5.6301
v 22568.4445 30677.6166 5.6302
v 22568.4445 30677.6166 5.6302
v 22568.4445 30677.6166 5.6302
v 22568.4445 30677.6166 5.6302
v 22568.4445 30677.6166 5.6302
v 22569.9863 30677.8168 5.6302
v 22569.9863 30677.8168 5.6302
v 22569.9863 30677.8168 5.6302
v 22569.9863 30677.8168 5.6302
v 22569.9863 30677.8168 5.6302
v 22569.9862 30677.8166 25.0952
v 22569.9862 30677.8166 25.0952
v 22569.9862 30677.8166 25.0952
v 22569.9862 30677.8166 25.0952
v 22581.2696 30679.2819 25.0952
v 22581.2696 30679.2819 25.0952
v 22581.2696 30679.2819 25.0952
v 22581.2696 30679.2819 25.0952
v 22581.2696 30679.2819 25.0952
v 22581.2696 30679.2819 25.0952
v 22581.0688 30680.8021 25.0953
v 22581.0688 30680.8021 25.0953
v 22581.0688 30680.8021 25.0953
v 22581.0688 30680.8021 25.0953
v 22581.0688 30680.8021 25.0953
v 22581.0688 30680.8021 25.0953
v 22581.0688 30680.8021 25.0953
v 22587.8794 30715.6284 25.0958
v 22587.8794 30715.6284 25.0958
v 22587.8794 30715.6284 25.0958
v 22587.8794 30715.6284 25.0958
v 22587.8794 30715.6284 25.0958
v 22587.8794 30715.6284 25.0958
v 22587.8794 30715.6284 25.0958
v 22587.8796 30715.6287 5.4608
v 22587.8796 30715.6287 5.4608
v 22587.8796 30715.6287 5.4608
v 22587.8796 30715.6287 5.4608
v 22587.9176 30716.7396 5.4608
v 22587.9176 30716.7396 5.4608
v 22587.9176 30716.7396 5.4608
v 22587.9176 30716.7396 5.4608
v 22587.9176 30716.7396 5.4608
v 22587.9176 30716.7396 5.4608
v 22587.9175 30716.7392 29.8508
v 22587.9175 30716.7392 29.8508
v 22587.9175 30716.7392 29.8508
v 22587.9175 30716.7392 29.8508
v 22587.9175 30716.7392 29.8508
v 22587.9175 30716.7392 29.8508
v 22587.9175 30716.7392 29.8508
v 22591.3568 30715.3817 29.8508
v 22591.3568 30715.3817 29.8508
v 22591.3568 30715.3817 29.8508
v 22591.3568 30715.3817 29.8508
v 22591.3568 30715.3817 29.8508
v 22591.3568 30715.3817 29.8508
v 22591.3568 30715.3817 29.8508
v 22591.3568 30715.3817 29.8508
v 22601.3470 30716.5775 29.8509
v 22601.3470 30716.5775 29.8509
v 22601.3470 30716.5775 29.8509
v 22601.3470 30716.5775 29.8509
v 22601.3470 30716.5775 29.8509
v 22601.3470 30716.5775 29.8509
v 22602.2660 30716.6877 20.4909
v 22602.2660 30716.6877 20.4909
v 22602.2660 30716.6877 20.4909
v 22602.2660 30716.6877 20.4909
v 22602.2660 30716.6877 20.4909
v 22602.2660 30716.6877 20.4909
v 22602.2660 30716.6877 20.4909
v 22602.2660 30716.6877 20.4909
v 22612.0960 30643.4236 20.4902
v 22612.0960 30643.4236 20.4902
v 22612.0960 30643.4236 20.4902
v 22612.0960 30643.4236 20.4902
v 22612.0960 30643.4236 20.4902
v 22611.8034 30643.3852 20.4902
v 22611.8034 30643.3852 20.4902
v 22611.8034 30643.3852 20.4902
v 22611.8034 30643.3852 20.4902
v 22611.8034 30643.3852 20.4902
v 22611.8034 30643.3852 20.4902
v 22613.6877 30630.1468 11.4552
v 22613.6877 30630.1468 11.4552
v 22613.6877 30630.1468 11.4552
v 22613.6877 30630.1468 11.4552
v 22613.6877 30630.1468 11.4552
v 22613.6877 30630.1468 11.4552
v 22613.6877 30630.1468 11.4552
v 22613.6877 30630.1468 11.4552
v 22613.6877 30630.1468 11.4552
v 22613.6877 30630.1468 11.4552
v 22601.8444 30617.4275 11.4550
v 22601.8444 30617.4275 11.4550
v 22601.8444 30617.4275 11.4550
v 22601.8444 30617.4275 11.4550
v 22601.8444 30617.4275 11.4550
v 22601.8444 30617.4275 6.1898
v 22601.8444 30617.4275 6.1898
v 22601.8444 30617.4275 6.1898
v 22601.8444 30617.4275 6.1898
v 22601.8444 30617.4275 6.1898
v 22607.4896 30619.2245 5.2183
v 22607.4896 30619.2245 5.2183
v 22607.4896 30619.2245 5.2183
v 22607.4896 30619.2245 5.2183
v 22607.5400 30619.2761 4.8382
v 22607.5400 30619.2761 4.8382
v 22607.5400 30619.2761 4.8382
v 22607.5400 30619.2761 4.8382
v 22607.5400 30619.2761 4.8382
v 22607.5400 30619.2761 4.8382
v 22607.5400 30619.2761 4.8382
v 22605.4236 30621.0529 5.8192
v 22605.4236 30621.0529 5.8192
v 22605.4236 30621.0529 5.8192
v 22605.4236 30621.0529 5.8192
v 22605.4236 30621.0529 5.8192
v 22605.4341 30621.0635 5.7405
v 22605.4341 30621.0635 5.7405
v 22605.4341 30621.0635 5.7405
v 22605.4341 30621.0635 5.7405
v 22605.4341 30621.0635 5.7405
v 22605.9512 30621.5873 5.6514
v 22605.9512 30621.5873 5.6514
v 22605.9512 30621.5873 5.6514
v 22605.9512 30621.5873 5.6514
v 22605.9512 30621.5873 5.6514
v 22607.9636 30623.6258 8.0901
v 22607.9636 30623.6258 8.0901
v 22607.9636 30623.6258 8.0901
v 22607.9636 30623.6258 8.0901
v 22607.9636 30623.6258 8.0901
v 22607.9636 30623.6258 8.0901
v 22607.9636 30623.6258 8.0901
v 22607.9636 30623.6258 4.6933
v 22607.9636 30623.6258 4.6933
v 22607.9636 30623.6258 4.6933
v 22607.9636 30623.6258 4.6933
v 22609.7571 30621.7909 4.4933
v 22609.7571 30621.7909 4.4933
v 22609.7571 30621.7909 4.4933
v 22609.7571 30621.7909 4.4933
v 22609.7571 30621.7909 4.4933
v 22609.7571 30621.7909 4.4933
v 22609.7571 30621.7909 4.4933
v 22607.6763 30619.4152 4.8149
v 22607.6763 30619.4152 4.8149
v 22607.6763 30619.4152 4.8149
v 22607.6763 30619.4152 4.8149
v 22607.6763 30619.4152 4.8149
v 22607.6763 30619.4152 8.2001
v 22607.6763 30619.4152 8.2001
v 22607.6763 30619.4152 8.2001
v 22607.6763 30619.4152 8.2001
v 22607.6763 30619.4152 8.2001
v 22607.6763 30619.4152 8.2001
v 22607.6763 30619.4152 8.2001
v 22605.5483 30617.2422 8.2001
v 22605.5483 30617.2422 8.2001
v 22605.5483 30617.2422 8.2001
v 22605.5483 30617.2422 5.4177
v 22605.5483 30617.2422 5.4177
v 22605.5483 30617.2422 5.4177
v 22605.5483 30617.2422 5.4177
v 22605.5483 30617.2422 5.4177
v 22606.4060 30616.4023 5.1603
v 22606.4060 30616.4023 5.1603
v 22606.4060 30616.4023 5.1603
v 22606.4060 30616.4023 5.1603
v 22606.4430 30616.3661 5.1536
v 22606.4430 30616.3661 5.1536
v 22606.4430 30616.3661 5.1536
v 22606.4430 30616.3661 5.1536
v 22606.4430 30616.3661 5.1536
v 22606.4624 30616.3471 5.1429
v 22606.4624 30616.3471 5.1429
v 22606.4624 30616.3471 5.1429
v 22606.4624 30616.3471 5.1429
v 22606.4624 30616.3471 5.1429
v 22606.4624 30616.3471 5.1429
v 22556.3654 30563.0990 11.7872
v 22556.3654 30563.0990 11.7872
v 22556.3654 30563.0990 11.7872
v 22556.3654 30563.0990 11.7872
v 22556.3654 30563.0990 11.7872
v 22556.3654 30563.0990 11.7872
v 22556.3654 30563.0990 11.7872
v 22556.3654 30563.0990 11.7872
v 22556.3654 30563.0990 11.7872
v 22556.3654 30563.0990 11.7872
v 22551.5926 30567.5153 11.8129
v 22551.5926 30567.5153 11.8129
v 22551.5926 30567.5153 11.8129
v 22551.5926 30567.5153 11.8129
v 22551.5926 30567.5153 11.8129
v 22551.7326 30567.3676 11.8132
v 22551.7326 30567.3676 11.8132
v 22551.7326 30567.3676 11.8132
v 22551.7326 30567.3676 11.8132
v 22551.7326 30567.3676 11.8132
v 22549.2936 30567.3364 11.7705
v 22549.2936 30567.3364 11.7705
v 22549.2936 30567.3364 11.7705
v 22549.2936 30567.3364 11.7705
v 22549.2936 30567.3364 11.7705
v 22549.2936 30567.3364 11.7705
v 22549.2936 30567.3364 11.7705
v 22549.2936 30567.3364 11.7705
v 22549.2936 30567.3364 11.7705
v 22549.2936 30567.3364 11.7705
v 22544.7117 30564.9963 11.9370
v 22544.7117 30564.9963 11.9370
v 22544.7117 30564.9963 11.9370
v 22544.7117 30564.9963 11.9370
v 22544.7117 30564.9963 11.9370
v 22544.7117 30564.9963 11.9370
v 22544.7117 30564.9963 11.9370
v 22544.7117 30564.9963 11.9370
v 22544.7117 30564.9963 11.9370
v 22530.4809 30553.6415 13.0591
v 22530.4809 30553.6415 13.0591
v 22530.4809 30553.6415 13.0591
v 22530.4809 30553.6415 13.0591
v 22530.4809 30553.6415 13.0591
v 22529.0816 30562.1290 13.1973
v 22529.0816 30562.1290 13.1973
v 22529.0816 30562.1290 13.1973
v 22529.0816 30562.1290 13.1973
v 22529.0816 30562.1290 13.1973
v 22529.0816 30562.1290 13.1973
v 22529.0816 30562.1290 13.1973
v 22529.0816 30562.1290 13.1973
v 22519.4271 30560.6509 13.2941
v 22519.4271 30560.6509 13.2941
v 22519.4271 30560.6509 13.2941
v 22519.4271 30560.6509 13.2941
v 22519.4271 30560.6509 13.2941
v 22519.4271 30560.6509 13.2941
v 22519.4270 30560.6508 0.0004
v 22519.4270 30560.6508 0.0004
v 22519.4270 30560.6508 0.0004
v 22514.1364 30559.4920 14.2075
v 22514.1364 30559.4920 14.2075
v 22514.1364 30559.4920 14.2075
v 22514.1364 30559.4920 14.2075
v 22514.1364 30559.4920 14.2075
v 22514.1364 30559.4920 14.2075
v 22514.1364 30559.4920 14.2075
v 22514.1363 30559.4918 0.0004
v 22514.1363 30559.4918 0.0004
v 22514.1363 30559.4918 0.0004
v 22512.8435 30559.8757 14.3213
v 22512.8435 30559.8757 14.3213
v 22512.8435 30559.8757 14.3213
v 22512.8435 30559.8757 14.3213
v 22512.8435 30559.8757 14.3213
v 22512.8435 30559.8757 14.3213
v 22512.8435 30559.8757 14.3213
v 22512.8434 30559.8756 0.0004
v 22512.8434 30559.8756 0.0004
v 22504.4081 30561.5700 14.3215
v 22504.4081 30561.5700 14.3215
v 22504.4081 30561.5700 14.3215
v 22504.4081 30561.5700 14.3215
v 22504.4081 30561.5700 14.3215
v 22504.4081 30561.5700 14.3130
v 22504.4081 30561.5700 14.3130
v 22504.4081 30561.5700 14.3130
v 22504.4081 30561.5700 14.3130
v 22504.4081 30561.5700 14.3130
v 22504.4081 30561.5700 14.3130
v 22504.4287 30561.5689 14.3126
v 22504.4287 30561.5689 14.3126
v 22504.4287 30561.5689 14.3126
v 22504.4287 30561.5689 14.3126
v 22512.6843 30575.8243 13.8860
v 22512.6843 30575.8243 13.8860
v 22512.6843 30575.8243 13.8860
v 22512.6843 30575.8243 13.8860
v 22512.6843 30575.8243 13.8860
v 22512.6843 30575.8243 13.8860
v 22512.5785 30576.2879 13.8804
v 22512.5785 30576.2879 13.8804
v 22512.5785 30576.2879 13.8804
v 22512.5785 30576.2879 13.8804
v 22512.5719 30576.3169 13.8799
v 22512.5719 30576.3169 13.8799
v 22512.5719 30576.3169 13.8799
v 22512.5719 30576.3169 13.8799
v 22512.5719 30576.3169 13.8799
v 22513.1559 30578.8751 13.8071
v 22513.1559 30578.8751 13.8071
v 22513.1559 30578.8751 13.8071
v 22513.1559 30578.8751 13.8071
v 22513.1878 30578.9151 13.8055
v 22513.1878 30578.9151 13.8055
v 22513.1878 30578.9151 13.8055
v 22513.1878 30578.9151 13.8055
v 22513.1878 30578.9151 13.8055
v 22513.2693 30579.0173 13.7997
v 22513.2693 30579.0173 13.7997
v 22513.2693 30579.0173 13.7997
v 22513.2693 30579.0173 13.7997
v 22513.2693 30579.0173 13.7997
v 22514.3074 30580.3190 13.2914
v 22514.3074 30580.3190 13.2914
v 22514.3074 30580.3190 13.2914
v 22514.3074 30580.3190 13.2914
v 22514.7920 30580.9266 13.2731
v 22514.7920 30580.9266 13.2731
v 22514.7920 30580.9266 13.2731
v 22514.7920 30580.9266 13.2731
v 22515.5332 30581.2835 13.2373
v 22515.5332 30581.2835 13.2373
v 22515.5332 30581.2835 13.2373
v 22515.5332 30581.2835 13.2373
v 22515.7027 30581.3652 13.2244
v 22515.7027 30581.3652 13.2244
v 22515.7027 30581.3652 13.2244
v 22515.7027 30581.3652 13.2244
v 22515.7027 30581.3652 13.2244
v 22515.7027 30581.3652 13.2244
v 22517.6208 30590.2811 12.7549
v 22517.6208 30590.2811 12.7549
v 22517.6208 30590.2811 12.7549
v 22517.6208 30590.2811 12.7549
v 22517.6208 30590.2811 12.7549
v 22517.6208 30590.2811 12.7549
v 22521.4482 30592.2761 12.7549
v 22521.4482 30592.2761 12.7549
v 22521.4482 30592.2761 12.7549
v 22521.4482 30592.2761 12.7549
v 22521.4482 30592.2761 12.7549
v 22521.4482 30592.2761 12.7549
v 22521.4482 30592.2761 12.7549
v 22521.4482 30592.2761 12.7549
v 22521.4482 30592.2761 12.7549
v 22521.4482 30592.2761 12.6976
v 22521.4482 30592.2761 12.6976
v 22521.4482 30592.2761 12.6976
v 22521.4482 30592.2761 12.6976
v 22521.4482 30592.2761 12.6976
v 22534.2684 30590.6161 12.6946
v 22534.2684 30590.6161 12.6946
v 22534.2684 30590.6161 12.6946
v 22534.2684 30590.6161 12.6946
v 22534.3199 30590.6095 12.6952
v 22534.3199 30590.6095 12.6952
v 22534.3199 30590.6095 12.6952
v 22534.3199 30590.6095 12.6952
v 22534.3199 30590.6095 12.6952
v 22534.3199 30590.6095 12.6952
v 22534.3359 30590.6074 12.6952
v 22534.3359 30590.6074 12.6952
v 22534.3359 30590.6074 12.6952
v 22534.3359 30590.6074 12.6952
v 22534.3440 30590.6063 12.6948
v 22534.3440 30590.6063 12.6948
v 22534.3440 30590.6063 12.6948
v 22534.3440 30590.6063 12.6948
v 22534.3440 30590.6063 12.6948
v 22534.3569 30590.6047 12.6943
v 22534.3569 30590.6047 12.6943
v 22534.3569 30590.6047 12.6943
v 22534.3569 30590.6047 12.6943
v 22534.3569 30590.6047 12.6943
v 22535.2611 30616.2568 11.5892
v 22535.2611 30616.2568 11.5892
v 22535.2611 30616.2568 11.5892
v 22535.2611 30616.2568 11.5892
v 22535.2611 30616.2568 11.5892
v 22535.2611 30616.2568 11.5892
v 22535.2611 30616.2568 0.0001
v 22535.2611 30616.2568 0.0001
v 22535.2611 30616.2568 0.0001
v 22535.5425 30622.6234 11.5898
v 22535.5425 30622.6234 11.5898
v 22535.5425 30622.6234 11.5898
v 22535.5425 30622.6234 11.5898
v 22535.5425 30622.6234 11.5898
v 22535.5425 30622.6234 0.0001
v 22535.5425 30622.6234 0.0001
v 22535.5425 30622.6234 0.0001
v 22535.6572 30623.5665 11.5899
v 22535.6572 30623.5665 11.5899
v 22535.6572 30623.5665 11.5899
v 22535.6572 30623.5665 11.5899
v 22535.6572 30623.5665 11.5899
v 22535.6572 30623.5665 0.0001
v 22535.6572 30623.5665 0.0001
v 22535.6572 30623.5665 0.0001
v 22536.1380 30624.6675 11.5899
v 22536.1380 30624.6675 11.5899
v 22536.1380 30624.6675 11.5899
v 22536.1380 30624.6675 11.5899
v 22536.1380 30624.6675 11.5899
v 22536.1380 30624.6675 0.0001
v 22536.1380 30624.6675 0.0001
v 22536.1380 30624.6675 0.0001
v 22538.1507 30627.8836 11.5902
v 22538.1507 30627.8836 11.5902
v 22538.1507 30627.8836 11.5902
v 22538.1507 30627.8836 11.5902
v 22538.1507 30627.8836 11.5902
v 22538.1507 30627.8836 11.5902
v 22538.1507 30627.8836 11.5902
v 22538.1507 30627.8836 11.5902
v 22538.1507 30627.8836 11.5902
v 22538.1507 30627.8836 11.5902
v 22538.1507 30627.8836 11.5902
v 22538.1507 30627.8836 11.5902
v 22538.1507 30627.8836 11.5902
v 22538.1507 30627.8836 0.0001
v 22538.1507 30627.8836 0.0001
v 22582.5589 30626.1278 92.0349
v 22582.5589 30626.1278 92.0349
v 22582.5589 30626.1278 92.0349
v 22582.5589 30626.1278 92.0349
v 22582.5589 30626.1278 92.0349
v 22582.5589 30626.1278 92.0349
v 22582.5589 30626.1278 92.0349
v 22582.5589 30626.1278 92.0349
v 22582.5589 30626.1278 92.0349
v 22582.5589 30626.1278 92.0349
v 22582.5589 30626.1278 92.0349
v 22524.5665 30628.4205 92.0349
v 22524.5665 30628.4205 92.0349
v 22524.5665 30628.4205 92.0349
v 22524.5665 30628.4205 92.0349
v 22524.5665 30628.4205 91.8699
v 22524.5665 30628.4205 91.8699
v 22524.5665 30628.4205 91.8699
v 22524.5665 30628.4205 91.8699
v 22524.5665 30628.4205 91.8699
v 22524.5665 30628.4205 91.8699
v 22524.5665 30628.4205 91.8699
v 22524.5665 30628.4205 91.8699
v 22524.6539 30631.8993 91.8699
v 22524.6539 30631.8993 91.8699
v 22524.6539 30631.8993 91.8699
v 22524.6539 30631.8993 92.0349
v 22524.6539 30631.8993 92.0349
v 22524.6539 30631.8993 92.0349
v 22524.6539 30631.8993 92.0349
v 22524.6539 30631.8993 92.0349
v 22524.6539 30631.8993 92.0349
v 22524.6539 30631.8993 92.0349
v 22524.6539 30631.8993 92.0349
v 22524.6539 30631.8993 92.0349
v 22521.3384 30632.0069 97.9499
v 22521.3384 30632.0069 97.9499
v 22521.3384 30632.0069 97.9499
v 22521.3384 30632.0069 97.9499
v 22521.3384 30632.0069 97.9499
v 22521.3384 30632.0069 97.9499
v 22521.3384 30632.0069 97.9499
v 22521.3384 30632.0069 97.9499
v 22515.7106 30633.5616 97.9499
v 22515.7106 30633.5616 97.9499
v 22515.7106 30633.5616 97.9499
v 22515.7106 30633.5616 97.9499
v 22515.7106 30633.5616 97.9499
v 22515.7106 30633.5616 97.9499
v 22515.7106 30633.5616 97.9499
v 22515.7106 30633.5616 97.9499
v 22515.7101 30633.5619 11.6299
v 22515.7101 30633.5619 11.6299
v 22515.7101 30633.5619 11.6299
v 22515.7101 30633.5619 11.6299
v 22515.7101 30633.5619 11.6299
v 22515.7101 30633.5619 11.6299
v 22508.9827 30633.7798 11.6299
v 22508.9827 30633.7798 11.6299
v 22508.9827 30633.7798 11.6299
v 22508.9827 30633.7798 11.6299
v 22508.9827 30633.7798 11.6299
v 22508.9827 30633.7798 11.6299
v 22508.9827 30633.7798 11.6299
v 22509.1945 30640.3046 11.6300
v 22509.1945 30640.3046 11.6300
v 22509.1945 30640.3046 11.6300
v 22509.1945 30640.3046 11.6300
v 22505.9921 30640.5523 92.0350
v 22505.9921 30640.5523 92.0350
v 22505.9921 30640.5523 92.0350
v 22505.9921 30640.5523 92.0350
v 22505.9921 30640.5523 92.0350
v 22506.3038 30640.8290 92.0350
v 22506.3038 30640.8290 92.0350
v 22506.3038 30640.8290 92.0350
v 22506.3038 30640.8290 92.0350
v 22506.3038 30640.8290 92.0350
v 22506.3038 30640.8290 92.0350
v 22506.3038 30640.8290 92.0350
v 22507.6896 30674.2827 92.0352
v 22507.6896 30674.2827 92.0352
v 22507.6896 30674.2827 92.0352
v 22507.6896 30674.2827 92.0352
v 22507.6896 30674.2827 92.0352
v 22507.6896 30674.2827 92.0352
v 22507.6896 30674.2827 92.0352
v 22515.0902 30674.0959 92.0352
v 22515.0902 30674.0959 92.0352
v 22515.0902 30674.0959 92.0352
v 22515.0902 30674.0959 92.0352
v 22515.0902 30674.0959 92.0352
v 22515.0902 30674.0959 92.0352
v 22515.0902 30674.0959 92.0352
v 22514.9902 30671.6251 92.1652
v 22514.9902 30671.6251 92.1652
v 22514.9902 30671.6251 92.1652
v 22514.9902 30671.6251 92.1652
v 22514.9902 30671.6251 92.1652
v 22515.2899 30671.6130 92.1652
v 22515.2899 30671.6130 92.1652
v 22515.2899 30671.6130 92.1652
v 22515.2899 30671.6130 92.1652
v 22515.6831 30681.3266 92.1653
v 22515.6831 30681.3266 92.1653
v 22515.6831 30681.3266 92.1653
v 22515.6831 30681.3266 92.1653
v 22515.6831 30681.3266 92.1653
v 22515.6831 30681.3266 92.1653
v 22515.6831 30681.3266 92.1653
v 22529.0254 30681.0866 92.1652
v 22529.0254 30681.0866 92.1652
v 22529.0254 30681.0866 92.1652
v 22529.0254 30681.0866 92.1652
v 22529.0254 30681.0866 92.1652
v 22529.0254 30681.0866 92.1652
v 22529.0254 30681.0866 92.1652
v 22529.0254 30681.0866 92.1652
v 22529.0254 30681.0866 92.1652
v 22529.0254 30681.0866 92.1652
v 22529.0254 30681.0866 92.1652
v 22528.8802 30677.4922 8.0752
v 22528.8802 30677.4922 8.0752
v 22528.8802 30677.4922 8.0752
v 22528.8802 30677.4922 8.0752
v 22528.8802 30677.4922 8.0752
v 22528.8802 30677.4922 8.0752
v 22528.8802 30677.4922 8.0752
v 22528.8802 30677.4922 8.0752
v 22528.8802 30677.4922 8.0752
v 22564.2335 30676.2411 5.6301
v 22564.2335 30676.2411 5.6301
v 22564.2335 30676.2411 5.6301
v 22564.2335 30676.2411 5.6301
v 22564.2335 30676.2411 5.6301
v 22565.1526 30702.1462 5.6305
v 22565.1526 30702.1462 5.6305
v 22565.1526 30702.1462 5.6305
v 22565.1526 30702.1462 5.6305
v 22565.1526 30702.1462 5.6305
v 22570.6639 30701.9506 5.6305
v 22570.6639 30701.9506 5.6305
v 22570.6639 30701.9506 5.6305
v 22570.6639 30701.9506 5.6305
v 22570.6639 30701.9506 5.6305
v 22570.6639 30701.9506 5.6305
v 22570.9419 30711.8532 25.0956
v 22570.9419 30711.8532 25.0956
v 22570.9419 30711.8532 25.0956
v 22570.9419 30711.8532 25.0956
v 22570.9419 30711.8532 25.0956
v 22570.9419 30711.8532 25.0956
v 22570.9419 30711.8532 25.0956
v 22570.9419 30711.8532 25.0956
v 22570.9419 30711.8532 25.0956
v 22570.9419 30711.8532 25.0956
v 22570.9419 30711.8532 25.0956
v 22575.4169 30712.8510 5.4607
v 22575.4169 30712.8510 5.4607
v 22575.4169 30712.8510 5.4607
v 22575.4169 30712.8510 5.4607
v 22575.4169 30712.8510 5.4607
v 22575.4169 30712.8510 5.4607
v 22575.4169 30712.8510 5.4607
v 22575.3514 30714.2164 5.4607
v 22575.3514 30714.2164 5.4607
v 22575.3514 30714.2164 5.4607
v 22575.3514 30714.2164 5.4607
v 22589.1228 30720.0021 5.4608
v 22589.1228 30720.0021 5.4608
v 22589.1228 30720.0021 5.4608
v 22589.1228 30720.0021 5.4608
v 22589.1228 30720.0021 5.4608
v 22589.1228 30720.0021 5.4608
v 22589.1309 30717.2664 5.4608
v 22589.1309 30717.2664 5.4608
v 22589.1309 30717.2664 5.4608
v 22589.1309 30717.2664 5.4608
v 22589.1309 30717.2664 5.4608
v 22589.1309 30717.2664 5.4608
v 22600.5824 30722.2380 29.8510
v 22600.5824 30722.2380 29.8510
v 22600.5824 30722.2380 29.8510
v 22600.5824 30722.2380 29.8510
v 22600.5824 30722.2380 29.8510
v 22600.5824 30722.2380 29.8510
v 22601.3471 30716.5777 20.4909
v 22601.3471 30716.5777 20.4909
v 22601.3471 30716.5777 20.4909
v 22601.3471 30716.5777 20.4909
v 22601.3471 30716.5777 20.4909
v 22601.4274 30715.9830 20.4909
v 22601.4274 30715.9830 20.4909
v 22601.4274 30715.9830 20.4909
v 22601.4274 30715.9830 20.4909
v 22601.4274 30715.9830 20.4909
v 22601.4274 30715.9830 20.4909
v 22601.4274 30715.9830 20.4909
v 22601.7500 30716.0216 20.4909
v 22601.7500 30716.0216 20.4909
v 22601.7500 30716.0216 20.4909
v 22601.7500 30716.0216 20.4909
v 22601.4273 30715.9829 29.8509
v 22601.4273 30715.9829 29.8509
v 22601.4273 30715.9829 29.8509
v 22601.4273 30715.9829 29.8509
v 22601.4273 30715.9829 29.8509
v 22601.4273 30715.9829 29.8509
v 22601.4273 30715.9829 29.8509
v 22601.4273 30715.9829 29.8509
v 22601.4273 30715.9829 29.8509
v 22601.4273 30715.9829 29.8509
v 22601.4273 30715.9829 29.8509
v 22601.4273 30715.9829 29.8509
v 22601.4273 30715.9829 29.8509
v 22601.4273 30715.9829 29.8509
v 22601.4273 30715.9829 29.8509
v 22601.4273 30715.9829 29.8509
v 22601.4273 30715.9829 29.8509
v 22606.9277 30675.2628 21.6004
v 22606.9277 30675.2628 21.6004
v 22606.9277 30675.2628 21.6004
v 22606.9277 30675.2628 21.6004
v 22606.9277 30675.2628 21.6004
v 22606.9277 30675.2628 21.6004
v 22606.9277 30675.2628 21.6004
v 22607.2132 30675.3041 20.4904
v 22607.2132 30675.3041 20.4904
v 22607.2132 30675.3041 20.4904
v 22607.2132 30675.3041 20.4904
v 22607.2132 30675.3041 20.4904
v 22607.2132 30675.3041 20.4904
v 22607.2132 30675.3041 20.4904
v 22607.2596 30675.3108 20.4904
v 22607.2596 30675.3108 20.4904
v 22607.2596 30675.3108 20.4904
v 22607.2596 30675.3108 20.4904
v 22607.2596 30675.3108 20.4904
v 22607.2596 30675.3108 20.4904
v 22607.2596 30675.3108 20.4904
v 22609.1854 30661.7806 11.4553
v 22609.1854 30661.7806 11.4553
v 22609.1854 30661.7806 11.4553
v 22609.1854 30661.7806 11.4553
v 22609.1854 30661.7806 11.4553
v 22609.1854 30661.7806 11.4553
v 22617.5632 30641.5920 11.4552
v 22617.5632 30641.5920 11.4552
v 22617.5632 30641.5920 11.4552
v 22617.5632 30641.5920 11.4552
v 22617.5632 30641.5920 11.4552
v 22617.5632 30641.5920 11.4552
v 22617.5632 30641.5920 11.4552
v 22617.5632 30641.5920 11.4552
v 22617.5632 30641.5920 11.4552
v 22618.1355 30637.2638 11.4552
v 22618.1355 30637.2638 11.4552
v 22618.1355 30637.2638 11.4552
v 22618.1355 30637.2638 11.4552
v 22618.1244 30639.5491 11.4552
v 22618.1244 30639.5491 11.4552
v 22618.1244 30639.5491 11.4552
v 22618.1244 30639.5491 11.4552
v 22618.1244 30639.5491 11.4552
v 22617.7500 30635.2370 11.4552
v 22617.7500 30635.2370 11.4552
v 22617.7500 30635.2370 11.4552
v 22617.7500 30635.2370 11.4552
v 22617.7500 30635.2370 11.4552
v 22617.7500 30635.2370 11.4552
v 22616.9228 30633.1951 11.4552
v 22616.9228 30633.1951 11.4552
v 22616.9228 30633.1951 11.4552
v 22616.9228 30633.1951 11.4552
v 22616.9228 30633.1951 11.4552
v 22615.6112 30631.1979 11.4552
v 22615.6112 30631.1979 11.4552
v 22615.6112 30631.1979 11.4552
v 22615.6112 30631.1979 11.4552
v 22615.6112 30631.1979 11.4552
v 22614.1443 30629.7532 11.4552
v 22614.1443 30629.7532 11.4552
v 22614.1443 30629.7532 11.4552
v 22614.1443 30629.7532 11.4552
v 22614.1443 30629.7532 11.4552
v 22614.1443 30629.7532 11.4552
v 22611.2418 30626.9464 11.4551
v 22611.2418 30626.9464 11.4551
v 22611.2418 30626.9464 11.4551
v 22611.2418 30626.9464 11.4551
v 22611.2418 30626.9464 11.4551
v 22611.2418 30626.9464 11.4551
v 22611.2418 30626.9464 11.4551
v 22611.2418 30626.9464 11.4551
v 22611.2418 30626.9464 11.4551
v 22611.2418 30626.9464 11.4551
v 22609.1663 30624.8440 8.0901
v 22609.1663 30624.8440 8.0901
v 22609.1663 30624.8440 8.0901
v 22609.1663 30624.8440 8.0901
v 22613.3287 30620.5854 8.0901
v 22613.3287 30620.5854 8.0901
v 22613.3287 30620.5854 8.0901
v 22613.3287 30620.5854 8.0901
v 22613.3287 30620.5854 8.0901
v 22613.3287 30620.5854 8.0901
v 22612.1047 30619.3889 8.0901
v 22612.1047 30619.3889 8.0901
v 22612.1047 30619.3889 8.0901
v 22612.1047 30619.3889 8.0901
v 22612.1047 30619.3889 8.0901
v 22612.1047 30619.3889 8.0901
v 22612.1047 30619.3889 8.0901
v 22610.3387 30621.1958 4.2302
v 22610.3387 30621.1958 4.2302
v 22610.3387 30621.1958 4.2302
v 22610.3387 30621.1958 4.2302
v 22610.3387 30621.1958 4.2302
v 22608.2013 30618.9011 4.5805
v 22608.2013 30618.9011 4.5805
v 22608.2013 30618.9011 4.5805
v 22608.2013 30618.9011 4.5805
v 22608.2013 30618.9011 4.5805
v 22608.2013 30618.9011 4.5805
v 22609.9375 30617.2008 8.2001
v 22609.9375 30617.2008 8.2001
v 22609.9375 30617.2008 8.2001
v 22609.9375 30617.2008 8.2001
v 22609.9375 30617.2008 8.2001
v 22609.9375 30617.2008 8.2001
v 22607.8096 30615.0279 8.2001
v 22607.8096 30615.0279 8.2001
v 22607.8096 30615.0279 8.2001
v 22607.8096 30615.0279 8.2001
v 22607.8096 30615.0279 8.2001
v 22607.8096 30615.0279 8.2001
v 22607.8096 30615.0279 8.2001
v 22607.8096 30615.0279 8.2001
v 22607.8096 30615.0279 8.2001
v 22607.8096 30615.0279 8.2001
v 22606.8156 30616.0012 5.1015
v 22606.8156 30616.0012 5.1015
v 22606.8156 30616.0012 5.1015
v 22606.8156 30616.0012 5.1015
v 22606.8156 30616.0012 5.1015
v 22556.3673 30563.0972 11.7870
v 22556.3673 30563.0972 11.7870
v 22556.3673 30563.0972 11.7870
v 22556.3673 30563.0972 11.7870
v 22556.3673 30563.0972 11.7870
v 22556.3673 30563.0972 11.7870
v 22556.3766 30563.0886 11.8303
v 22556.3766 30563.0886 11.8303
v 22556.3766 30563.0886 11.8303
v 22556.3766 30563.0886 11.8303
v 22556.3766 30563.0886 11.8303
v 22556.3766 30563.0886 11.8303
v 22556.3766 30563.0886 11.8303
v 22556.3766 30563.0886 11.8303
v 22552.8304 30559.5728 11.8493
v 22552.8304 30559.5728 11.8493
v 22552.8304 30559.5728 11.8493
v 22552.8304 30559.5728 11.8493
v 22552.8304 30559.5728 11.8493
v 22552.8304 30559.5728 11.8493
v 22552.8304 30559.5728 11.8493
v 22551.0322 30558.3096 12.0564
v 22551.0322 30558.3096 12.0564
v 22551.0322 30558.3096 12.0564
v 22551.0322 30558.3096 12.0564
v 22549.1844 30557.3950 12.0367
v 22549.1844 30557.3950 12.0367
v 22549.1844 30557.3950 12.0367
v 22549.1844 30557.3950 12.0367
v 22549.1844 30557.3950 12.0367
v 22549.1844 30557.3950 12.0367
v 22530.4824 30553.6330 13.0594
v 22530.4824 30553.6330 13.0594
v 22530.4824 30553.6330 13.0594
v 22530.4824 30553.6330 13.0594
v 22530.4824 30553.6330 13.0594
v 22530.4824 30553.6330 13.0594
v 22530.4831 30553.6287 13.0733
v 22530.4831 30553.6287 13.0733
v 22530.4831 30553.6287 13.0733
v 22530.4831 30553.6287 13.0733
v 22530.4831 30553.6287 13.0733
v 22526.5283 30552.0008 13.3073
v 22526.5283 30552.0008 13.3073
v 22526.5283 30552.0008 13.3073
v 22526.5283 30552.0008 13.3073
v 22526.5283 30552.0008 13.3073
v 22526.5283 30552.0008 13.3073
v 22526.5283 30552.0008 13.3073
v 22523.5928 30550.0148 13.7433
v 22523.5928 30550.0148 13.7433
v 22523.5928 30550.0148 13.7433
v 22523.5928 30550.0148 13.7433
v 22523.5928 30550.0148 13.7433
v 22523.5928 30550.0148 13.7433
v 22520.5721 30546.8474 13.7404
v 22520.5721 30546.8474 13.7404
v 22520.5721 30546.8474 13.7404
v 22520.5721 30546.8474 13.7404
v 22520.5721 30546.8474 13.7404
v 22520.5721 30546.8474 13.7404
v 22520.5721 30546.8474 13.7404
v 22515.0959 30509.9986 18.8407
v 22515.0959 30509.9986 18.8407
v 22515.0959 30509.9986 18.8407
v 22515.0959 30509.9986 18.8407
v 22526.0948 30520.7166 18.5291
v 22526.0948 30520.7166 18.5291
v 22526.0948 30520.7166 18.5291
v 22526.0948 30520.7166 18.5291
v 22526.0948 30520.7166 18.5291
v 22510.5232 30516.0731 17.4846
v 22510.5232 30516.0731 17.4846
v 22510.5232 30516.0731 17.4846
v 22510.5232 30516.0731 17.4846
v 22510.5232 30516.0731 17.4846
v 22510.5232 30516.0731 17.4846
v 22510.5232 30516.0731 17.4846
v 22521.3430 30525.4840 17.4897
v 22521.3430 30525.4840 17.4897
v 22521.3430 30525.4840 17.4897
v 22521.3430 30525.4840 17.4897
v 22521.3430 30525.4840 17.4897
v 22519.0751 30528.7312 16.7790
v 22519.0751 30528.7312 16.7790
v 22519.0751 30528.7312 16.7790
v 22519.0751 30528.7312 16.7790
v 22519.0751 30528.7312 16.7790
v 22519.0751 30528.7312 16.7790
v 22506.9431 30523.4656 16.7224
v 22506.9431 30523.4656 16.7224
v 22506.9431 30523.4656 16.7224
v 22506.9431 30523.4656 16.7224
v 22506.9431 30523.4656 16.7224
v 22506.9431 30523.4656 16.7224
v 22518.0754 30533.4238 15.7115
v 22518.0754 30533.4238 15.7115
v 22518.0754 30533.4238 15.7115
v 22518.0754 30533.4238 15.7115
v 22518.0754 30533.4238 15.7115
v 22518.0754 30533.4238 15.7115
v 22518.0754 30533.4238 15.7115
v 22505.3911 30531.0264 16.1800
v 22505.3911 30531.0264 16.1800
v 22505.3911 30531.0264 16.1800
v 22505.3911 30531.0264 16.1800
v 22505.3911 30531.0264 16.1800
v 22504.9449 30540.2311 15.5244
v 22504.9449 30540.2311 15.5244
v 22504.9449 30540.2311 15.5244
v 22504.9449 30540.2311 15.5244
v 22504.9449 30540.2311 15.5244
v 22504.9449 30540.2311 15.5244
v 22504.9449 30540.2311 15.5244
v 22504.9449 30540.2311 15.5244
v 22517.8643 30540.2865 14.2374
v 22517.8643 30540.2865 14.2374
v 22517.8643 30540.2865 14.2374
v 22517.8643 30540.2865 14.2374
v 22517.8643 30540.2865 14.2374
v 22518.9875 30543.6019 13.8805
v 22518.9875 30543.6019 13.8805
v 22518.9875 30543.6019 13.8805
v 22518.9875 30543.6019 13.8805
v 22518.9875 30543.6019 13.8805
v 22504.2353 30556.8585 14.6124
v 22504.2353 30556.8585 14.6124
v 22504.2353 30556.8585 14.6124
v 22504.2353 30556.8585 14.6124
v 22504.2353 30556.8585 14.6124
v 22504.2353 30556.8585 14.6124
v 22504.2353 30556.8585 14.6124
v 22504.2353 30556.8585 14.6124
v 22504.2353 30556.8585 14.6124
v 22504.2353 30556.8585 14.6124
v 22504.4066 30561.5308 14.3137
v 22504.4066 30561.5308 14.3137
v 22504.4066 30561.5308 14.3137
v 22504.4066 30561.5308 14.3137
v 22504.4066 30561.5308 14.3137
v 22504.4049 30561.4848 14.3151
v 22504.4049 30561.4848 14.3151
v 22504.4049 30561.4848 14.3151
v 22504.4049 30561.4848 14.3151
v 22504.4049 30561.4848 14.3151
v 22504.3807 30561.4861 14.3151
v 22504.3807 30561.4861 14.3151
v 22504.3807 30561.4861 14.3151
v 22504.3807 30561.4861 14.3151
v 22504.9468 30577.5639 14.0273
v 22504.9468 30577.5639 14.0273
v 22504.9468 30577.5639 14.0273
v 22504.9468 30577.5639 14.0273
v 22504.9468 30577.5639 14.0273
v 22504.9468 30577.5639 14.0273
v 22504.9468 30577.5639 14.0273
v 22504.9468 30577.5639 14.0273
v 22504.9468 30577.5639 14.0273
v 22504.9468 30577.5639 14.0273
v 22504.9468 30577.5639 14.0273
v 22504.9468 30577.5639 14.0273
v 22504.9468 30577.5639 14.0273
v 22504.9468 30577.5639 14.0273
v 22504.9468 30577.5639 14.0273
v 22505.8410 30581.1422 13.8723
v 22505.8410 30581.1422 13.8723
v 22505.8410 30581.1422 13.8723
v 22505.8410 30581.1422 13.8723
v 22507.3437 30584.0210 13.7222
v 22507.3437 30584.0210 13.7222
v 22507.3437 30584.0210 13.7222
v 22507.3437 30584.0210 13.7222
v 22507.3437 30584.0210 13.7222
v 22507.3437 30584.0210 13.7222
v 22507.3437 30584.0210 13.7222
v 22507.3437 30584.0210 13.7222
v 22507.3437 30584.0210 13.7222
v 22507.3437 30584.0210 13.7222
v 22509.8497 30586.8701 13.2781
v 22509.8497 30586.8701 13.2781
v 22509.8497 30586.8701 13.2781
v 22509.8497 30586.8701 13.2781
v 22513.3219 30588.8055 13.2252
v 22513.3219 30588.8055 13.2252
v 22513.3219 30588.8055 13.2252
v 22513.3219 30588.8055 13.2252
v 22513.3219 30588.8055 13.2252
v 22513.3219 30588.8055 13.2252
v 22513.3219 30588.8055 13.2252
v 22517.6349 30590.2884 12.7533
v 22517.6349 30590.2884 12.7533
v 22517.6349 30590.2884 12.7533
v 22517.6349 30590.2884 12.7533
v 22517.6349 30590.2884 12.7533
v 22521.4461 30592.2750 12.6976
v 22521.4461 30592.2750 12.6976
v 22521.4461 30592.2750 12.6976
v 22521.4461 30592.2750 12.6976
v 22521.4461 30592.2750 12.6976
v 22521.4461 30592.2750 12.6976
v 22521.4461 30592.2750 12.6976
v 22524.1616 30594.9130 12.6020
v 22524.1616 30594.9130 12.6020
v 22524.1616 30594.9130 12.6020
v 22524.1616 30594.9130 12.6020
v 22524.1616 30594.9130 12.6020
v 22524.1616 30594.9130 12.6020
v 22524.1616 30594.9130 12.6020
v 22526.0597 30597.6088 12.6585
v 22526.0597 30597.6088 12.6585
v 22526.0597 30597.6088 12.6585
v 22526.0597 30597.6088 12.6585
v 22526.0597 30597.6088 12.6585
v 22527.2248 30600.7038 12.6348
v 22527.2248 30600.7038 12.6348
v 22527.2248 30600.7038 12.6348
v 22527.2248 30600.7038 12.6348
v 22527.2248 30600.7038 12.6348
v 22527.2248 30600.7038 12.6348
v 22527.2248 30600.7038 12.6348
v 22527.7945 30605.6192 12.3913
v 22527.7945 30605.6192 12.3913
v 22527.7945 30605.6192 12.3913
v 22527.7945 30605.6192 12.3913
v 22527.7945 30605.6192 12.3913
v 22527.7945 30605.6192 12.3913
v 22527.7945 30605.6192 12.3913
v 22528.0395 30616.2855 11.5893
v 22528.0395 30616.2855 11.5893
v 22528.0395 30616.2855 11.5893
v 22528.0395 30616.2855 11.5893
v 22528.0395 30616.2855 11.5893
v 22528.0395 30616.2855 11.5893
v 22528.0395 30616.2855 11.5893
v 22528.0395 30616.2855 11.5893
v 22528.0395 30616.2855 11.5893
v 22526.8280 30620.7807 11.5898
v 22526.8280 30620.7807 11.5898
v 22526.8280 30620.7807 11.5898
v 22526.8280 30620.7807 11.5898
v 22526.8280 30620.7807 11.5898
v 22526.0376 30623.0303 11.5900
v 22526.0376 30623.0303 11.5900
v 22526.0376 30623.0303 11.5900
v 22526.0376 30623.0303 11.5900
v 22526.0376 30623.0303 11.5900
v 22526.0376 30623.0303 11.5900
v 22525.7843 30625.4205 11.5902
v 22525.7843 30625.4205 11.5902
v 22525.7843 30625.4205 11.5902
v 22525.7843 30625.4205 11.5902
v 22525.9294 30628.3668 11.5905
v 22525.9294 30628.3668 11.5905
v 22525.9294 30628.3668 11.5905
v 22525.9294 30628.3668 11.5905
v 22525.9294 30628.3668 11.5905
v 22525.9294 30628.3668 11.5905
v 22525.9294 30628.3668 11.5905
v 22525.2202 30628.3946 91.8699
v 22525.2202 30628.3946 91.8699
v 22525.2202 30628.3946 91.8699
v 22525.2202 30628.3946 91.8699
v 22525.2202 30628.3946 91.8699
v 22525.1951 30627.3185 91.8699
v 22525.1951 30627.3185 91.8699
v 22525.1951 30627.3185 91.8699
v 22525.1951 30627.3185 91.8699
v 22525.1951 30627.3185 91.8699
v 22525.1951 30627.3185 91.8699
v 22523.5700 30627.3564 91.8699
v 22523.5700 30627.3564 91.8699
v 22523.5700 30627.3564 91.8699
v 22523.5700 30627.3564 91.8699
v 22523.6764 30631.9310 91.8699
v 22523.6764 30631.9310 91.8699
v 22523.6764 30631.9310 91.8699
v 22523.6764 30631.9310 91.8699
v 22523.6764 30631.9310 91.8699
v 22523.6764 30631.9310 91.8699
v 22523.6764 30631.9310 91.8699
v 22523.6764 30631.9310 91.8699
v 22523.6764 30631.9310 91.8699
v 22519.8348 30625.0830 22.8399
v 22519.8348 30625.0830 22.8399
v 22519.8348 30625.0830 22.8399
v 22522.6870 30622.1725 22.8399
v 22522.6870 30622.1725 22.8399
v 22522.6870 30622.1725 22.8399
v 22522.6870 30622.1725 22.8399
v 22522.6870 30622.1725 22.8399
v 22519.8349 30625.0829 29.2999
v 22519.8349 30625.0829 29.2999
v 22519.8349 30625.0829 29.2999
v 22519.8349 30625.0829 29.2999
v 22519.8349 30625.0829 29.2999
v 22522.6871 30622.1725 29.2999
v 22522.6871 30622.1725 29.2999
v 22522.6871 30622.1725 29.2999
v 22522.6871 30622.1725 29.2999
v 22522.6871 30622.1725 29.2999
v 22523.0132 30629.2440 29.2999
v 22523.0132 30629.2440 29.2999
v 22523.0132 30629.2440 29.2999
v 22523.0132 30629.2440 29.2999
v 22523.0132 30629.2440 29.2999
v 22523.0131 30629.2441 22.8399
v 22523.0131 30629.2441 22.8399
v 22523.0131 30629.2441 22.8399
v 22523.0131 30629.2441 22.8399
v 22523.0131 30629.2441 22.8399
v 22523.0131 30629.2441 22.8399
v 22523.0131 30629.2441 22.8399
v 22523.6762 30631.9312 22.8399
v 22523.6762 30631.9312 22.8399
v 22523.6762 30631.9312 22.8399
v 22523.6762 30631.9312 22.8399
v 22523.6762 30631.9312 22.8399
v 22523.6762 30631.9312 22.8399
v 22519.9871 30632.0509 22.8399
v 22519.9871 30632.0509 22.8399
v 22519.9871 30632.0509 22.8399
v 22519.9871 30632.0509 22.8399
v 22519.9871 30632.0509 22.8399
v 22519.9871 30632.0509 22.8399
v 22519.9871 30632.0509 22.8399
v 22519.9871 30632.0509 22.8399
v 22519.9871 30632.0509 29.2999
v 22519.9871 30632.0509 29.2999
v 22519.9871 30632.0509 29.2999
v 22519.9871 30632.0509 29.2999
v 22519.9871 30632.0509 29.2999
v 22519.9871 30632.0509 29.2999
v 22519.9871 30632.0509 29.2999
v 22523.6762 30631.9312 29.2999
v 22523.6762 30631.9312 29.2999
v 22523.6762 30631.9312 29.2999
v 22523.6762 30631.9312 29.2999
v 22523.6131 30629.2196 29.2999
v 22523.6131 30629.2196 29.2999
v 22523.6131 30629.2196 29.2999
v 22523.6131 30629.2196 29.2999
v 22523.6131 30629.2196 29.2999
v 22523.6131 30629.2196 29.2999
v 22523.6131 30629.2196 22.8399
v 22523.6131 30629.2196 22.8399
v 22523.6131 30629.2196 22.8399
v 22523.6131 30629.2196 22.8399
v 22523.6131 30629.2196 22.8399
v 22523.6131 30629.2196 22.8399
v 22523.6727 30631.7823 11.6299
v 22523.6727 30631.7823 11.6299
v 22523.6727 30631.7823 11.6299
v 22523.6727 30631.7823 11.6299
v 22523.6727 30631.7823 11.6299
v 22523.6727 30631.7823 11.6299
v 22523.6761 30631.9313 11.6299
v 22523.6761 30631.9313 11.6299
v 22523.6761 30631.9313 11.6299
v 22517.7906 30632.1222 11.6299
v 22517.7906 30632.1222 11.6299
v 22517.7906 30632.1222 11.6299
v 22517.7906 30632.1222 11.6299
v 22517.7906 30632.1222 11.6299
v 22517.7906 30632.1222 11.6299
v 22517.7906 30632.1222 11.6299
v 22515.6666 30632.1909 97.9499
v 22515.6666 30632.1909 97.9499
v 22515.6666 30632.1909 97.9499
v 22515.6666 30632.1909 97.9499
v 22515.6666 30632.1909 97.9499
v 22515.6666 30632.1909 97.9499
v 22515.6666 30632.1909 97.9499
v 22515.6666 30632.1909 97.9499
v 22515.6666 30632.1909 97.9499
v 22515.6666 30632.1909 97.9499
v 22515.6666 30632.1909 97.9499
v 22515.6679 30632.2449 11.6299
v 22515.6679 30632.2449 11.6299
v 22515.6679 30632.2449 11.6299
v 22515.6679 30632.2449 11.6299
v 22515.6679 30632.2449 11.6299
v 22510.1562 30632.5634 11.6299
v 22510.1562 30632.5634 11.6299
v 22510.1562 30632.5634 11.6299
v 22510.1562 30632.5634 11.6299
v 22510.1562 30632.5634 11.6299
v 22510.1562 30632.5634 11.6299
v 22509.8090 30626.5552 11.6299
v 22509.8090 30626.5552 11.6299
v 22509.8090 30626.5552 11.6299
v 22509.8090 30626.5552 11.6299
v 22509.8090 30626.5552 11.6299
v 22509.8090 30626.5552 11.6299
v 22505.4113 30626.5455 11.6299
v 22505.4113 30626.5455 11.6299
v 22505.4113 30626.5455 11.6299
v 22505.9916 30640.5526 11.6300
v 22505.9916 30640.5526 11.6300
v 22505.9916 30640.5526 11.6300
v 22505.9916 30640.5526 11.6300
v 22505.9916 30640.5526 11.6300
v 22505.9916 30640.5526 11.6300
v 22505.9916 30640.5526 11.6300
v 22505.9916 30640.5526 11.6300
v 22505.9916 30640.5526 11.6300
v 22505.9916 30640.5526 11.6300
v 22503.9350 30657.7115 5.3565
v 22503.9350 30657.7115 5.3565
v 22503.9350 30657.7115 5.3565
v 22503.9350 30657.7115 5.3565
v 22503.5973 30649.1769 5.3574
v 22503.5973 30649.1769 5.3574
v 22503.5973 30649.1769 5.3574
v 22503.5973 30649.1769 5.3574
v 22503.5973 30649.1769 5.3574
v 22503.9350 30657.7115 5.4065
v 22503.9350 30657.7115 5.4065
v 22503.9350 30657.7115 5.4065
v 22503.9350 30657.7115 5.4065
v 22503.9350 30657.7115 5.4065
v 22503.5973 30649.1769 5.4074
v 22503.5973 30649.1769 5.4074
v 22503.5973 30649.1769 5.4074
v 22503.5973 30649.1769 5.4074
v 22506.6989 30657.6274 5.7298
v 22506.6989 30657.6274 5.7298
v 22506.6989 30657.6274 5.7298
v 22506.6989 30657.6274 5.7298
v 22506.6989 30657.6274 5.7298
v 22506.3454 30649.0954 5.7288
v 22506.3454 30649.0954 5.7288
v 22506.3454 30649.0954 5.7288
v 22506.3454 30649.0954 5.7288
v 22506.3454 30649.0954 5.7288
v 22506.3454 30649.0954 5.7288
v 22506.3454 30649.0954 5.6788
v 22506.3454 30649.0954 5.6788
v 22506.3454 30649.0954 5.6788
v 22506.3454 30649.0954 5.6788
v 22506.3454 30649.0954 5.6788
v 22506.6989 30657.6274 5.6798
v 22506.6989 30657.6274 5.6798
v 22506.6989 30657.6274 5.6798
v 22506.6989 30657.6274 5.6798
v 22506.6989 30657.6274 5.6798
v 22506.6989 30657.6274 5.6798
v 22506.6989 30657.6274 5.6798
v 22506.6989 30657.6274 5.6798
v 22507.4021 30674.5900 92.0352
v 22507.4021 30674.5900 92.0352
v 22507.4021 30674.5900 92.0352
v 22507.4021 30674.5900 92.0352
v 22507.4021 30674.5900 92.0352
v 22507.4021 30674.5900 92.0352
v 22507.4021 30674.5900 92.0352
v 22507.4021 30674.5900 92.0352
v 22507.4021 30674.5900 92.0352
v 22507.4021 30674.5900 92.0352
v 22507.4021 30674.5900 88.4352
v 22507.4021 30674.5900 88.4352
v 22507.4021 30674.5900 88.4352
v 22515.1023 30674.3957 92.0352
v 22515.1023 30674.3957 92.0352
v 22515.1023 30674.3957 92.0352
v 22515.1023 30674.3957 92.0352
v 22515.1023 30674.3957 92.0352
v 22515.1023 30674.3957 92.0352
v 22515.1023 30674.3957 92.0352
v 22515.3955 30681.6385 92.1653
v 22515.3955 30681.6385 92.1653
v 22515.3955 30681.6385 92.1653
v 22515.3955 30681.6385 92.1653
v 22515.3955 30681.6385 92.1653
v 22515.3955 30681.6385 92.1653
v 22515.3955 30681.6385 92.1653
v 22515.3955 30681.6385 92.1653
v 22515.3955 30681.6385 92.1653
v 22515.3955 30681.6385 92.1653
v 22515.3950 30681.6395 0.0005
v 22515.3950 30681.6395 0.0005
v 22515.3950 30681.6395 0.0005
v 22529.0251 30681.0876 0.0004
v 22529.0251 30681.0876 0.0004
v 22528.8802 30677.4923 0.0004
v 22528.8802 30677.4923 0.0004
v 22528.8802 30677.4923 0.0004
v 22564.2335 30676.2412 0.0003
v 22564.2335 30676.2412 0.0003
v 22564.2335 30676.2412 0.0003
v 22565.1526 30702.1463 0.0006
v 22565.1526 30702.1463 0.0006
v 22565.1526 30702.1463 0.0006
v 22570.6639 30701.9507 0.0006
v 22570.6639 30701.9507 0.0006
v 22570.6639 30701.9507 0.0006
v 22570.6639 30701.9507 0.0006
v 22570.9420 30711.8536 0.0007
v 22570.9420 30711.8536 0.0007
v 22575.4170 30712.8510 0.0008
v 22575.4170 30712.8510 0.0008
v 22575.4170 30712.8510 0.0008
v 22575.3514 30714.2165 0.0008
v 22575.3514 30714.2165 0.0008
v 22575.3514 30714.2165 0.0008
v 22589.1228 30720.0021 0.0009
v 22589.1228 30720.0021 0.0009
v 22589.1228 30720.0021 0.0009
v 22589.1309 30717.2664 0.0009
v 22589.1309 30717.2664 0.0009
v 22589.1309 30717.2664 0.0009
v 22600.5826 30722.2385 0.0010
v 22600.5826 30722.2385 0.0010
v 22600.5826 30722.2385 0.0010
v 22600.5826 30722.2385 0.0010
v 22600.5826 30722.2385 0.0010
v 22606.9279 30675.2631 0.0004
v 22606.9279 30675.2631 0.0004
v 22606.9279 30675.2631 0.0004
v 22606.9279 30675.2631 0.0004
v 22607.2597 30675.3110 0.0004
v 22607.2597 30675.3110 0.0004
v 22607.2597 30675.3110 0.0004
v 22607.2597 30675.3110 0.0004
v 22609.1855 30661.7806 0.0003
v 22609.1855 30661.7806 0.0003
v 22609.1855 30661.7806 0.0003
v 22617.5634 30641.5920 0.0003
v 22617.5634 30641.5920 0.0003
v 22617.5634 30641.5920 0.0003
v 22618.1245 30639.5491 0.0003
v 22618.1245 30639.5491 0.0003
v 22618.1245 30639.5491 0.0003
v 22618.1356 30637.2638 0.0003
v 22618.1356 30637.2638 0.0003
v 22618.1356 30637.2638 0.0003
v 22617.7501 30635.2370 0.0003
v 22617.7501 30635.2370 0.0003
v 22617.7501 30635.2370 0.0003
v 22616.9230 30633.1952 0.0003
v 22616.9230 30633.1952 0.0003
v 22616.9230 30633.1952 0.0003
v 22615.6113 30631.1979 0.0003
v 22615.6113 30631.1979 0.0003
v 22615.6113 30631.1979 0.0003
v 22614.1445 30629.7532 0.0002
v 22614.1445 30629.7532 0.0002
v 22614.1445 30629.7532 0.0002
v 22611.2419 30626.9464 0.0002
v 22611.2419 30626.9464 0.0002
v 22611.2419 30626.9464 0.0002
v 22609.1664 30624.8440 0.0002
v 22609.1664 30624.8440 0.0002
v 22609.1664 30624.8440 0.0002
v 22609.1664 30624.8440 0.0002
v 22613.3288 30620.5854 0.0002
v 22613.3288 30620.5854 0.0002
v 22612.1048 30619.3890 0.0002
v 22612.1048 30619.3890 0.0002
v 22612.1048 30619.3890 0.0002
v 22610.3388 30621.1958 0.0002
v 22610.3388 30621.1958 0.0002
v 22610.3388 30621.1958 0.0002
v 22608.2014 30618.9011 0.0002
v 22608.2014 30618.9011 0.0002
v 22608.2014 30618.9011 0.0002
v 22609.9376 30617.2009 0.0002
v 22609.9376 30617.2009 0.0002
v 22609.9376 30617.2009 0.0002
v 22607.8096 30615.0279 0.0002
v 22607.8096 30615.0279 0.0002
v 22607.8096 30615.0279 0.0002
v 22606.8157 30616.0012 0.0002
v 22606.8157 30616.0012 0.0002
v 22606.8157 30616.0012 0.0002
v 22606.8157 30616.0012 0.0002
v 22556.3673 30563.0971 0.0002
v 22556.3673 30563.0971 0.0002
v 22556.3766 30563.0885 0.0002
v 22556.3766 30563.0885 0.0002
v 22556.3766 30563.0885 0.0002
v 22552.8304 30559.5727 0.0003
v 22552.8304 30559.5727 0.0003
v 22552.8304 30559.5727 0.0003
v 22551.0322 30558.3095 0.0003
v 22551.0322 30558.3095 0.0003
v 22551.0322 30558.3095 0.0003
v 22549.1844 30557.3949 0.0003
v 22549.1844 30557.3949 0.0003
v 22549.1844 30557.3949 0.0003
v 22530.4823 30553.6328 0.0004
v 22530.4823 30553.6328 0.0004
v 22530.4823 30553.6328 0.0004
v 22530.4823 30553.6328 0.0004
v 22530.4830 30553.6286 0.0004
v 22530.4830 30553.6286 0.0004
v 22530.4830 30553.6286 0.0004
v 22526.5283 30552.0007 0.0004
v 22526.5283 30552.0007 0.0004
v 22523.5928 30550.0147 0.0005
v 22523.5928 30550.0147 0.0005
v 22523.5928 30550.0147 0.0005
v 22520.5720 30546.8472 0.0005
v 22520.5720 30546.8472 0.0005
v 22520.5720 30546.8472 0.0005
v 22518.9874 30543.6017 0.0006
v 22518.9874 30543.6017 0.0006
v 22518.9874 30543.6017 0.0006
v 22517.8642 30540.2863 0.0006
v 22517.8642 30540.2863 0.0006
v 22517.8642 30540.2863 0.0006
v 22518.0753 30533.4236 0.0007
v 22518.0753 30533.4236 0.0007
v 22518.0753 30533.4236 0.0007
v 22519.0750 30528.7310 0.0007
v 22519.0750 30528.7310 0.0007
v 22519.0750 30528.7310 0.0007
v 22521.3429 30525.4837 0.0008
v 22521.3429 30525.4837 0.0008
v 22521.3429 30525.4837 0.0008
v 22526.0948 30520.7163 0.0008
v 22526.0948 30520.7163 0.0008
v 22526.0948 30520.7163 0.0008
v 22515.0958 30509.9982 0.0011
v 22515.0958 30509.9982 0.0011
v 22515.0958 30509.9982 0.0011
v 22510.5231 30516.0728 0.0010
v 22510.5231 30516.0728 0.0010
v 22510.5231 30516.0728 0.0010
v 22506.9430 30523.4653 0.0009
v 22506.9430 30523.4653 0.0009
v 22506.9430 30523.4653 0.0009
v 22505.3910 30531.0261 0.0008
v 22505.3910 30531.0261 0.0008
v 22505.3910 30531.0261 0.0008
v 22504.9448 30540.2309 0.0007
v 22504.9448 30540.2309 0.0007
v 22504.9448 30540.2309 0.0007
v 22504.2352 30556.8583 0.0005
v 22504.2352 30556.8583 0.0005
v 22504.2352 30556.8583 0.0005
v 22504.4048 30561.4847 0.0005
v 22504.4048 30561.4847 0.0005
v 22504.4048 30561.4847 0.0005
v 22504.3806 30561.4860 0.0005
v 22504.3806 30561.4860 0.0005
v 22504.3806 30561.4860 0.0005
v 22504.3806 30561.4860 0.0005
v 22504.9467 30577.5638 0.0004
v 22504.9467 30577.5638 0.0004
v 22505.8409 30581.1422 0.0003
v 22505.8409 30581.1422 0.0003
v 22505.8409 30581.1422 0.0003
v 22507.3436 30584.0209 0.0003
v 22507.3436 30584.0209 0.0003
v 22507.3436 30584.0209 0.0003
v 22509.8497 30586.8700 0.0003
v 22509.8497 30586.8700 0.0003
v 22509.8497 30586.8700 0.0003
v 22513.3218 30588.8054 0.0002
v 22513.3218 30588.8054 0.0002
v 22513.3218 30588.8054 0.0002
v 22517.6348 30590.2884 0.0002
v 22517.6348 30590.2884 0.0002
v 22517.6348 30590.2884 0.0002
v 22517.6348 30590.2884 0.0002
v 22521.4460 30592.2750 0.0002
v 22521.4460 30592.2750 0.0002
v 22524.1616 30594.9130 0.0001
v 22524.1616 30594.9130 0.0001
v 22524.1616 30594.9130 0.0001
v 22526.0596 30597.6088 0.0001
v 22526.0596 30597.6088 0.0001
v 22526.0596 30597.6088 0.0001
v 22527.2248 30600.7037 0.0001
v 22527.2248 30600.7037 0.0001
v 22527.2248 30600.7037 0.0001
v 22527.7945 30605.6192 0.0001
v 22527.7945 30605.6192 0.0001
v 22527.7945 30605.6192 0.0001
v 22528.0394 30616.2855 0.0001
v 22528.0394 30616.2855 0.0001
v 22528.0394 30616.2855 0.0001
v 22526.8280 30620.7807 0.0001
v 22526.8280 30620.7807 0.0001
v 22526.8280 30620.7807 0.0001
v 22526.0375 30623.0303 0.0001
v 22526.0375 30623.0303 0.0001
v 22526.0375 30623.0303 0.0001
v 22525.7843 30625.4205 0.0001
v 22525.7843 30625.4205 0.0001
v 22525.7843 30625.4205 0.0001
v 22525.9293 30628.3668 0.0001
v 22525.9293 30628.3668 0.0001
v 22525.9293 30628.3668 0.0001
v 22525.2199 30628.3949 0.0001
v 22525.2199 30628.3949 0.0001
v 22525.2199 30628.3949 0.0001
v 22525.2199 30628.3949 0.0001
v 22525.1948 30627.3187 0.0001
v 22525.1948 30627.3187 0.0001
v 22523.5696 30627.3566 0.0001
v 22523.5696 30627.3566 0.0001
v 22523.5696 30627.3566 0.0001
v 22523.5696 30627.3566 0.0001
v 22523.5696 30627.3566 0.0001
v 22523.5696 30627.3566 0.0001
v 22523.6726 30631.7823 0.0001
v 22523.6726 30631.7823 0.0001
v 22523.6726 30631.7823 0.0001
v 22517.7906 30632.1223 0.0002
v 22517.7906 30632.1223 0.0002
v 22517.7906 30632.1223 0.0002
v 22515.6661 30632.1912 0.0002
v 22515.6661 30632.1912 0.0002
v 22515.6661 30632.1912 0.0002
v 22515.6678 30632.2449 0.0002
v 22515.6678 30632.2449 0.0002
v 22515.6678 30632.2449 0.0002
v 22510.1561 30632.5635 0.0002
v 22510.1561 30632.5635 0.0002
v 22510.1561 30632.5635 0.0002
v 22509.8089 30626.5552 0.0002
v 22509.8089 30626.5552 0.0002
v 22509.8089 30626.5552 0.0002
v 22505.4113 30626.5456 0.0002
v 22505.4113 30626.5456 0.0002
v 22505.4113 30626.5456 0.0002
v 22505.4113 30626.5456 0.0002
v 22506.3454 30649.0954 0.0003
v 22506.3454 30649.0954 0.0003
v 22506.3454 30649.0954 0.0003
v 22507.6883 30681.5135 0.0006
v 22507.6883 30681.5135 0.0006
v 22507.6883 30681.5135 0.0006
v 22507.6883 30681.5135 0.0006
v 22515.3776 30681.2096 0.0005
v 22515.3776 30681.2096 0.0005
v 22515.3776 30681.2096 0.0005
v 22515.3776 30681.2096 0.0005
v 22507.6888 30681.5126 83.2603
v 22507.6888 30681.5126 83.2603
v 22507.6888 30681.5126 83.2603
v 22507.6888 30681.5126 83.2603
v 22507.4021 30674.5901 83.2602
v 22507.4021 30674.5901 83.2602
v 22507.4021 30674.5901 83.2602
v 22507.4021 30674.5901 83.2602
v 22507.4021 30674.5901 83.2602
v 22507.4021 30674.5901 83.2602
v 22507.4021 30674.5901 83.2602
v 22507.4021 30674.5901 83.2602
v 22515.1023 30674.3958 83.2602
v 22515.1023 30674.3958 83.2602
v 22515.1023 30674.3958 83.2602
v 22515.1023 30674.3958 83.2602
v 22515.3781 30681.2087 83.2602
v 22515.3781 30681.2087 83.2602
v 22515.3781 30681.2087 83.2602
v 22515.3781 30681.2087 83.2602
v 22515.3781 30681.2087 83.2602
f 4 8 9
f 13 5 18
f 26 31 32
f 36 27 39
f 49 54 56
f 50 63 55
f 59 60 64
f 68 61 70
f 62 51 69
f 74 52 76
f 53 46 75
f 80 47 84
f 48 57 83
f 58 65 82
f 93 87 96
f 81 66 95
f 67 71 94
f 99 72 101
f 73 77 100
f 105 78 108
f 79 85 107
f 86 88 106
f 111 89 112
f 118 90 119
f 122 91 125
f 92 97 124
f 98 102 123
f 129 103 132
f 104 109 131
f 110 113 130
f 135 114 137
f 115 144 136
f 141 142 152
f 143 116 151
f 117 120 150
f 121 126 149
f 163 168 170
f 164 177 169
f 173 174 180
f 190 195 197
f 206 200 208
f 196 191 207
f 212 192 216
f 225 229 232
f 235 241 242
f 245 236 246
f 251 237 252
f 255 238 256
f 259 239 262
f 240 230 261
f 231 226 260
f 268 227 271
f 228 220 270
f 221 278 269
f 274 275 279
f 285 276 287
f 277 222 286
f 291 223 296
f 224 233 295
f 234 243 294
f 244 247 293
f 304 309 311
f 305 318 310
f 314 315 319
f 323 316 326
f 317 306 325
f 335 329 338
f 324 307 337
f 308 301 336
f 341 302 344
f 303 312 343
f 313 320 342
f 348 321 351
f 322 327 350
f 328 330 349
f 355 331 360
f 371 375 376
f 379 372 356
f 365 373 381
f 374 366 380
f 384 367 387
f 368 395 386
f 391 398 385
f 390 396 401
f 397 392 400
f 410 405 416
f 399 393 415
f 394 369 414
f 370 377 413
f 378 357 412
f 423 428 429
f 433 424 434
f 437 425 438
f 444 426 446
f 427 420 445
f 450 421 452
f 422 430 451
f 455 431 458
f 432 435 457
f 436 439 456
f 461 440 465
f 441 419 464
f 411 358 463
f 359 332 462
f 468 333 471
f 334 339 470
f 340 345 469
f 474 346 476
f 347 352 475
f 479 353 483
f 354 361 482
f 493 498 499
f 502 494 504
f 495 511 503
f 507 508 512
f 517 509 520
f 510 496 519
f 497 487 518
f 523 488 526
f 489 536 525
f 540 544 545
f 550 541 552
f 561 567 568
f 571 562 576
f 563 586 575
f 581 590 574
f 587 594 573
f 591 600 572
f 580 595 606
f 596 614 605
f 610 618 604
f 615 557 603
f 551 542 602
f 543 537 601
f 609 538 625
f 539 546 624
f 547 634 623
f 629 638 622
f 635 642 621
f 639 530 620
f 524 531 619
f 628 532 648
f 533 656 647
f 652 660 646
f 664 668 643
f 651 665 672
f 681 676 682
f 685 669 686
f 691 670 694
f 671 666 693
f 667 661 692
f 697 662 700
f 663 644 699
f 645 657 698
f 704 658 706
f 659 653 705
f 709 654 712
f 655 534 711
f 535 490 710
f 716 491 720
f 492 500 719
f 501 505 718
f 506 513 717
f 723 514 726
f 730 735 736
f 739 731 740
f 744 732 745
f 748 733 753
f 734 724 752
f 725 515 751
f 516 521 750
f 522 527 749
f 756 528 761
f 529 640 760
f 641 636 759
f 637 630 758
f 631 768 757
f 765 766 772
f 767 632 771
f 633 548 770
f 549 553 769
f 775 554 776
f 780 555 783
f 556 616 782
f 617 611 781
f 786 612 788
f 613 597 787
f 791 598 796
f 599 592 795
f 593 588 794
f 589 582 793
f 583 803 792
f 800 801 806
f 802 584 805
f 585 564 804
f 810 565 813
f 566 558 812
f 822 827 833
f 823 841 832
f 838 817 831
f 811 559 830
f 560 569 829
f 570 577 828
f 837 578 846
f 579 607 845
f 608 626 844
f 627 649 843
f 650 673 842
f 851 674 853
f 675 677 852
f 856 678 857
f 861 679 865
f 680 683 864
f 684 687 863
f 688 872 862
f 869 870 876
f 871 689 875
f 690 695 874
f 696 701 873
f 879 702 882
f 703 707 881
f 708 713 880
f 886 714 889
f 715 721 888
f 722 727 887
f 892 728 895
f 729 737 894
f 738 741 893
f 898 742 902
f 743 746 901
f 747 754 900
f 755 762 899
f 905 763 908
f 764 773 907
f 774 777 906
f 911 778 915
f 779 784 914
f 785 789 913
f 790 797 912
f 918 798 920
f 799 807 919
f 924 808 926
f 809 814 925
f 929 815 932
f 816 839 931
f 840 824 930
f 935 825 937
f 826 818 936
f 940 819 943
f 951 956 958
f 952 946 957
f 963 941 966
f 942 820 965
f 821 834 964
f 969 835 971
f 836 847 970
f 975 848 977
f 486 980 988
f 976 849 987
f 850 854 986
f 855 858 985
f 996 999 1004
f 1012 1017 1022
f 1013 1030 1021
f 1034 1025 1040
f 1047 1052 1055
f 1048 1061 1054
f 1043 1058 1066
f 1053 1059 1065
f 1060 1049 1064
f 1074 1079 1081
f 1075 1089 1080
f 1084 1085 1092
f 1086 1099 1091
f 1069 1096 1104
f 1090 1097 1103
f 1098 1087 1102
f 1088 1076 1101
f 1008 1107 1110
f 1100 1077 1109
f 1078 1070 1108
f 1113 1071 1114
f 1117 1072 1120
f 1073 1082 1119
f 1083 1093 1118
f 1123 1094 1127
f 1095 1062 1126
f 1063 1050 1125
f 1051 1044 1124
f 1130 1045 1134
f 1046 1056 1133
f 1057 1035 1132
f 1142 1137 1144
f 1131 1036 1143
f 1148 1037 1149
f 1154 1038 1156
f 1039 1018 1155
f 1159 1019 1165
f 1020 1026 1164
f 1172 1176 1181
f 1181 1176 1185
f 1173 1192 1184
f 1197 1202 1203
f 1208 1198 1211
f 1199 1219 1210
f 1224 1229 1230
f 1236 1225 1239
f 1226 1247 1238
f 1251 1255 1256
f 1263 1252 1265
f 1272 1277 1281
f 1273 1268 1280
f 1264 1253 1279
f 1254 1248 1278
f 1285 1249 1287
f 1250 1257 1286
f 1291 1258 1295
f 1259 1242 1294
f 1237 1243 1293
f 1301 1298 1303
f 1292 1244 1302
f 1306 1245 1309
f 1246 1227 1308
f 1228 1220 1307
f 1313 1221 1314
f 1318 1222 1320
f 1223 1231 1319
f 1324 1232 1327
f 1233 1214 1326
f 1209 1215 1325
f 1330 1216 1331
f 1334 1217 1337
f 1218 1200 1336
f 1201 1193 1335
f 1341 1194 1342
f 1345 1195 1348
f 1196 1204 1347
f 1205 1188 1346
f 1352 1182 1354
f 1183 1189 1353
f 1357 1190 1361
f 1191 1174 1360
f 1175 1169 1359
f 1369 1364 1373
f 1358 1170 1372
f 1171 1177 1371
f 1178 1381 1370
f 1377 1378 1383
f 1391 1396 1398
f 1405 1412 1413
f 1417 1406 1419
f 1428 1422 1430
f 1418 1407 1429
f 1433 1408 1434
f 1438 1409 1441
f 1449 1455 1458
f 1445 1461 1462
f 1465 1456 1467
f 1457 1450 1466
f 1470 1451 1473
f 1452 1482 1472
f 1478 1487 1471
f 1477 1483 1488
f 1491 1484 1494
f 1503 1507 1510
f 1504 1518 1509
f 1522 1513 1523
f 1527 1508 1528
f 1508 1514 1528
f 1531 1515 1532
f 1536 1516 1540
f 1517 1505 1539
f 1506 1499 1538
f 1500 1498 1537
f 1543 1492 1546
f 1493 1485 1545
f 1486 1479 1544
f 1549 1480 1552
f 1481 1453 1551
f 1454 1446 1550
f 1555 1447 1561
f 1448 1459 1560
f 1460 1439 1559
f 1440 1410 1558
f 1411 1403 1557
f 1404 1414 1556
f 1564 1415 1567
f 1416 1420 1566
f 1421 1423 1565
f 1570 1424 1573
f 1425 1402 1572
f 1397 1392 1571
f 1577 1393 1579
f 1586 1591 1595
f 1587 1582 1594
f 1578 1394 1593
f 1395 1388 1592
f 1598 1389 1600
f 1390 1399 1599
f 1604 1400 1608
f 1401 1426 1607
f 1427 1431 1606
f 1432 1435 1605
f 1611 1436 1613
f 1437 1442 1612
f 1616 1443 1620
f 1444 1463 1619
f 1464 1468 1618
f 1469 1474 1617
f 1623 1475 1626
f 1476 1489 1625
f 1490 1495 1624
f 1629 1496 1633
f 1497 1501 1632
f 1502 1511 1631
f 1512 1519 1630
f 1636 1520 1638
f 1521 1524 1637
f 1641 1525 1646
f 1526 1529 1645
f 1530 1533 1644
f 1653 1649 1654
f 1658 1642 1666
f 1643 1534 1665
f 1535 1541 1664
f 1542 1547 1663
f 1548 1553 1662
f 1554 1562 1661
f 1563 1568 1660
f 1569 1574 1659
f 1671 1575 1674
f 1576 1580 1673
f 1581 1588 1672
f 1678 1589 1680
f 1590 1583 1679
f 1684 1584 1687
f 1585 1596 1686
f 1597 1601 1685
f 1690 1602 1699
f 1603 1609 1698
f 1610 1614 1697
f 1615 1621 1696
f 1622 1627 1695
f 1628 1634 1694
f 1635 1639 1693
f 1640 1647 1692
f 1648 1650 1691
f 1702 1651 1704
f 1652 1655 1703
f 1710 1656 1712
f 1657 1667 1711
f 1716 1668 1717
f 1720 1669 1722
f 1670 1675 1721
f 1726 1676 1728
f 1677 1681 1727
f 1731 1682 1735
f 1683 1688 1734
f 1689 1700 1733
f 1701 1705 1732
f 1738 1706 1740
f 1707 1751 1739
f 1744 1745 1752
f 1755 1746 1756
f 1760 1747 1770
f 1748 1387 1769
f 1382 1379 1768
f 1380 1179 1767
f 1180 1186 1766
f 1187 1206 1765
f 1207 1212 1764
f 1213 1234 1763
f 1235 1240 1762
f 1241 1260 1761
f 1773 1261 1776
f 1262 1266 1775
f 1267 1274 1774
f 1779 1275 1781
f 1276 1269 1780
f 1786 1270 1788
f 1271 1282 1787
f 1792 1283 1794
f 1284 1288 1793
f 1797 1289 1802
f 1290 1296 1801
f 1297 1299 1800
f 1300 1304 1799
f 1305 1310 1798
f 1805 1311 1807
f 1312 1315 1806
f 1810 1316 1812
f 1317 1321 1811
f 1815 1322 1819
f 1323 1328 1818
f 1329 1332 1817
f 1333 1338 1816
f 1822 1339 1825
f 1340 1343 1824
f 1344 1349 1823
f 1828 1350 1832
f 1351 1355 1831
f 1356 1362 1830
f 1363 1365 1829
f 1835 1366 1836
f 1839 1367 1842
f 1368 1374 1841
f 1849 1846 1852
f 1840 1375 1851
f 1376 1384 1850
f 1855 1385 1864
f 1386 1749 1863
f 1750 1708 1862
f 1709 1713 1861
f 1871 1876 1877
f 1881 1872 1882
f 1885 1873 1889
f 1899 1904 1906
f 1913 1918 1921
f 1914 1909 1920
f 1905 1900 1919
f 1925 1901 1926
f 1929 1902 1931
f 1903 1894 1930
f 1935 1895 1940
f 1948 1952 1954
f 1963 1968 1969
f 1975 1964 1978
f 1965 1986 1977
f 1990 1996 1997
f 2005 1991 2006
f 2009 1992 2011
f 1993 2020 2010
f 2014 2015 2021
f 2024 2016 1937
f 2027 1943 2030
f 1936 2017 2029
f 2037 2033 2041
f 2028 2018 2040
f 2019 1994 2039
f 1995 1987 2038
f 2044 1988 2046
f 1989 1998 2045
f 2050 1999 2053
f 2000 1981 2052
f 1976 1982 2051
f 2056 1983 2057
f 2060 1984 2063
f 1985 1966 2062
f 1967 1959 2061
f 2067 1960 2068
f 2071 1961 2073
f 1962 1970 2072
f 2077 1971 2081
f 1972 1958 2080
f 1953 1949 2079
f 2087 2084 2092
f 2078 1950 2091
f 1951 1944 2090
f 2099 2095 2100
f 2104 2088 2106
f 2089 1945 2105
f 2109 1946 2111
f 1947 1955 2110
f 2114 1956 2118
f 1957 1973 2117
f 1974 1979 2116
f 1980 2001 2115
f 2123 2002 2124
f 2128 2003 2134
f 2004 2007 2133
f 2008 2012 2132
f 2013 2022 2131
f 2023 1938 2130
f 1939 1896 2129
f 2137 1897 2140
f 1898 1907 2139
f 1908 1915 2138
f 2143 1916 2145
f 1917 1910 2144
f 2149 1911 2151
f 1912 1922 2150
f 2155 1923 2158
f 1924 1927 2157
f 1928 1932 2156
f 2161 1933 2166
f 1934 1941 2165
f 1942 2025 2164
f 2026 2031 2163
f 2032 2034 2162
f 2169 2035 2172
f 2036 2042 2171
f 2043 2047 2170
f 2175 2048 2179
f 2049 2054 2178
f 2055 2058 2177
f 2059 2064 2176
f 2182 2065 2185
f 2066 2069 2184
f 2070 2074 2183
f 2188 2075 2193
f 2076 2082 2192
f 2083 2085 2191
f 2086 2093 2190
f 2094 2096 2189
f 2196 2097 2198
f 2098 2101 2197
f 2201 2102 2206
f 2103 2107 2205
f 2108 2112 2204
f 2113 2119 2203
f 2213 2209 2216
f 2202 2120 2215
f 2223 2219 2226
f 2214 2121 2225
f 2122 2125 2224
f 2231 2126 2235
f 2127 2135 2234
f 2136 2141 2233
f 2142 2146 2232
f 2239 2147 2241
f 2148 2152 2240
f 2244 2153 2255
f 2154 2159 2254
f 2160 2167 2253
f 2168 2173 2252
f 2174 2180 2251
f 2181 2186 2250
f 2187 2194 2249
f 2195 2199 2248
f 2200 2207 2247
f 2208 2210 2246
f 2263 2258 2267
f 2245 2211 2266
f 2212 2217 2265
f 2218 2220 2264
f 2270 2221 2278
f 2222 2227 2277
f 2286 2291 2294
f 2287 2300 2293
f 2305 2297 2309
f 2292 2298 2308
f 2299 2288 2307
f 2318 2312 2321
f 2306 2289 2320
f 2290 2283 2319
f 2326 2284 2329
f 2285 2295 2328
f 2296 2301 2327
f 2332 2302 2271
f 2282 2303 2335
f 2304 2310 2334
f 2311 2313 2333
f 2338 2314 2341
f 2315 2348 2340
f 2353 2344 2355
f 2339 2345 2354
f 2358 2346 2361
f 2347 2316 2360
f 2317 2322 2359
f 2365 2323 1886
f 1893 2324 2368
f 2325 2330 2367
f 2331 2272 2366
f 2372 2273 2373
f 2378 2274 2387
f 2394 2398 2401
f 2412 2416 2419
f 2413 2433 2418
f 2439 2447 2449
f 2456 2452 2461
f 2448 2440 2460
f 2470 2466 2471
f 2474 2457 2475
f 2479 2458 2383
f 2459 2441 2382
f 2442 2425 2381
f 2417 2426 2380
f 2427 2408 2379
f 2390 2399 2481
f 2400 2395 2480
f 2487 2396 2489
f 2397 2391 2488
f 2493 2392 2495
f 2393 2402 2494
f 2499 2403 2500
f 2503 2404 2504
f 2508 2405 2509
f 2513 2406 2515
f 2407 2428 2514
f 2518 2429 2519
f 2522 2430 2523
f 2528 2431 2531
f 2432 2414 2530
f 2415 2409 2529
f 2534 2410 2536
f 2411 2420 2535
f 2540 2421 2541
f 2544 2422 2545
f 2549 2423 2552
f 2424 2443 2551
f 2444 2559 2550
f 2556 2557 2562
f 2558 2445 2561
f 2446 2434 2560
f 2565 2435 2566
f 2569 2436 2570
f 2575 2437 2578
f 2438 2450 2577
f 2451 2453 2576
f 2581 2454 2583
f 2455 2462 2582
f 2587 2463 2588
f 2591 2464 2593
f 2465 2467 2592
f 2597 2468 2600
f 2469 2472 2599
f 2473 2476 2598
f 2603 2477 2606
f 2478 2384 2605
f 2613 2617 2619
f 2628 2633 2634
f 2641 2629 2644
f 2630 2652 2643
f 2657 2661 2662
f 2661 2670 2662
f 2667 2668 2672
f 2669 2658 2671
f 2678 2659 2681
f 2660 2653 2680
f 2691 2696 2698
f 2704 2709 2712
f 2705 2700 2711
f 2697 2692 2710
f 2716 2693 2717
f 2721 2694 2723
f 2695 2685 2722
f 2727 2686 2730
f 2687 2684 2729
f 2679 2654 2728
f 2733 2655 2735
f 2656 2663 2734
f 2738 2664 2739
f 2742 2665 2744
f 2666 2673 2743
f 2748 2674 2751
f 2675 2647 2750
f 2642 2648 2749
f 2754 2649 2755
f 2758 2650 2761
f 2651 2631 2760
f 2632 2624 2759
f 2765 2625 2766
f 2769 2626 2771
f 2627 2635 2770
f 2775 2636 2778
f 2637 2623 2777
f 2618 2614 2776
f 2781 2615 2785
f 2616 2610 2784
f 2792 2788 2793
f 2797 2782 2799
f 2783 2611 2798
f 2802 2612 2803
f 2612 2620 2803
f 2806 2621 2808
f 2622 2638 2807
f 2813 2639 2818
f 2640 2645 2817
f 2646 2676 2816
f 2677 2682 2815
f 2683 2688 2814
f 2821 2689 2822
f 2826 2690 2829
f 2691 2698 2828
f 2699 2706 2827
f 2832 2707 2834
f 2708 2701 2833
f 2838 2702 2840
f 2703 2713 2839
f 2844 2714 2846
f 2715 2718 2845
f 2849 2719 2851
f 2720 2724 2850
f 2854 2725 2857
f 2726 2731 2856
f 2732 2736 2855
f 2737 2740 2860
f 2860 2740 2862
f 2741 2745 2861
f 2865 2746 2869
f 2747 2752 2868
f 2753 2756 2867
f 2757 2762 2866
f 2872 2763 2875
f 2764 2767 2874
f 2768 2772 2873
f 2878 2773 2882
f 2774 2779 2881
f 2780 2786 2880
f 2787 2789 2879
f 2885 2790 2887
f 2791 2794 2886
f 2890 2795 2895
f 2796 2800 2894
f 2801 2804 2893
f 2805 2809 2892
f 2902 2898 2904
f 2891 2810 2903
f 2907 2811 2914
f 2812 2819 2913
f 2820 2823 2912
f 2922 2928 2929
f 2934 2923 2935
f 2938 2924 2939
f 2944 2925 2948
f 2955 2960 2964
f 2964 2960 2965
f 2969 2956 2973
f 2973 2956 2974
f 2977 2957 2980
f 2988 2995 2997
f 2984 3007 3008
f 3011 3002 3014
f 3003 3001 3013
f 2996 2989 3012
f 3017 2990 3018
f 3022 2991 3023
f 3026 2992 3028
f 3038 3044 3045
f 3048 3039 3049
f 3053 3040 3057
f 3057 3040 3059
f 3041 3066 3058
f 3062 3063 2945
f 2951 3064 3069
f 3065 3042 3068
f 3043 3033 3067
f 3072 3034 3076
f 3035 3032 3075
f 3027 2993 3074
f 2994 2985 3073
f 3079 2986 3081
f 2987 2998 3080
f 3084 2999 3086
f 3000 3004 3085
f 3089 3005 3093
f 3006 2978 3092
f 2979 2958 3091
f 2959 2952 3090
f 3096 2953 3098
f 2954 2961 3097
f 3101 2962 3103
f 2963 2966 3102
f 3109 2967 3111
f 2968 2970 3110
f 3114 2971 3117
f 2972 2975 3116
f 2976 2981 3115
f 3120 2982 3124
f 2983 3009 3123
f 3010 3015 3122
f 3016 3019 3121
f 3127 3020 3130
f 3021 3024 3129
f 3025 3029 3128
f 3133 3030 3137
f 3031 3036 3136
f 3037 3046 3135
f 3047 3050 3134
f 3141 3051 3143
f 3052 3054 3142
f 3146 3055 3151
f 3056 3060 3150
f 3061 2946 3149
f 2947 2926 3148
f 2927 2919 3147
f 3154 2920 3157
f 2921 2930 3156
f 3166 3160 3168
f 3155 2931 3167
f 3171 2932 3175
f 2933 2936 3174
f 2937 2940 3173
f 3181 3178 3185
f 3172 2941 3184
f 3193 3188 3194
f 3197 3182 3207
f 3183 2942 3206
f 2943 2949 3205
f 2950 3070 3204
f 3071 3077 3203
f 3078 3082 3202
f 3083 3087 3201
f 3088 3094 3200
f 3095 3099 3199
f 3100 3104 3198
f 3212 3105 3213
f 3216 3106 3217
f 3221 3107 3227
f 3108 3112 3226
f 3113 3118 3225
f 3119 3125 3224
f 3126 3131 3223
f 3132 3138 3222
f 3230 3139 3235
f 3140 3144 3234
f 3145 3152 3233
f 3153 3158 3232
f 3159 3161 3231
f 3238 3162 3240
f 3163 3248 3239
f 3244 3245 3249
f 3253 3246 3260
f 3247 3164 3259
f 3165 3169 3258
f 3170 3176 3257
f 3177 3179 3256
f 3180 3186 3255
f 3187 3189 3254
f 3263 3190 3264
f 3268 3191 3271
f 3192 3195 3270
f 3196 3208 3269
f 3274 3209 3276
f 3286 3290 3292
f 3287 3302 3291
f 3295 3296 3303
f 3308 3297 3310
f 3298 3318 3309
f 3313 3314 3320
f 3315 3328 3319
f 3324 3325 3332
f 3335 3340 3344
f 3336 3351 3343
f 3348 3357 3342
f 3360 3347 3362
f 3341 3352 3361
f 3366 3353 3369
f 3354 3376 3368
f 3382 3386 3388
f 3383 3398 3387
f 3391 3392 3399
f 3403 3393 3404
f 3408 3394 3409
f 3412 3395 3413
f 3418 3396 3421
f 3397 3384 3420
f 3385 3377 3419
f 3424 3378 3430
f 3379 3373 3429
f 3367 3374 3428
f 3375 3355 3427
f 3356 3349 3426
f 3350 3337 3425
f 3433 3338 3435
f 3339 3329 3434
f 3438 3330 3442
f 3331 3326 3441
f 3327 3316 3440
f 3317 3299 3439
f 3445 3300 3448
f 3301 3288 3447
f 3289 3280 3446
f 3451 3281 3455
f 3282 3463 3454
f 3467 3458 3468
f 3472 3452 3476
f 3453 3459 3475
f 3460 3483 3474
f 3480 3488 3473
f 3479 3484 3489
f 3492 3485 3493
f 3498 3486 3502
f 3487 3481 3501
f 3482 3461 3500
f 3462 3283 3499
f 3505 3284 3508
f 3285 3293 3507
f 3294 3304 3506
f 3512 3305 3513
f 3516 3306 3519
f 3307 3311 3518
f 3312 3321 3517
f 3522 3322 3527
f 3323 3333 3526
f 3334 3345 3525
f 3346 3358 3524
f 3359 3363 3523
f 3530 3364 3532
f 3365 3370 3531
f 3535 3371 3539
f 3372 3380 3538
f 3381 3389 3537
f 3390 3400 3536
f 3542 3401 3544
f 3402 3405 3543
f 3548 3406 3551
f 3407 3410 3550
f 3411 3414 3549
f 3555 3415 3556
f 3560 3416 3569
f 3417 3422 3568
f 3423 3431 3567
f 3432 3436 3566
f 3437 3443 3565
f 3444 3449 3564
f 3450 3456 3563
f 3457 3464 3562
f 3578 3574 3581
f 3561 3465 3580
f 3466 3469 3579
f 3584 3470 3588
f 3471 3477 3587
f 3478 3490 3586
f 3491 3494 3585
f 3592 3495 3593
f 3597 3496 3600
f 3497 3503 3599
f 3504 3509 3598
f 3603 3510 3610
f 3511 3514 3609
f 3515 3520 3608
f 3521 3528 3607
f 3529 3533 3606
f 3534 3540 3605
f 3541 3545 3604
f 3615 3546 3617
f 3547 3552 3616
f 3620 3553 3622
f 3554 3557 3621
f 3625 3558 3627
f 3559 3570 3626
f 3631 3571 3634
f 3640 3637 2908
f 2918 3632 3643
f 3633 3572 3642
f 3573 3575 3641
f 3646 3576 3649
f 3577 3582 3648
f 3583 3589 3647
f 3652 3590 3654
f 3591 3594 3653
f 3657 3595 3661
f 3596 3601 3660
f 3602 3611 3659
f 3612 3669 3658
f 3664 3665 3674
f 3666 3279 3673
f 3275 3210 3672
f 3211 3214 3671
f 3215 3218 3670
f 3677 3219 3681
f 3220 3228 3680
f 3229 3236 3679
f 3237 3241 3678
f 3687 3242 1857
f 3243 3250 1856
f 1867 3251 3690
f 3252 3261 3689
f 3262 3265 3688
f 3693 3266 3701
f 3267 3272 3700
f 3273 3277 3699
f 3278 3667 3698
f 3668 3613 3697
f 3614 3618 3696
f 3619 3623 3695
f 3624 3628 3694
f 3704 3629 3708
f 3630 3635 3707
f 3636 3638 3706
f 3639 2909 3705
f 3712 2910 3716
f 2911 2824 3715
f 2825 2830 3714
f 2831 2835 3713
f 3719 2836 3721
f 2837 2841 3720
f 3725 2842 3736
f 2843 2847 3735
f 2848 2852 3734
f 2853 2858 3733
f 2859 2863 3732
f 2864 2870 3731
f 2871 2876 3730
f 2877 2883 3729
f 2884 2888 3728
f 2889 2896 3727
f 2897 2899 3726
f 3739 2900 3742
f 2901 2905 3741
f 2906 2915 3740
f 3745 2916 3756
f 2917 3644 3755
f 3645 3650 3754
f 3651 3655 3753
f 3656 3662 3752
f 3663 3675 3751
f 3676 3682 3750
f 3683 2609 3749
f 2604 2385 3748
f 2386 2275 3747
f 2276 2228 3746
f 3759 2229 3761
f 2230 2236 3760
f 3764 2237 3768
f 2238 2242 3767
f 2243 2256 3766
f 2257 2259 3765
f 3772 2260 3776
f 3785 3789 3790
f 3797 3793 3799
f 3793 3786 3799
f 3786 3807 3799
f 3803 3811 3798
f 3802 3808 3814
f 3818 3824 3825
f 3828 3819 3830
f 3820 3838 3829
f 3833 3834 3841
f 3835 3850 3840
f 3846 3856 3839
f 3845 3851 3857
f 3860 3852 3862
f 3853 3870 3861
f 3866 3867 3874
f 3877 3881 3885
f 3878 3892 3884
f 3896 3888 3897
f 3901 3882 3903
f 3883 3889 3902
f 3906 3890 3910
f 3910 3890 3913
f 3891 3879 3912
f 3880 3871 3911
f 3916 3872 3920
f 3873 3868 3919
f 3869 3854 3918
f 3855 3847 3917
f 3923 3848 3926
f 3849 3836 3925
f 3837 3821 3924
f 3929 3822 3933
f 3823 3812 3932
f 3813 3809 3931
f 3810 3804 3930
f 3936 3805 3939
f 3806 3787 3938
f 3788 3780 3937
f 3942 3781 3945
f 3952 3957 3960
f 3953 3968 3959
f 3972 3964 3974
f 3958 3965 3973
f 3977 3966 3948
f 3948 3966 3979
f 3967 3954 3978
f 3984 3955 3986
f 3956 3949 3985
f 3990 3950 3992
f 3951 3961 3991
f 3997 3962 3999
f 3963 3969 3998
f 4002 3970 4006
f 3971 3975 4005
f 3976 3943 4004
f 3944 3782 4003
f 4009 3783 4012
f 3784 3791 4011
f 3792 3794 4010
f 4015 3795 4018
f 3796 3800 4017
f 3801 3815 4016
f 4022 3816 4026
f 3817 3826 4025
f 3827 3831 4024
f 3832 3842 4023
f 4029 3843 4032
f 3844 3858 4031
f 3859 3863 4030
f 4035 3864 4039
f 3865 3875 4038
f 3876 3886 4037
f 3887 3893 4036
f 4042 3894 4044
f 3895 3898 4043
f 4047 3899 4050
f 3900 3904 4049
f 3905 3907 4048
f 4054 3908 4063
f 3909 3914 4062
f 3915 3921 4061
f 3922 3927 4060
f 3928 3934 4059
f 3935 3940 4058
f 3941 3946 4057
f 3947 3980 4056
f 3981 4071 4055
f 4067 4068 3773
f 3779 4069 4074
f 4070 3982 4073
f 3983 3987 4072
f 4077 3988 4079
f 3989 3993 4078
f 4082 3994 4083
f 4086 3995 4091
f 3996 4000 4090
f 4001 4007 4089
f 4008 4013 4088
f 4014 4019 4087
f 4095 4020 4101
f 4021 4027 4100
f 4028 4033 4099
f 4034 4040 4098
f 4041 4045 4097
f 4046 4051 4096
f 4104 4052 4106
f 4053 4064 4105
f 4109 4065 4114
f 4066 3774 4113
f 3775 2261 4112
f 2262 2268 4111
f 2269 2279 4110
f 4117 2280 4121
f 2281 2336 4120
f 2337 2342 4119
f 2343 2349 4118
f 4127 2350 4128
f 4131 2351 4134
f 2352 2356 4133
f 2357 2362 4132
f 4137 2363 4141
f 2364 1887 4140
f 1888 1874 4139
f 1875 1868 4138
f 4144 1869 4146
f 1870 1878 4145
f 4150 1879 4153
f 1880 1883 4152
f 1884 1890 4151
f 4156 1891 1161
f 1892 2369 1160
f 1168 2370 4159
f 2371 2374 4158
f 4168 4174 4177
f 4169 4162 4176
f 4157 2375 4175
f 4180 2376 4183
f 2377 2388 4182
f 2389 2482 4181
f 4187 2483 4188
f 4192 2484 4193
f 4196 2485 4199
f 2486 2490 4198
f 4205 4202 4209
f 4197 2491 4208
f 2492 2496 4207
f 4217 4213 4221
f 4206 2497 4220
f 2498 2501 4219
f 2502 2505 4218
f 4224 2506 4226
f 2507 2510 4225
f 4229 2511 4234
f 2512 2516 4233
f 2517 2520 4232
f 2521 2524 4231
f 2525 4241 4230
f 4238 4239 4246
f 4240 2526 4245
f 2527 2532 4244
f 2533 2537 4243
f 4253 4249 4257
f 4242 2538 4256
f 2539 2542 4255
f 2543 2546 4254
f 4260 2547 4262
f 2548 2553 4261
f 4265 2554 4270
f 2555 2563 4269
f 2564 2567 4268
f 2568 2571 4267
f 2572 4277 4266
f 4274 4275 4282
f 4276 2573 4281
f 2574 2579 4280
f 2580 2584 4279
f 4289 4285 4293
f 4278 2585 4292
f 2586 2589 4291
f 2590 2594 4290
f 4296 2595 4300
f 2596 2601 4299
f 2602 2607 4298
f 2608 3684 4297
f 4303 3685 982
f 3686 1858 981
f 991 1859 4307
f 1860 1714 4306
f 1715 1718 4305
f 1719 1723 4304
f 4310 1724 4314
f 1725 1729 4313
f 1730 1736 4312
f 1737 1741 4311
f 4318 1742 4321
f 1743 1753 4320
f 1754 1757 4319
f 4324 1758 4328
f 1759 1771 4327
f 1772 1777 4326
f 1778 1782 4325
f 4331 1783 4332
f 4335 1784 4337
f 1785 1789 4336
f 4340 1790 4351
f 1791 1795 4350
f 1796 1803 4349
f 1804 1808 4348
f 1809 1813 4347
f 1814 1820 4346
f 1821 1826 4345
f 1827 1833 4344
f 1834 1837 4343
f 1838 1843 4342
f 4359 4354 4367
f 4341 1844 4366
f 1845 1847 4365
f 1848 1853 4364
f 1854 1865 4363
f 1866 3691 4362
f 3692 3702 4361
f 3703 3709 4360
f 4370 3710 4373
f 3711 3717 4372
f 3718 3722 4371
f 4376 3723 4382
f 3724 3737 4381
f 3738 3743 4380
f 3744 3757 4379
f 3758 3762 4378
f 3763 3769 4377
f 4385 3770 4391
f 3771 3777 4390
f 3778 4075 4389
f 4076 4080 4388
f 4081 4084 4387
f 4085 4092 4386
f 4394 4093 4399
f 4094 4102 4398
f 4103 4107 4397
f 4108 4115 4396
f 4116 4122 4395
f 4402 4123 4403
f 4407 4124 4409
f 4416 4412 4423
f 4408 4125 4422
f 4126 4129 4421
f 4130 4135 4420
f 4136 4142 4419
f 4143 4147 4418
f 4430 4426 4435
f 4417 4148 4434
f 4149 4154 4433
f 4155 1162 4432
f 1163 1027 4431
f 4438 1028 4440
f 1029 1014 4439
f 4443 1015 4445
f 1016 1009 4444
f 4448 1010 4451
f 1011 1023 4450
f 1024 1031 4449
f 4454 1032 4461
f 1033 1041 4460
f 1042 1067 4459
f 1068 1105 4458
f 1106 1000 4457
f 4468 4473 4475
f 4469 4482 4474
f 4478 4479 4483
f 4488 4480 4490
f 4481 4470 4489
f 4493 4471 4495
f 4472 4465 4494
f 4500 4466 4503
f 4467 4476 4502
f 4477 4484 4501
f 4506 4485 4507
f 4512 4486 4515
f 4487 4491 4514
f 4492 4496 4513
f 4518 4497 4519
f 4523 4498 4526
f 4499 4504 4525
f 4505 4508 4524
f 4530 4509 4532
f 4542 4536 4549
f 4531 4510 4548
f 4511 4516 4547
f 4517 4520 4546
f 4556 4561 4562
f 4566 4557 4567
f 4570 4558 4571
f 4575 4559 4577
f 4560 4553 4576
f 4582 4554 4584
f 4555 4563 4583
f 4588 4564 4591
f 4565 4568 4590
f 4569 4572 4589
f 4594 4573 4596
f 4574 4578 4595
f 4601 4579 4602
f 4606 4580 4608
f 4581 4585 4607
f 4612 4586 4615
f 4587 4592 4614
f 4593 4597 4613
f 4618 4598 4620
f 4552 4623 4626
f 4619 4599 4625
f 4600 4603 4624
f 4630 4604 4632
f 4605 4609 4631
f 4635 4610 4639
f 4611 4616 4638
f 4617 4621 4637
f 4622 4543 4636
f 4642 4544 4645
f 4545 4521 4644
f 4522 4527 4643
f 4648 4528 4650
f 4529 4533 4649
f 4653 4534 4656
f 4535 4537 4655
f 4538 4464 4654
f 4659 4455 4661
f 4456 1001 4660
f 4665 1002 4668
f 1003 997 4667
f 998 992 4666
f 4673 993 4674
f 4678 994 4680
f 995 1005 4679
f 4683 1006 4690
f 1007 1111 4689
f 1112 1115 4688
f 1116 1121 4687
f 1122 1128 4686
f 1129 1135 4685
f 1136 1138 4684
f 4693 1139 4694
f 4697 1140 4699
f 1141 1145 4698
f 4702 1146 4704
f 1147 1150 4703
f 4707 1151 4708
f 4712 1152 4717
f 1153 1157 4716
f 1158 1166 4715
f 1167 4160 4714
f 4161 4170 4713
f 4721 4171 4722
f 4725 4172 4728
f 4173 4163 4727
f 4735 4731 4737
f 4726 4164 4736
f 4740 4165 4742
f 4749 4754 4756
f 4750 4766 4755
f 4761 4762 4771
f 4763 4745 4770
f 4741 4166 4769
f 4167 4178 4768
f 4179 4184 4767
f 4774 4185 4776
f 4186 4189 4775
f 4779 4190 4784
f 4191 4194 4783
f 4195 4200 4782
f 4201 4203 4781
f 4204 4210 4780
f 4787 4211 4789
f 4212 4214 4788
f 4792 4215 4796
f 4216 4222 4795
f 4223 4227 4794
f 4228 4235 4793
f 4799 4236 4802
f 4237 4247 4801
f 4248 4250 4800
f 4805 4251 4809
f 4252 4258 4808
f 4259 4263 4807
f 4264 4271 4806
f 4812 4272 4815
f 4273 4283 4814
f 4284 4286 4813
f 4818 4287 4824
f 4288 4294 4823
f 4295 4301 4822
f 4302 983 4821
f 984 859 4820
f 860 866 4819
f 4827 867 4830
f 868 877 4829
f 878 883 4828
f 4833 884 4840
f 885 890 4839
f 891 896 4838
f 897 903 4837
f 904 909 4836
f 910 916 4835
f 917 921 4834
f 4843 922 4849
f 923 927 4848
f 928 933 4847
f 934 938 4846
f 939 944 4845
f 945 953 4844
f 4853 954 4855
f 955 947 4854
f 4859 948 4860
f 4865 949 4867
f 950 959 4866
f 4870 960 4871
f 4875 961 4878
f 962 967 4877
f 968 972 4876
f 4883 973 4887
f 974 978 4886
f 979 480 4885
f 481 362 4884
f 4890 363 4894
f 364 382 4893
f 383 388 4892
f 389 402 4891
f 4897 403 4900
f 404 406 4899
f 407 4910 4898
f 4904 4905 4911
f 4914 4906 4915
f 4920 4907 4921
f 4924 4908 4929
f 4909 408 4928
f 409 417 4927
f 418 442 4926
f 443 447 4925
f 4932 448 4942
f 449 453 4941
f 454 459 4940
f 460 466 4939
f 467 472 4938
f 473 477 4937
f 478 484 4936
f 485 989 4935
f 990 4308 4934
f 4309 4315 4933
f 4947 4316 4954
f 4317 4322 4953
f 4323 4329 4952
f 4330 4333 4951
f 4334 4338 4950
f 4339 4352 4949
f 4353 4355 4948
f 4957 4356 4958
f 4962 4357 4969
f 4358 4368 4968
f 4369 4374 4967
f 4375 4383 4966
f 4384 4392 4965
f 4393 4400 4964
f 4401 4404 4963
f 4972 4405 4975
f 4406 4410 4974
f 4411 4413 4973
f 4979 4414 4982
f 4415 4424 4981
f 4425 4427 4980
f 4985 4428 4992
f 4429 4436 4991
f 4437 4441 4990
f 4442 4446 4989
f 4447 4452 4988
f 4453 4462 4987
f 4463 4539 4986
f 4995 4540 4998
f 4541 4550 4997
f 4551 4627 4996
f 5003 4628 5010
f 4629 4633 5009
f 4634 4640 5008
f 4641 4646 5007
f 4647 4651 5006
f 4652 4657 5005
f 4658 4662 5004
f 5014 4663 5016
f 4664 4669 5015
f 5020 4670 5022
f 5030 5034 5035
f 5038 5031 5039
f 5044 5032 5046
f 5033 5027 5045
f 5050 5028 5057
f 5029 5036 5056
f 5037 5040 5055
f 5041 5026 5054
f 5021 4671 5053
f 4672 4675 5052
f 5063 5067 5069
f 5077 5072 5079
f 5068 5064 5078
f 5084 5065 5089
f 5066 5061 5088
f 5062 5070 5087
f 5071 5073 5086
f 5099 5093 5102
f 5085 5074 5101
f 5108 5114 5118
f 5109 5105 5117
f 5100 5075 5116
f 5076 5080 5115
f 5123 5081 5125
f 5134 5138 5143
f 5135 5129 5142
f 5124 5082 5141
f 5083 5090 5140
f 5151 5147 5154
f 5139 5091 5153
f 5092 5094 5152
f 5157 5095 5158
f 5161 5096 5162
f 5166 5097 5170
f 5098 5103 5169
f 5104 5110 5168
f 5111 5177 5167
f 5173 5174 5178
f 5182 5175 5186
f 5176 5112 5185
f 5113 5106 5184
f 5107 5119 5183
f 5190 5120 5191
f 5194 5121 5196
f 5122 5126 5195
f 5199 5127 5202
f 5128 5136 5201
f 5137 5130 5200
f 5205 5131 5206
f 5212 5132 5214
f 5133 5144 5213
f 5217 5145 5219
f 5146 5148 5218
f 5223 5149 5227
f 5150 5155 5226
f 5156 5159 5225
f 5160 5163 5224
f 5230 5164 5233
f 5165 5171 5232
f 5172 5179 5231
f 5236 5180 5238
f 5181 5187 5237
f 5244 5188 5252
f 5189 5192 5251
f 5193 5197 5250
f 5198 5203 5249
f 5204 5207 5248
f 5208 5260 5247
f 5257 5265 5267
f 5261 5274 5266
f 5270 5271 5280
f 5287 5292 5277
f 5296 5283 5298
f 5306 5301 5309
f 5297 5275 5308
f 5276 5288 5307
f 5312 5289 5313
f 5317 5290 5319
f 5291 5284 5318
f 5324 5285 5328
f 5286 5278 5327
f 5279 5272 5326
f 5273 5262 5325
f 5332 5263 5336
f 5264 5245 5335
f 5246 5258 5334
f 5259 5209 5333
f 5339 5210 5342
f 5211 5215 5341
f 5216 5220 5340
f 5345 5221 5349
f 5222 5228 5348
f 5229 5234 5347
f 5235 5239 5346
f 5352 5240 5361
f 5241 5060 5360
f 5051 4676 5359
f 4677 4681 5358
f 4682 4691 5357
f 4692 4695 5356
f 4696 4700 5355
f 4701 4705 5354
f 4706 4709 5353
f 5364 4710 5366
f 4711 4718 5365
f 5369 4719 5373
f 4720 4723 5372
f 4724 4729 5371
f 4730 4732 5370
f 5376 4733 5381
f 4734 4738 5380
f 4739 4743 5379
f 4744 4764 5378
f 4765 4751 5377
f 5384 4752 5386
f 4753 4746 5385
f 5389 4747 5392
f 4748 4757 5391
f 4758 5398 5390
f 5395 5396 5415
f 5397 4759 5414
f 4760 4772 5413
f 4773 4777 5412
f 4778 4785 5411
f 4786 4790 5410
f 4791 4797 5409
f 4798 4803 5408
f 4804 4810 5407
f 4811 4816 5406
f 4817 4825 5405
f 4826 4831 5404
f 4832 4841 5403
f 4842 4850 5402
f 5419 5423 5425
f 5433 5438 5441
f 5434 5428 5440
f 5424 5420 5439
f 5444 5421 5446
f 5422 5399 5445
f 5449 5400 5452
f 5401 4851 5451
f 4852 4856 5450
f 5455 4857 5461
f 4858 4861 5460
f 4862 5469 5459
f 5465 219 5458
f 213 300 5457
f 292 248 5456
f 5464 249 5473
f 250 253 5472
f 254 257 5471
f 258 263 5470
f 5476 264 5477
f 5480 265 5481
f 5485 266 5488
f 267 272 5487
f 273 280 5486
f 5491 281 5492
f 5495 282 5496
f 5500 283 5502
f 284 288 5501
f 5505 289 5507
f 290 297 5506
f 5510 298 5514
f 299 214 5513
f 215 193 5512
f 194 184 5511
f 5518 185 5519
f 5522 186 5523
f 5528 187 5529
f 5532 188 5536
f 189 198 5535
f 199 201 5534
f 5542 5539 5544
f 5533 202 5543
f 5548 203 5549
f 5552 204 5554
f 205 209 5553
f 5557 210 5560
f 211 217 5559
f 218 5466 5558
f 5564 5467 5568
f 5468 4863 5567
f 4864 4868 5566
f 4869 4872 5565
f 5571 4873 5576
f 4874 4879 5575
f 4880 5584 5574
f 5580 5588 5573
f 5585 5592 5572
f 5579 5589 5593
f 5597 5590 5600
f 5591 5586 5599
f 5587 5581 5598
f 5604 5582 5609
f 5583 4881 5608
f 4882 4888 5607
f 4889 4895 5606
f 4896 4901 5605
f 5612 4902 5615
f 4903 4912 5614
f 4913 4916 5613
f 5619 4917 5620
f 5624 4918 5628
f 4919 4922 5627
f 4923 4930 5626
f 4931 4943 5625
f 5631 4944 5632
f 5638 4945 5641
f 4946 4955 5640
f 4956 4959 5639
f 5644 4960 5648
f 4961 4970 5647
f 4971 4976 5646
f 45 5658 5664
f 5653 5652 5663
f 5645 4977 5662
f 4978 4983 5661
f 4984 4993 5660
f 4994 4999 5659
f 5667 5000 5668
f 5672 5001 15
f 5002 5011 14
f 22 5012 5674
f 5013 5017 5673
f 5677 5018 5811
f 5019 5023 5810
f 5817 5024 5680
f 5025 5042 5679
f 5043 5047 5678
f 5683 5048 5688
f 5049 5058 5687
f 5059 5242 5686
f 5243 5253 5685
f 5254 5694 5684
f 5691 5692 5699
f 5693 5255 5698
f 5256 5268 5697
f 5269 5281 5696
f 5282 5293 5695
f 5702 5294 5706
f 5295 5299 5705
f 5300 5302 5704
f 5303 5714 5703
f 5709 5710 5718
f 5711 5727 5717
f 5722 5731 5716
f 5728 183 5715
f 5721 178 5734
f 179 175 5733
f 176 165 5732
f 5737 166 5739
f 167 158 5738
f 5742 159 5744
f 160 5755 5743
f 5747 5748 5756
f 5759 5749 5760
f 5764 5750 5766
f 5773 5769 5780
f 5765 5751 5779
f 5788 5792 5794
f 5776 5798 5800
f 5793 5789 5799
f 5803 5790 5806
f 5791 5784 5805
f 5814 5809 5819
f 5804 5785 5818
f 5822 5786 5824
f 5787 5795 5823
f 5828 5796 5831
f 5797 5777 5830
f 5778 5752 5829
f 5836 5753 5842
f 5754 161 5841
f 162 171 5840
f 172 181 5839
f 182 5729 5838
f 5730 5723 5837
f 5846 5724 5847
f 5851 5725 5856
f 5726 5712 5855
f 5713 5304 5854
f 5305 5310 5853
f 5311 5314 5852
f 5859 5315 5862
f 5316 5320 5861
f 5321 5870 5860
f 5865 5866 5877
f 5886 5891 5893
f 5903 5908 5911
f 5904 5897 5910
f 5892 5887 5909
f 5914 5888 5916
f 5925 5921 5874
f 5915 5889 5873
f 5890 5882 5872
f 5883 5928 5871
f 5881 5926 5931
f 5927 5884 5930
f 5885 5894 5929
f 5935 5895 5939
f 5896 5905 5938
f 5949 5955 5956
f 5962 5950 5965
f 5951 5974 5964
f 5970 5980 5963
f 5969 5975 5983
f 5976 5992 5982
f 5988 5997 5981
f 5987 5993 6000
f 6010 6015 6016
f 6020 6011 6022
f 6012 6004 6021
f 6025 5998 6027
f 5999 5994 6026
f 6030 5995 6032
f 5996 5989 6031
f 6037 5990 6039
f 5991 5977 6038
f 6042 5978 6044
f 5979 5971 6043
f 6047 5972 6049
f 5973 5952 6048
f 6052 5953 6054
f 5954 5945 6053
f 6057 5946 6059
f 6067 6072 6073
f 6077 6068 6082
f 6069 6062 6081
f 6058 5947 6080
f 5948 5957 6079
f 5958 6091 6078
f 6085 6086 6098
f 6087 6106 6097
f 6102 6111 6096
f 6107 6115 6095
f 6119 6124 6129
f 6137 6144 6147
f 6138 6157 6146
f 6164 6151 6166
f 6145 6152 6165
f 6170 6153 6172
f 6154 6180 6171
f 6175 6176 6181
f 6184 6177 6185
f 6189 6178 6195
f 6179 6155 6194
f 6156 6139 6193
f 6201 6198 6203
f 6190 6211 6202
f 6206 6207 6213
f 6208 6223 6212
f 6217 6218 6126
f 6228 6133 6231
f 6125 6219 6230
f 6220 6238 6229
f 6234 6235 6239
f 6243 6236 6248
f 6237 6221 6247
f 6222 6209 6246
f 6210 6191 6245
f 6192 6140 6244
f 6251 6141 6252
f 6255 6142 6257
f 6143 6134 6256
f 6260 6135 6262
f 6136 6148 6261
f 6266 6149 6269
f 6150 6158 6268
f 6159 6279 6267
f 6272 6273 6280
f 6283 6274 6284
f 6289 6275 6292
f 6276 6300 6291
f 6296 6304 6290
f 6295 6301 6305
f 6309 6302 6311
f 6303 6297 6310
f 6314 6298 6318
f 6299 6277 6317
f 6278 6160 6316
f 6324 6321 6326
f 6315 6161 6325
f 6331 6162 6333
f 6163 6167 6332
f 6337 6168 6341
f 6169 6173 6340
f 6174 6182 6339
f 6183 6186 6338
f 6344 6187 6349
f 6188 6196 6348
f 6197 6199 6347
f 6200 6204 6346
f 6205 6214 6345
f 6352 6215 6355
f 6216 6127 6354
f 6128 6120 6353
f 6359 6121 6361
f 6369 6373 6377
f 6370 6364 6376
f 6360 6122 6375
f 6123 6116 6374
f 6382 6117 6384
f 6118 6130 6383
f 6387 6131 6391
f 6132 6224 6390
f 6225 6399 6389
f 6396 6405 6388
f 6395 6400 6407
f 6401 6416 6406
f 6410 6411 6417
f 6422 6412 6423
f 6426 6413 6427
f 6431 6414 6433
f 6415 6402 6432
f 6437 6403 6443
f 6404 6397 6442
f 6398 6226 6441
f 6227 6232 6440
f 6233 6240 6439
f 6452 6457 6458
f 6462 6453 6469
f 6454 6446 6468
f 6438 6241 6467
f 6242 6249 6466
f 6250 6253 6465
f 6254 6258 6464
f 6259 6263 6463
f 6473 6264 6477
f 6265 6270 6476
f 6271 6281 6475
f 6282 6285 6474
f 6482 6286 6483
f 6487 6287 6490
f 6288 6293 6489
f 6294 6306 6488
f 6493 6307 6498
f 6308 6312 6497
f 6313 6319 6496
f 6320 6322 6495
f 6323 6327 6494
f 6501 6328 6502
f 6508 6329 6510
f 6330 6334 6509
f 6515 6335 6519
f 6336 6342 6518
f 6343 6350 6517
f 6351 6356 6516
f 6524 6357 6528
f 6358 6362 6527
f 6363 6371 6526
f 6372 6365 6525
f 6531 6366 6532
f 6536 6367 6538
f 6368 6378 6537
f 6541 6379 6542
f 6546 6380 6549
f 6381 6385 6548
f 6386 6392 6547
f 6553 6393 6556
f 6394 6408 6555
f 6409 6418 6554
f 6561 6419 6562
f 6568 6420 6571
f 6421 6424 6570
f 6425 6428 6569
f 6574 6429 6576
f 6430 6434 6575
f 6579 6435 6583
f 6436 6444 6582
f 6445 6455 6581
f 6456 6447 6580
f 6587 6448 6588
f 6592 6449 6593
f 6597 6450 6599
f 6451 6459 6598
f 6602 6460 6605
f 6461 6470 6604
f 6611 6608 6616
f 6603 6471 6615
f 6472 6478 6614
f 6479 6624 6613
f 6619 6627 6612
f 6618 6625 6630
f 6626 6620 6629
f 6621 6636 6628
f 6633 6634 6640
f 6635 6622 6639
f 6623 6480 6638
f 6481 6484 6637
f 6643 6485 6648
f 6486 6491 6647
f 6492 6499 6646
f 6500 6503 6645
f 6655 6660 6665
f 6656 6651 6664
f 6644 6504 6663
f 6669 6668 6674
f 6673 6661 6677
f 6662 6505 6676
f 6675 6506 6681
f 6507 6511 6680
f 6512 6101 6679
f 6678 6092 6683
f 6682 6093 6686
f 6094 6112 6685
f 6684 6113 6689
f 6114 6108 6688
f 6687 6109 6692
f 6110 6103 6691
f 6690 6104 6695
f 6105 6088 6694
f 6693 6089 6698
f 6090 5959 6697
f 6696 5960 6701
f 5961 5966 6700
f 6699 5967 6704
f 5968 5984 6703
f 6702 5985 6707
f 5986 6001 6706
f 6705 6002 6711
f 6003 6013 6710
f 6014 6005 6709
f 6708 6006 6714
f 6717 6712 6719
f 6713 6007 6718
f 6723 6008 6725
f 6009 6017 6724
f 6731 6018 6735
f 6019 6023 6734
f 6024 6028 6733
f 6029 6033 6732
f 6738 6034 6740
f 6750 6745 6761
f 6739 6035 6760
f 6036 6040 6759
f 6041 6045 6758
f 6046 6050 6757
f 6051 6055 6756
f 6056 6060 6755
f 6061 6070 6754
f 6071 6063 6753
f 6064 6772 6752
f 6768 6777 6751
f 6767 6773 6779
f 6774 6790 6778
f 6784 6785 6791
f 6795 6786 6796
f 6800 6787 6801
f 6804 6788 6807
f 6789 6775 6806
f 6776 6769 6805
f 6810 6770 6813
f 6771 6065 6812
f 6066 6074 6811
f 6816 6075 6823
f 6076 6083 6822
f 6084 6099 6821
f 6100 6513 6820
f 6514 6520 6819
f 6833 6832 6838
f 6837 6817 6841
f 6818 6521 6840
f 6839 6522 6845
f 6523 6529 6844
f 6530 6533 6843
f 6842 6534 6849
f 6535 6539 6848
f 6540 6543 6847
f 6846 6544 6852
f 6545 6550 6851
f 6850 6551 6855
f 6552 6557 6854
f 6853 6558 6857
f 6856 6559 6860
f 6560 6563 6859
f 6858 6564 6863
f 6565 6869 6862
f 6861 6864 6872
f 6865 6878 6871
f 6870 6873 6881
f 6874 5944 6880
f 6879 5936 6885
f 5937 5906 6884
f 5907 5898 6883
f 6882 5899 6887
f 6886 5900 6891
f 6890 5901 6894
f 5902 5912 6893
f 5913 5917 6892
f 6897 5918 6898
f 6901 5919 6904
f 5920 5922 6903
f 6911 6907 6915
f 6902 5923 6914
f 5924 5875 6913
f 5876 5867 6912
f 6918 5868 6921
f 5869 5322 6920
f 5323 5329 6919
f 6924 5330 6935
f 5331 5337 6934
f 5338 5343 6933
f 5344 5350 6932
f 5351 5362 6931
f 5363 5367 6930
f 5368 5374 6929
f 5375 5382 6928
f 5383 5387 6927
f 5388 5393 6926
f 5394 5416 6925
f 6938 5417 6941
f 5418 5426 6940
f 5427 5435 6939
f 6944 5436 6946
f 5437 5429 6945
f 6951 5430 6952
f 6955 5431 6963
f 5432 5442 6962
f 5443 5447 6961
f 5448 5453 6960
f 5454 5462 6959
f 5463 5474 6958
f 5475 5478 6957
f 5479 5482 6956
f 6967 5483 6971
f 5484 5489 6970
f 5490 5493 6969
f 5494 5497 6968
f 6974 5498 6978
f 5499 5503 6977
f 5504 5508 6976
f 5509 5515 6975
f 6981 5516 6984
f 5517 5520 6983
f 5521 5524 6982
f 6987 5525 6988
f 6992 5526 6997
f 5527 5530 6996
f 5531 5537 6995
f 5538 5540 6994
f 5541 5545 6993
f 7000 5546 7004
f 5547 5550 7003
f 5551 5555 7002
f 5556 5561 7001
f 7007 5562 7014
f 5563 5569 7013
f 5570 5577 7012
f 5578 5594 7011
f 7022 7017 7023
f 7029 7008 7030
f 7033 7009 7037
f 7010 5595 7036
f 5596 5601 7035
f 7044 7040 7048
f 7034 5602 7047
f 5603 5610 7046
f 5611 5616 7045
f 7051 5617 7054
f 5618 5621 7053
f 7061 7058 7066
f 7052 5622 7065
f 5623 5629 7064
f 5630 5633 7063
f 5634 157 7062
f 7070 145 7071
f 7076 146 7077
f 7080 147 7084
f 148 127 7083
f 128 133 7082
f 134 138 7081
f 7087 139 7090
f 140 153 7089
f 154 7097 7088
f 7094 7095 7100
f 7096 155 7099
f 156 5635 7098
f 7103 5636 7106
f 5637 5642 7105
f 5643 5649 7104
f 7109 5650 7111
f 5651 5654 7110
f 7114 5655 7115
f 7119 5656 7122
f 5657 37 7121
f 38 28 7120
f 7125 29 7128
f 30 23 7127
f 7134 7131 7137
f 7126 24 7136
f 25 33 7135
f 7143 34 7145
f 35 40 7144
f 7148 41 7149
f 7153 42 7154
f 7157 43 7160
f 44 5665 7159
f 5666 5669 7158
f 7163 5670 7167
f 5671 16 7166
f 17 6 7165
f 7 1 7164
f 7170 2 7174
f 3 10 7173
f 7181 7177 7182
f 7187 7171 7190
f 7172 11 7189
f 12 19 7188
f 7194 20 7199
f 21 5675 7198
f 5676 5812 7197
f 5813 5820 7196
f 5821 5825 7195
f 7202 5826 7204
f 5827 5832 7203
f 7208 5833 7209
f 7216 5834 7218
f 5835 5843 7217
f 7221 5844 7223
f 5845 5848 7222
f 7227 5849 7231
f 5850 5857 7230
f 5858 5863 7229
f 5864 5878 7228
f 7237 5879 7239
f 5880 5932 7238
f 7242 5933 7244
f 5934 5940 7243
f 7251 7258 7259
f 7263 7252 7265
f 7253 7273 7264
f 7268 7269 7274
f 7280 7270 7281
f 7284 7271 7286
f 7272 7254 7285
f 7291 7255 7292
f 7296 7256 7299
f 7257 7248 7298
f 7306 7303 7308
f 7297 7249 7307
f 7250 7260 7311
f 7260 7247 7311
f 7311 7247 7312
f 7247 5941 7312
f 7315 5942 7317
f 5943 6875 7316
f 7320 6876 7322
f 6877 6866 7321
f 7326 6867 7331
f 6868 6566 7330
f 6567 6572 7329
f 6573 6577 7328
f 6578 6584 7327
f 7336 6585 7338
f 6586 6589 7337
f 7341 6590 7343
f 6591 6594 7342
f 7346 6595 7352
f 6596 6600 7351
f 6601 6606 7350
f 6607 6609 7349
f 6610 6617 7348
f 6618 6630 7347
f 7356 6631 7360
f 6632 6641 7359
f 6642 6649 7358
f 6650 6657 7357
f 7365 6658 7367
f 6659 6652 7366
f 7370 6653 7373
f 6654 6666 7372
f 6667 6670 7371
f 7378 6671 7380
f 6672 7385 7379
f 7384 7386 7389
f 7387 7395 7388
f 7394 7396 7401
f 7397 7405 7400
f 7406 6715 7399
f 6716 6720 7398
f 7404 6721 7408
f 6722 6726 7407
f 7411 6727 7412
f 7417 6728 7418
f 7421 6729 7424
f 6730 6736 7423
f 6737 6741 7422
f 7427 6742 7428
f 7431 6743 7433
f 6744 6746 7432
f 7436 6747 7437
f 7440 6748 7442
f 6749 6762 7441
f 7445 6763 7446
f 7450 6764 7451
f 7454 6765 7456
f 6766 6780 7455
f 7458 6781 7459
f 7462 6782 7464
f 6783 6792 7463
f 7468 6793 7470
f 6794 6797 7469
f 7474 6798 7479
f 6799 6802 7478
f 6803 6808 7477
f 6809 6814 7476
f 6815 6824 7475
f 7483 6825 7484
f 7488 6826 7489
f 7492 6827 7493
f 7498 6828 7499
f 7502 6829 7503
f 7507 6830 7509
f 6831 6834 7508
f 7512 6835 7514
f 6836 7519 7513
f 7518 7520 7523
f 7521 7527 7522
f 7526 7528 7531
f 7529 7535 7530
f 7534 7536 7539
f 7537 7543 7538
f 7542 7544 7552
f 7545 7559 7551
f 7560 6888 7550
f 6889 6895 7549
f 6896 6899 7548
f 6900 6905 7547
f 6906 6908 7546
f 7558 6909 7567
f 6910 6916 7566
f 6917 6922 7565
f 6923 6936 7564
f 6937 6942 7563
f 6943 6947 7562
f 6948 7575 7561
f 7571 7572 7577
f 7586 7583 7591
f 7576 7573 7590
f 7574 6949 7589
f 6950 6953 7588
f 6954 6964 7587
f 7595 6965 7600
f 6966 6972 7599
f 6973 6979 7598
f 6980 6985 7597
f 6986 6989 7596
f 7603 6990 7608
f 6991 6998 7607
f 6999 7005 7606
f 7006 7015 7605
f 7016 7018 7604
f 7611 7019 7612
f 7617 7020 7619
f 7021 7024 7618
f 7624 7025 7625
f 7628 7026 7629
f 7633 7027 7637
f 7028 7031 7636
f 7032 7038 7635
f 7039 7041 7634
f 7640 7042 7643
f 7043 7049 7642
f 7050 7055 7641
f 7647 7056 7650
f 7057 7059 7649
f 7060 7067 7648
f 7654 7068 7656
f 7069 7072 7655
f 7659 7073 7660
f 7663 7074 7667
f 7075 7078 7666
f 7079 7085 7665
f 7086 7091 7664
f 7670 7092 7675
f 7093 7101 7674
f 7102 7107 7673
f 7108 7112 7672
f 7113 7116 7671
f 7681 7117 7686
f 7118 7123 7685
f 7124 7129 7684
f 7130 7132 7683
f 7133 7138 7682
f 7690 7139 7691
f 7695 7140 7696
f 7700 7141 7703
f 7142 7146 7702
f 7147 7150 7701
f 7706 7151 7712
f 7152 7155 7711
f 7156 7161 7710
f 7162 7168 7709
f 7169 7175 7708
f 7176 7178 7707
f 7717 7179 7720
f 7180 7183 7719
f 7728 7724 7730
f 7718 7184 7729
f 7734 7185 7736
f 7186 7191 7735
f 7740 7192 7743
f 7193 7200 7742
f 7201 7205 7741
f 7746 7206 7748
f 7207 7210 7747
f 7751 7211 7754
f 7212 7762 7753
f 7759 5783 7752
f 7758 5774 7776
f 5775 5801 7775
f 5802 5807 7774
f 5808 5815 7773
f 5816 5681 7772
f 5682 5689 7771
f 5690 5700 7770
f 5701 5707 7769
f 5708 5719 7768
f 5720 5735 7767
f 5736 5740 7766
f 5741 5745 7765
f 5746 5757 7764
f 5758 5761 7763
f 7779 5762 7782
f 5763 5767 7781
f 5768 5770 7780
f 7786 5771 7790
f 5772 5781 7789
f 5782 7760 7788
f 7761 7213 7787
f 7793 7214 7796
f 7215 7219 7795
f 7220 7224 7794
f 7800 7225 7802
f 7226 7232 7801
f 7806 7233 7811
f 7819 7824 7826
f 7820 7815 7825
f 7830 7807 7831
f 7835 7808 7836
f 7840 7809 7842
f 7810 7234 7841
f 7846 7235 7852
f 7236 7240 7851
f 7241 7245 7850
f 7246 7261 7849
f 7262 7266 7848
f 7267 7275 7847
f 7856 7276 7857
f 7860 7277 7861
f 7866 7278 7869
f 7279 7282 7868
f 7283 7287 7867
f 7873 7288 7874
f 7878 7289 7880
f 7290 7293 7879
f 7884 7294 7886
f 7295 7300 7885
f 7890 7301 7896
f 7302 7304 7895
f 7305 7309 7894
f 7310 7313 7893
f 7314 7318 7892
f 7319 7323 7891
f 7900 7324 7902
f 7325 7332 7901
f 7905 7333 7906
f 7911 7334 7915
f 7335 7339 7914
f 7340 7344 7913
f 7345 7353 7912
f 7919 7354 7922
f 7355 7361 7921
f 7930 7926 7932
f 7920 7362 7931
f 7936 7363 7939
f 7364 7368 7938
f 7369 7374 7937
f 7942 7375 7943
f 7947 7376 7949
f 7377 7381 7948
f 7954 7382 7956
f 7383 7390 7955
f 7960 7391 7963
f 7971 7976 7979
f 7972 7988 7978
f 7984 7994 7977
f 7983 7989 7996
f 7990 8007 7995
f 8000 8001 8008
f 8012 8002 8016
f 8003 8025 8015
f 8021 8030 8014
f 8026 7967 8013
f 8020 7961 8036
f 7962 7392 8035
f 7393 7402 8034
f 7403 7409 8033
f 7410 7413 8032
f 7414 8045 8031
f 8040 8041 8046
f 8050 8042 8051
f 8054 8043 8064
f 8044 7415 8063
f 7416 7419 8062
f 7420 7425 8061
f 7426 7429 8060
f 7430 7434 8059
f 7435 7438 8058
f 7439 7443 8057
f 7444 7447 8056
f 8073 8069 8079
f 8055 7448 8078
f 7449 7452 8077
f 7453 7457 8076
f 7457 7460 8076
f 7461 7465 8075
f 8087 8083 8090
f 8074 7466 8089
f 7467 7471 8088
f 8094 7472 8096
f 7473 7480 8095
f 8099 7481 8101
f 7482 7485 8100
f 8106 7486 8109
f 7487 7490 8108
f 7491 7494 8107
f 8113 7495 8114
f 8118 7496 8121
f 7497 7500 8120
f 7501 7504 8119
f 8125 7505 8128
f 7506 7510 8127
f 7511 7515 8126
f 8132 7516 8137
f 7517 7524 8136
f 7525 7532 8135
f 7533 7540 8134
f 7541 7553 8133
f 8141 7554 8142
f 8146 7555 8148
f 8156 8152 8159
f 8147 7556 8158
f 7557 7568 8157
f 8163 7569 8165
f 7570 7578 8164
f 8168 7579 8169
f 8174 7580 8175
f 8178 7581 8184
f 7582 7584 8183
f 7585 7592 8182
f 8190 8195 8196
f 8200 8191 8202
f 8210 8205 8213
f 8201 8192 8212
f 8223 8217 8227
f 8211 8193 8226
f 8194 8188 8225
f 8189 8197 8224
f 8231 8198 8235
f 8199 8203 8234
f 8204 8206 8233
f 8207 8242 8232
f 8238 8239 8179
f 8187 8240 8245
f 8241 8208 8244
f 8209 8214 8243
f 8248 8215 8250
f 8216 8218 8249
f 8254 8219 8256
f 8220 8263 8255
f 8260 8261 8266
f 8262 8221 8265
f 8222 8228 8264
f 8270 8229 8277
f 8230 8236 8276
f 8237 8180 8275
f 8181 7593 8274
f 7594 7601 8273
f 7602 7609 8272
f 7610 7613 8271
f 8281 7614 8282
f 8286 7615 8288
f 7616 7620 8287
f 8292 7621 8294
f 8301 8298 8307
f 8293 7622 8306
f 7623 7626 8305
f 7627 7630 8304
f 8315 8320 8322
f 8316 8329 8321
f 8325 8326 8330
f 8334 8327 8337
f 8328 8317 8336
f 8311 8340 8343
f 8335 8318 8342
f 8319 8312 8341
f 8345 8313 8348
f 8314 8323 8347
f 8324 8331 8346
f 8353 8332 8360
f 8333 8338 8359
f 8339 8302 8358
f 8303 7631 8357
f 7632 7638 8356
f 7639 7644 8355
f 8366 8363 8369
f 8354 7645 8368
f 7646 7651 8367
f 8373 7652 8379
f 7653 7657 8378
f 7658 7661 8377
f 7662 7668 8376
f 7669 7676 8375
f 8641 8383 8386
f 8374 7677 8385
f 8384 7678 8388
f 8387 7679 8391
f 7680 7687 8390
f 8389 7688 8394
f 7689 7692 8393
f 8392 7693 8397
f 7694 7697 8396
f 8395 7698 8401
f 7699 7704 8400
f 7705 7713 8399
f 8398 7714 8403
f 8402 7715 8406
f 7716 7721 8405
f 8404 7722 8409
f 7723 7725 8408
f 8407 7726 8412
f 7727 7731 8411
f 8410 7732 8415
f 7733 7737 8414
f 8413 7738 8420
f 7739 7744 8419
f 7745 7749 8418
f 7750 7755 8417
f 8416 7756 8424
f 7757 7777 8423
f 7778 7783 8422
f 8421 7784 8428
f 7785 7791 8427
f 7792 7797 8426
f 8425 7798 8431
f 7799 7803 8430
f 8429 7804 8434
f 7805 7812 8433
f 8432 7813 8437
f 7814 7821 8436
f 8435 7822 8440
f 7823 7816 8439
f 8438 7817 8443
f 7818 7827 8442
f 8441 7828 8446
f 7829 7832 8445
f 8444 7833 8449
f 7834 7837 8448
f 8447 7838 8452
f 7839 7843 8451
f 8450 7844 8455
f 7845 7853 8454
f 8453 7854 8459
f 7855 7858 8458
f 7859 7862 8457
f 8456 7863 8461
f 8460 7864 8464
f 7865 7870 8463
f 8462 7871 8467
f 7872 7875 8466
f 8465 7876 8470
f 7877 7881 8469
f 8468 7882 8473
f 7883 7887 8472
f 8471 7888 8476
f 7889 7897 8475
f 8474 7898 8480
f 7899 7903 8479
f 7904 7907 8478
f 8477 7908 8482
f 8481 7909 8485
f 7910 7916 8484
f 8483 7917 8488
f 7918 7923 8487
f 8486 7924 8491
f 7925 7927 8490
f 8489 7928 8494
f 7929 7933 8493
f 8492 7934 8498
f 7935 7940 8497
f 7941 7944 8496
f 8495 7945 8501
f 7946 7950 8500
f 8499 7951 8503
f 8502 7952 8506
f 7953 7957 8505
f 8504 7958 8509
f 7959 7964 8508
f 8507 7965 8512
f 7966 8027 8511
f 8510 8028 8515
f 8029 8022 8514
f 8513 8023 8518
f 8024 8004 8517
f 8516 8005 8521
f 8006 7991 8520
f 8519 7992 8524
f 7993 7985 8523
f 8522 7986 8527
f 7987 7973 8526
f 8525 7974 8530
f 7975 7968 8529
f 8528 7969 8533
f 7970 7980 8532
f 8531 7981 8536
f 7982 7997 8535
f 8534 7998 8539
f 7999 8009 8538
f 8537 8010 8542
f 8011 8017 8541
f 8540 8018 8545
f 8019 8037 8544
f 8543 8038 8548
f 8039 8047 8547
f 8546 8048 8552
f 8049 8052 8551
f 8053 8065 8550
f 8549 8066 8554
f 8553 8067 8557
f 8068 8070 8556
f 8555 8071 8560
f 8072 8080 8559
f 8558 8081 8563
f 8082 8084 8562
f 8561 8085 8566
f 8086 8091 8565
f 8564 8092 8570
f 8093 8097 8569
f 8098 8102 8568
f 8567 8103 8572
f 8571 8104 8575
f 8105 8110 8574
f 8573 8111 8578
f 8112 8115 8577
f 8576 8116 8581
f 8117 8122 8580
f 8579 8123 8584
f 8124 8129 8583
f 8582 8130 8587
f 8131 8138 8586
f 8585 8139 8590
f 8140 8143 8589
f 8588 8144 8593
f 8145 8149 8592
f 8591 8150 8596
f 8151 8153 8595
f 8594 8154 8599
f 8155 8160 8598
f 8597 8161 8603
f 8162 8166 8602
f 8167 8170 8601
f 8600 8171 8605
f 8604 8172 8611
f 8173 8176 8610
f 8177 8185 8609
f 8186 8246 8608
f 8247 8251 8607
f 8606 8252 8614
f 8253 8257 8613
f 8612 8258 8617
f 8259 8267 8616
f 8615 8268 8620
f 8269 8278 8619
f 8618 8279 8623
f 8280 8283 8622
f 8621 8284 8626
f 8285 8289 8625
f 8624 8290 8629
f 8291 8295 8628
f 8627 8296 8633
f 8297 8299 8632
f 8300 8308 8631
f 8630 8309 8636
f 8310 8344 8635
f 8344 8349 8635
f 8634 8350 8640
f 8644 8637 8645
f 8648 8638 8653
f 8639 8351 8652
f 8352 8361 8651
f 8362 8364 8650
f 8365 8370 8649
f 8656 8371 8658
f 8372 8380 8657
f 8660 8381 8663
f 8382 8642 8662
f 8643 8646 8661
f 8647 8654 8665
f 8669 8673 8674
f 8678 8670 8683
f 8691 8696 8697
f 8701 8692 8704
f 8714 8719 8721
f 8715 8728 8720
f 8724 8725 8729
f 8733 8726 8735
f 8727 8716 8734
f 8739 8717 8741
f 8718 8711 8740
f 8745 8712 8749
f 8713 8722 8748
f 8723 8730 8747
f 8758 8752 8761
f 8746 8731 8760
f 8732 8736 8759
f 8764 8737 8766
f 8738 8742 8765
f 8770 8743 8773
f 8744 8750 8772
f 8751 8753 8771
f 8776 8754 8777
f 8783 8755 8784
f 8787 8756 8790
f 8757 8762 8789
f 8763 8767 8788
f 8794 8768 8797
f 8769 8774 8796
f 8775 8778 8795
f 8800 8779 8802
f 8780 8809 8801
f 8806 8807 8817
f 8808 8781 8816
f 8782 8785 8815
f 8786 8791 8814
f 8828 8833 8835
f 8829 8842 8834
f 8838 8839 8845
f 8855 8860 8862
f 8871 8865 8873
f 8861 8856 8872
f 8877 8857 8881
f 8890 8894 8897
f 8900 8906 8907
f 8910 8901 8911
f 8916 8902 8917
f 8920 8903 8921
f 8924 8904 8927
f 8905 8895 8926
f 8896 8891 8925
f 8933 8892 8936
f 8893 8885 8935
f 8886 8943 8934
f 8939 8940 8944
f 8950 8941 8952
f 8942 8887 8951
f 8956 8888 8961
f 8889 8898 8960
f 8899 8908 8959
f 8909 8912 8958
f 8969 8974 8976
f 8970 8983 8975
f 8979 8980 8984
f 8988 8981 8991
f 8982 8971 8990
f 9000 8994 9003
f 8989 8972 9002
f 8973 8966 9001
f 9006 8967 9009
f 8968 8977 9008
f 8978 8985 9007
f 9013 8986 9016
f 8987 8992 9015
f 8993 8995 9014
f 9020 8996 9025
f 9036 9040 9041
f 9044 9037 9021
f 9030 9038 9046
f 9039 9031 9045
f 9049 9032 9052
f 9033 9060 9051
f 9056 9063 9050
f 9055 9061 9066
f 9062 9057 9065
f 9075 9070 9081
f 9064 9058 9080
f 9059 9034 9079
f 9035 9042 9078
f 9043 9022 9077
f 9088 9093 9094
f 9098 9089 9099
f 9102 9090 9103
f 9109 9091 9111
f 9092 9085 9110
f 9115 9086 9117
f 9087 9095 9116
f 9120 9096 9123
f 9097 9100 9122
f 9101 9104 9121
f 9126 9105 9130
f 9106 9084 9129
f 9076 9023 9128
f 9024 8997 9127
f 9133 8998 9136
f 8999 9004 9135
f 9005 9010 9134
f 9139 9011 9141
f 9012 9017 9140
f 9144 9018 9148
f 9019 9026 9147
f 9158 9163 9164
f 9167 9159 9169
f 9160 9176 9168
f 9172 9173 9177
f 9182 9174 9185
f 9175 9161 9184
f 9162 9152 9183
f 9188 9153 9191
f 9154 9201 9190
f 9205 9209 9210
f 9215 9206 9217
f 9226 9232 9233
f 9236 9227 9241
f 9228 9251 9240
f 9246 9255 9239
f 9252 9259 9238
f 9256 9265 9237
f 9245 9260 9271
f 9261 9279 9270
f 9275 9283 9269
f 9280 9222 9268
f 9216 9207 9267
f 9208 9202 9266
f 9274 9203 9290
f 9204 9211 9289
f 9212 9299 9288
f 9294 9303 9287
f 9300 9307 9286
f 9304 9195 9285
f 9189 9196 9284
f 9293 9197 9313
f 9198 9321 9312
f 9317 9325 9311
f 9329 9333 9308
f 9316 9330 9337
f 9346 9341 9347
f 9350 9334 9351
f 9356 9335 9359
f 9336 9331 9358
f 9332 9326 9357
f 9362 9327 9365
f 9328 9309 9364
f 9310 9322 9363
f 9369 9323 9371
f 9324 9318 9370
f 9374 9319 9377
f 9320 9199 9376
f 9200 9155 9375
f 9381 9156 9385
f 9157 9165 9384
f 9166 9170 9383
f 9171 9178 9382
f 9388 9179 9391
f 9395 9400 9401
f 9404 9396 9405
f 9409 9397 9410
f 9413 9398 9418
f 9399 9389 9417
f 9390 9180 9416
f 9181 9186 9415
f 9187 9192 9414
f 9421 9193 9426
f 9194 9305 9425
f 9306 9301 9424
f 9302 9295 9423
f 9296 9433 9422
f 9430 9431 9437
f 9432 9297 9436
f 9298 9213 9435
f 9214 9218 9434
f 9440 9219 9441
f 9445 9220 9448
f 9221 9281 9447
f 9282 9276 9446
f 9451 9277 9453
f 9278 9262 9452
f 9456 9263 9461
f 9264 9257 9460
f 9258 9253 9459
f 9254 9247 9458
f 9248 9468 9457
f 9465 9466 9471
f 9467 9249 9470
f 9250 9229 9469
f 9475 9230 9478
f 9231 9223 9477
f 9487 9492 9498
f 9488 9506 9497
f 9503 9482 9496
f 9476 9224 9495
f 9225 9234 9494
f 9235 9242 9493
f 9502 9243 9511
f 9244 9272 9510
f 9273 9291 9509
f 9292 9314 9508
f 9315 9338 9507
f 9516 9339 9518
f 9340 9342 9517
f 9521 9343 9522
f 9526 9344 9530
f 9345 9348 9529
f 9349 9352 9528
f 9353 9537 9527
f 9534 9535 9541
f 9536 9354 9540
f 9355 9360 9539
f 9361 9366 9538
f 9544 9367 9547
f 9368 9372 9546
f 9373 9378 9545
f 9551 9379 9554
f 9380 9386 9553
f 9387 9392 9552
f 9557 9393 9560
f 9394 9402 9559
f 9403 9406 9558
f 9563 9407 9567
f 9408 9411 9566
f 9412 9419 9565
f 9420 9427 9564
f 9570 9428 9573
f 9429 9438 9572
f 9439 9442 9571
f 9576 9443 9580
f 9444 9449 9579
f 9450 9454 9578
f 9455 9462 9577
f 9583 9463 9585
f 9464 9472 9584
f 9589 9473 9591
f 9474 9479 9590
f 9594 9480 9597
f 9481 9504 9596
f 9505 9489 9595
f 9600 9490 9602
f 9491 9483 9601
f 9605 9484 9608
f 9616 9621 9623
f 9617 9611 9622
f 9628 9606 9631
f 9607 9485 9630
f 9486 9499 9629
f 9634 9500 9636
f 9501 9512 9635
f 9640 9513 9642
f 9151 9645 9653
f 9641 9514 9652
f 9515 9519 9651
f 9520 9523 9650
f 9661 9664 9669
f 9677 9682 9687
f 9678 9695 9686
f 9699 9690 9705
f 9712 9717 9720
f 9713 9726 9719
f 9708 9723 9731
f 9718 9724 9730
f 9725 9714 9729
f 9739 9744 9746
f 9740 9754 9745
f 9749 9750 9757
f 9751 9764 9756
f 9734 9761 9769
f 9755 9762 9768
f 9763 9752 9767
f 9753 9741 9766
f 9673 9772 9775
f 9765 9742 9774
f 9743 9735 9773
f 9778 9736 9779
f 9782 9737 9785
f 9738 9747 9784
f 9748 9758 9783
f 9788 9759 9792
f 9760 9727 9791
f 9728 9715 9790
f 9716 9709 9789
f 9795 9710 9799
f 9711 9721 9798
f 9722 9700 9797
f 9807 9802 9809
f 9796 9701 9808
f 9813 9702 9814
f 9819 9703 9821
f 9704 9683 9820
f 9824 9684 9830
f 9685 9691 9829
f 9837 9841 9846
f 9846 9841 9850
f 9838 9857 9849
f 9862 9867 9868
f 9873 9863 9876
f 9864 9884 9875
f 9889 9894 9895
f 9901 9890 9904
f 9891 9912 9903
f 9916 9920 9921
f 9928 9917 9930
f 9937 9942 9946
f 9938 9933 9945
f 9929 9918 9944
f 9919 9913 9943
f 9950 9914 9952
f 9915 9922 9951
f 9956 9923 9960
f 9924 9907 9959
f 9902 9908 9958
f 9966 9963 9968
f 9957 9909 9967
f 9971 9910 9974
f 9911 9892 9973
f 9893 9885 9972
f 9978 9886 9979
f 9983 9887 9985
f 9888 9896 9984
f 9989 9897 9992
f 9898 9879 9991
f 9874 9880 9990
f 9995 9881 9996
f 9999 9882 10002
f 9883 9865 10001
f 9866 9858 10000
f 10006 9859 10007
f 10010 9860 10013
f 9861 9869 10012
f 9870 9853 10011
f 10017 9847 10019
f 9848 9854 10018
f 10022 9855 10026
f 9856 9839 10025
f 9840 9834 10024
f 10034 10029 10038
f 10023 9835 10037
f 9836 9842 10036
f 9843 10046 10035
f 10042 10043 10048
f 10056 10061 10063
f 10070 10077 10078
f 10082 10071 10084
f 10093 10087 10095
f 10083 10072 10094
f 10098 10073 10099
f 10103 10074 10106
f 10114 10120 10123
f 10110 10126 10127
f 10130 10121 10132
f 10122 10115 10131
f 10135 10116 10138
f 10117 10147 10137
f 10143 10152 10136
f 10142 10148 10153
f 10156 10149 10159
f 10168 10172 10175
f 10169 10183 10174
f 10187 10178 10188
f 10192 10173 10193
f 10173 10179 10193
f 10196 10180 10197
f 10201 10181 10205
f 10182 10170 10204
f 10171 10164 10203
f 10165 10163 10202
f 10208 10157 10211
f 10158 10150 10210
f 10151 10144 10209
f 10214 10145 10217
f 10146 10118 10216
f 10119 10111 10215
f 10220 10112 10226
f 10113 10124 10225
f 10125 10104 10224
f 10105 10075 10223
f 10076 10068 10222
f 10069 10079 10221
f 10229 10080 10232
f 10081 10085 10231
f 10086 10088 10230
f 10235 10089 10238
f 10090 10067 10237
f 10062 10057 10236
f 10242 10058 10244
f 10251 10256 10260
f 10252 10247 10259
f 10243 10059 10258
f 10060 10053 10257
f 10263 10054 10265
f 10055 10064 10264
f 10269 10065 10273
f 10066 10091 10272
f 10092 10096 10271
f 10097 10100 10270
f 10276 10101 10278
f 10102 10107 10277
f 10281 10108 10285
f 10109 10128 10284
f 10129 10133 10283
f 10134 10139 10282
f 10288 10140 10291
f 10141 10154 10290
f 10155 10160 10289
f 10294 10161 10298
f 10162 10166 10297
f 10167 10176 10296
f 10177 10184 10295
f 10301 10185 10303
f 10186 10189 10302
f 10306 10190 10311
f 10191 10194 10310
f 10195 10198 10309
f 10318 10314 10319
f 10323 10307 10331
f 10308 10199 10330
f 10200 10206 10329
f 10207 10212 10328
f 10213 10218 10327
f 10219 10227 10326
f 10228 10233 10325
f 10234 10239 10324
f 10336 10240 10339
f 10241 10245 10338
f 10246 10253 10337
f 10343 10254 10345
f 10255 10248 10344
f 10349 10249 10352
f 10250 10261 10351
f 10262 10266 10350
f 10355 10267 10364
f 10268 10274 10363
f 10275 10279 10362
f 10280 10286 10361
f 10287 10292 10360
f 10293 10299 10359
f 10300 10304 10358
f 10305 10312 10357
f 10313 10315 10356
f 10367 10316 10369
f 10317 10320 10368
f 10375 10321 10377
f 10322 10332 10376
f 10381 10333 10382
f 10385 10334 10387
f 10335 10340 10386
f 10391 10341 10393
f 10342 10346 10392
f 10396 10347 10400
f 10348 10353 10399
f 10354 10365 10398
f 10366 10370 10397
f 10403 10371 10405
f 10372 10416 10404
f 10409 10410 10417
f 10420 10411 10421
f 10425 10412 10435
f 10413 10052 10434
f 10047 10044 10433
f 10045 9844 10432
f 9845 9851 10431
f 9852 9871 10430
f 9872 9877 10429
f 9878 9899 10428
f 9900 9905 10427
f 9906 9925 10426
f 10438 9926 10441
f 9927 9931 10440
f 9932 9939 10439
f 10444 9940 10446
f 9941 9934 10445
f 10451 9935 10453
f 9936 9947 10452
f 10457 9948 10459
f 9949 9953 10458
f 10462 9954 10467
f 9955 9961 10466
f 9962 9964 10465
f 9965 9969 10464
f 9970 9975 10463
f 10470 9976 10472
f 9977 9980 10471
f 10475 9981 10477
f 9982 9986 10476
f 10480 9987 10484
f 9988 9993 10483
f 9994 9997 10482
f 9998 10003 10481
f 10487 10004 10490
f 10005 10008 10489
f 10009 10014 10488
f 10493 10015 10497
f 10016 10020 10496
f 10021 10027 10495
f 10028 10030 10494
f 10500 10031 10501
f 10504 10032 10507
f 10033 10039 10506
f 10514 10511 10517
f 10505 10040 10516
f 10041 10049 10515
f 10520 10050 10529
f 10051 10414 10528
f 10415 10373 10527
f 10374 10378 10526
f 10536 10541 10542
f 10546 10537 10547
f 10550 10538 10554
f 10564 10569 10571
f 10578 10583 10586
f 10579 10574 10585
f 10570 10565 10584
f 10590 10566 10591
f 10594 10567 10596
f 10568 10559 10595
f 10600 10560 10605
f 10613 10617 10619
f 10628 10633 10634
f 10640 10629 10643
f 10630 10651 10642
f 10655 10661 10662
f 10670 10656 10671
f 10674 10657 10676
f 10658 10685 10675
f 10679 10680 10686
f 10689 10681 10602
f 10692 10608 10695
f 10601 10682 10694
f 10702 10698 10706
f 10693 10683 10705
f 10684 10659 10704
f 10660 10652 10703
f 10709 10653 10711
f 10654 10663 10710
f 10715 10664 10718
f 10665 10646 10717
f 10641 10647 10716
f 10721 10648 10722
f 10725 10649 10728
f 10650 10631 10727
f 10632 10624 10726
f 10732 10625 10733
f 10736 10626 10738
f 10627 10635 10737
f 10742 10636 10746
f 10637 10623 10745
f 10618 10614 10744
f 10752 10749 10757
f 10743 10615 10756
f 10616 10609 10755
f 10764 10760 10765
f 10769 10753 10771
f 10754 10610 10770
f 10774 10611 10776
f 10612 10620 10775
f 10779 10621 10783
f 10622 10638 10782
f 10639 10644 10781
f 10645 10666 10780
f 10788 10667 10789
f 10793 10668 10799
f 10669 10672 10798
f 10673 10677 10797
f 10678 10687 10796
f 10688 10603 10795
f 10604 10561 10794
f 10802 10562 10805
f 10563 10572 10804
f 10573 10580 10803
f 10808 10581 10810
f 10582 10575 10809
f 10814 10576 10816
f 10577 10587 10815
f 10820 10588 10823
f 10589 10592 10822
f 10593 10597 10821
f 10826 10598 10831
f 10599 10606 10830
f 10607 10690 10829
f 10691 10696 10828
f 10697 10699 10827
f 10834 10700 10837
f 10701 10707 10836
f 10708 10712 10835
f 10840 10713 10844
f 10714 10719 10843
f 10720 10723 10842
f 10724 10729 10841
f 10847 10730 10850
f 10731 10734 10849
f 10735 10739 10848
f 10853 10740 10858
f 10741 10747 10857
f 10748 10750 10856
f 10751 10758 10855
f 10759 10761 10854
f 10861 10762 10863
f 10763 10766 10862
f 10866 10767 10871
f 10768 10772 10870
f 10773 10777 10869
f 10778 10784 10868
f 10878 10874 10881
f 10867 10785 10880
f 10888 10884 10891
f 10879 10786 10890
f 10787 10790 10889
f 10896 10791 10900
f 10792 10800 10899
f 10801 10806 10898
f 10807 10811 10897
f 10904 10812 10906
f 10813 10817 10905
f 10909 10818 10920
f 10819 10824 10919
f 10825 10832 10918
f 10833 10838 10917
f 10839 10845 10916
f 10846 10851 10915
f 10852 10859 10914
f 10860 10864 10913
f 10865 10872 10912
f 10873 10875 10911
f 10928 10923 10932
f 10910 10876 10931
f 10877 10882 10930
f 10883 10885 10929
f 10935 10886 10943
f 10887 10892 10942
f 10951 10956 10959
f 10952 10965 10958
f 10970 10962 10974
f 10957 10963 10973
f 10964 10953 10972
f 10983 10977 10986
f 10971 10954 10985
f 10955 10948 10984
f 10991 10949 10994
f 10950 10960 10993
f 10961 10966 10992
f 10997 10967 10936
f 10947 10968 11000
f 10969 10975 10999
f 10976 10978 10998
f 11003 10979 11006
f 10980 11013 11005
f 11018 11009 11020
f 11004 11010 11019
f 11023 11011 11026
f 11012 10981 11025
f 10982 10987 11024
f 11030 10988 10551
f 10558 10989 11033
f 10990 10995 11032
f 10996 10937 11031
f 11037 10938 11038
f 11043 10939 11052
f 11059 11063 11066
f 11077 11081 11084
f 11078 11098 11083
f 11104 11112 11114
f 11121 11117 11126
f 11113 11105 11125
f 11135 11131 11136
f 11139 11122 11140
f 11144 11123 11048
f 11124 11106 11047
f 11107 11090 11046
f 11082 11091 11045
f 11092 11073 11044
f 11055 11064 11146
f 11065 11060 11145
f 11152 11061 11154
f 11062 11056 11153
f 11158 11057 11160
f 11058 11067 11159
f 11164 11068 11165
f 11168 11069 11169
f 11173 11070 11174
f 11178 11071 11180
f 11072 11093 11179
f 11183 11094 11184
f 11187 11095 11188
f 11193 11096 11196
f 11097 11079 11195
f 11080 11074 11194
f 11199 11075 11201
f 11076 11085 11200
f 11205 11086 11206
f 11209 11087 11210
f 11214 11088 11217
f 11089 11108 11216
f 11109 11224 11215
f 11221 11222 11227
f 11223 11110 11226
f 11111 11099 11225
f 11230 11100 11231
f 11234 11101 11235
f 11240 11102 11243
f 11103 11115 11242
f 11116 11118 11241
f 11246 11119 11248
f 11120 11127 11247
f 11252 11128 11253
f 11256 11129 11258
f 11130 11132 11257
f 11262 11133 11265
f 11134 11137 11264
f 11138 11141 11263
f 11268 11142 11271
f 11143 11049 11270
f 11278 11282 11284
f 11293 11298 11299
f 11306 11294 11309
f 11295 11317 11308
f 11322 11326 11327
f 11326 11335 11327
f 11332 11333 11337
f 11334 11323 11336
f 11343 11324 11346
f 11325 11318 11345
f 11356 11361 11363
f 11369 11374 11377
f 11370 11365 11376
f 11362 11357 11375
f 11381 11358 11382
f 11386 11359 11388
f 11360 11350 11387
f 11392 11351 11395
f 11352 11349 11394
f 11344 11319 11393
f 11398 11320 11400
f 11321 11328 11399
f 11403 11329 11404
f 11407 11330 11409
f 11331 11338 11408
f 11413 11339 11416
f 11340 11312 11415
f 11307 11313 11414
f 11419 11314 11420
f 11423 11315 11426
f 11316 11296 11425
f 11297 11289 11424
f 11430 11290 11431
f 11434 11291 11436
f 11292 11300 11435
f 11440 11301 11443
f 11302 11288 11442
f 11283 11279 11441
f 11446 11280 11450
f 11281 11275 11449
f 11457 11453 11458
f 11462 11447 11464
f 11448 11276 11463
f 11467 11277 11468
f 11277 11285 11468
f 11471 11286 11473
f 11287 11303 11472
f 11478 11304 11483
f 11305 11310 11482
f 11311 11341 11481
f 11342 11347 11480
f 11348 11353 11479
f 11486 11354 11487
f 11491 11355 11494
f 11356 11363 11493
f 11364 11371 11492
f 11497 11372 11499
f 11373 11366 11498
f 11503 11367 11505
f 11368 11378 11504
f 11509 11379 11511
f 11380 11383 11510
f 11514 11384 11516
f 11385 11389 11515
f 11519 11390 11522
f 11391 11396 11521
f 11397 11401 11520
f 11402 11405 11525
f 11525 11405 11527
f 11406 11410 11526
f 11530 11411 11534
f 11412 11417 11533
f 11418 11421 11532
f 11422 11427 11531
f 11537 11428 11540
f 11429 11432 11539
f 11433 11437 11538
f 11543 11438 11547
f 11439 11444 11546
f 11445 11451 11545
f 11452 11454 11544
f 11550 11455 11552
f 11456 11459 11551
f 11555 11460 11560
f 11461 11465 11559
f 11466 11469 11558
f 11470 11474 11557
f 11567 11563 11569
f 11556 11475 11568
f 11572 11476 11579
f 11477 11484 11578
f 11485 11488 11577
f 11587 11593 11594
f 11599 11588 11600
f 11603 11589 11604
f 11609 11590 11613
f 11620 11625 11629
f 11629 11625 11630
f 11634 11621 11638
f 11638 11621 11639
f 11642 11622 11645
f 11653 11660 11662
f 11649 11672 11673
f 11676 11667 11679
f 11668 11666 11678
f 11661 11654 11677
f 11682 11655 11683
f 11687 11656 11688
f 11691 11657 11693
f 11703 11709 11710
f 11713 11704 11714
f 11718 11705 11722
f 11722 11705 11724
f 11706 11731 11723
f 11727 11728 11610
f 11616 11729 11734
f 11730 11707 11733
f 11708 11698 11732
f 11737 11699 11741
f 11700 11697 11740
f 11692 11658 11739
f 11659 11650 11738
f 11744 11651 11746
f 11652 11663 11745
f 11749 11664 11751
f 11665 11669 11750
f 11754 11670 11758
f 11671 11643 11757
f 11644 11623 11756
f 11624 11617 11755
f 11761 11618 11763
f 11619 11626 11762
f 11766 11627 11768
f 11628 11631 11767
f 11774 11632 11776
f 11633 11635 11775
f 11779 11636 11782
f 11637 11640 11781
f 11641 11646 11780
f 11785 11647 11789
f 11648 11674 11788
f 11675 11680 11787
f 11681 11684 11786
f 11792 11685 11795
f 11686 11689 11794
f 11690 11694 11793
f 11798 11695 11802
f 11696 11701 11801
f 11702 11711 11800
f 11712 11715 11799
f 11806 11716 11808
f 11717 11719 11807
f 11811 11720 11816
f 11721 11725 11815
f 11726 11611 11814
f 11612 11591 11813
f 11592 11584 11812
f 11819 11585 11822
f 11586 11595 11821
f 11831 11825 11833
f 11820 11596 11832
f 11836 11597 11840
f 11598 11601 11839
f 11602 11605 11838
f 11846 11843 11850
f 11837 11606 11849
f 11858 11853 11859
f 11862 11847 11872
f 11848 11607 11871
f 11608 11614 11870
f 11615 11735 11869
f 11736 11742 11868
f 11743 11747 11867
f 11748 11752 11866
f 11753 11759 11865
f 11760 11764 11864
f 11765 11769 11863
f 11877 11770 11878
f 11881 11771 11882
f 11886 11772 11892
f 11773 11777 11891
f 11778 11783 11890
f 11784 11790 11889
f 11791 11796 11888
f 11797 11803 11887
f 11895 11804 11900
f 11805 11809 11899
f 11810 11817 11898
f 11818 11823 11897
f 11824 11826 11896
f 11903 11827 11905
f 11828 11913 11904
f 11909 11910 11914
f 11918 11911 11925
f 11912 11829 11924
f 11830 11834 11923
f 11835 11841 11922
f 11842 11844 11921
f 11845 11851 11920
f 11852 11854 11919
f 11928 11855 11929
f 11933 11856 11936
f 11857 11860 11935
f 11861 11873 11934
f 11939 11874 11941
f 11951 11955 11957
f 11952 11967 11956
f 11960 11961 11968
f 11973 11962 11975
f 11963 11983 11974
f 11978 11979 11985
f 11980 11993 11984
f 11989 11990 11997
f 12000 12005 12009
f 12001 12016 12008
f 12013 12022 12007
f 12025 12012 12027
f 12006 12017 12026
f 12031 12018 12034
f 12019 12041 12033
f 12047 12051 12053
f 12048 12063 12052
f 12056 12057 12064
f 12068 12058 12069
f 12073 12059 12074
f 12077 12060 12078
f 12083 12061 12086
f 12062 12049 12085
f 12050 12042 12084
f 12089 12043 12095
f 12044 12038 12094
f 12032 12039 12093
f 12040 12020 12092
f 12021 12014 12091
f 12015 12002 12090
f 12098 12003 12100
f 12004 11994 12099
f 12103 11995 12107
f 11996 11991 12106
f 11992 11981 12105
f 11982 11964 12104
f 12110 11965 12113
f 11966 11953 12112
f 11954 11945 12111
f 12116 11946 12120
f 11947 12128 12119
f 12132 12123 12133
f 12137 12117 12141
f 12118 12124 12140
f 12125 12148 12139
f 12145 12153 12138
f 12144 12149 12154
f 12157 12150 12158
f 12163 12151 12167
f 12152 12146 12166
f 12147 12126 12165
f 12127 11948 12164
f 12170 11949 12173
f 11950 11958 12172
f 11959 11969 12171
f 12177 11970 12178
f 12181 11971 12184
f 11972 11976 12183
f 11977 11986 12182
f 12187 11987 12192
f 11988 11998 12191
f 11999 12010 12190
f 12011 12023 12189
f 12024 12028 12188
f 12195 12029 12197
f 12030 12035 12196
f 12200 12036 12204
f 12037 12045 12203
f 12046 12054 12202
f 12055 12065 12201
f 12207 12066 12209
f 12067 12070 12208
f 12213 12071 12216
f 12072 12075 12215
f 12076 12079 12214
f 12220 12080 12221
f 12225 12081 12234
f 12082 12087 12233
f 12088 12096 12232
f 12097 12101 12231
f 12102 12108 12230
f 12109 12114 12229
f 12115 12121 12228
f 12122 12129 12227
f 12243 12239 12246
f 12226 12130 12245
f 12131 12134 12244
f 12249 12135 12253
f 12136 12142 12252
f 12143 12155 12251
f 12156 12159 12250
f 12257 12160 12258
f 12262 12161 12265
f 12162 12168 12264
f 12169 12174 12263
f 12268 12175 12275
f 12176 12179 12274
f 12180 12185 12273
f 12186 12193 12272
f 12194 12198 12271
f 12199 12205 12270
f 12206 12210 12269
f 12280 12211 12282
f 12212 12217 12281
f 12285 12218 12287
f 12219 12222 12286
f 12290 12223 12292
f 12224 12235 12291
f 12296 12236 12299
f 12305 12302 11573
f 11583 12297 12308
f 12298 12237 12307
f 12238 12240 12306
f 12311 12241 12314
f 12242 12247 12313
f 12248 12254 12312
f 12317 12255 12319
f 12256 12259 12318
f 12322 12260 12326
f 12261 12266 12325
f 12267 12276 12324
f 12277 12334 12323
f 12329 12330 12339
f 12331 11944 12338
f 11940 11875 12337
f 11876 11879 12336
f 11880 11883 12335
f 12342 11884 12346
f 11885 11893 12345
f 11894 11901 12344
f 11902 11906 12343
f 12352 11907 10522
f 11908 11915 10521
f 10532 11916 12355
f 11917 11926 12354
f 11927 11930 12353
f 12358 11931 12366
f 11932 11937 12365
f 11938 11942 12364
f 11943 12332 12363
f 12333 12278 12362
f 12279 12283 12361
f 12284 12288 12360
f 12289 12293 12359
f 12369 12294 12373
f 12295 12300 12372
f 12301 12303 12371
f 12304 11574 12370
f 12377 11575 12381
f 11576 11489 12380
f 11490 11495 12379
f 11496 11500 12378
f 12384 11501 12386
f 11502 11506 12385
f 12390 11507 12401
f 11508 11512 12400
f 11513 11517 12399
f 11518 11523 12398
f 11524 11528 12397
f 11529 11535 12396
f 11536 11541 12395
f 11542 11548 12394
f 11549 11553 12393
f 11554 11561 12392
f 11562 11564 12391
f 12404 11565 12407
f 11566 11570 12406
f 11571 11580 12405
f 12410 11581 12421
f 11582 12309 12420
f 12310 12315 12419
f 12316 12320 12418
f 12321 12327 12417
f 12328 12340 12416
f 12341 12347 12415
f 12348 11274 12414
f 11269 11050 12413
f 11051 10940 12412
f 10941 10893 12411
f 12424 10894 12426
f 10895 10901 12425
f 12429 10902 12433
f 10903 10907 12432
f 10908 10921 12431
f 10922 10924 12430
f 12437 10925 12441
f 12450 12454 12455
f 12462 12458 12464
f 12458 12451 12464
f 12451 12472 12464
f 12468 12476 12463
f 12467 12473 12479
f 12483 12489 12490
f 12493 12484 12495
f 12485 12503 12494
f 12498 12499 12506
f 12500 12515 12505
f 12511 12521 12504
f 12510 12516 12522
f 12525 12517 12527
f 12518 12535 12526
f 12531 12532 12539
f 12542 12546 12550
f 12543 12557 12549
f 12561 12553 12562
f 12566 12547 12568
f 12548 12554 12567
f 12571 12555 12575
f 12575 12555 12578
f 12556 12544 12577
f 12545 12536 12576
f 12581 12537 12585
f 12538 12533 12584
f 12534 12519 12583
f 12520 12512 12582
f 12588 12513 12591
f 12514 12501 12590
f 12502 12486 12589
f 12594 12487 12598
f 12488 12477 12597
f 12478 12474 12596
f 12475 12469 12595
f 12601 12470 12604
f 12471 12452 12603
f 12453 12445 12602
f 12607 12446 12610
f 12617 12622 12625
f 12618 12633 12624
f 12637 12629 12639
f 12623 12630 12638
f 12642 12631 12613
f 12613 12631 12644
f 12632 12619 12643
f 12649 12620 12651
f 12621 12614 12650
f 12655 12615 12657
f 12616 12626 12656
f 12662 12627 12664
f 12628 12634 12663
f 12667 12635 12671
f 12636 12640 12670
f 12641 12608 12669
f 12609 12447 12668
f 12674 12448 12677
f 12449 12456 12676
f 12457 12459 12675
f 12680 12460 12683
f 12461 12465 12682
f 12466 12480 12681
f 12687 12481 12691
f 12482 12491 12690
f 12492 12496 12689
f 12497 12507 12688
f 12694 12508 12697
f 12509 12523 12696
f 12524 12528 12695
f 12700 12529 12704
f 12530 12540 12703
f 12541 12551 12702
f 12552 12558 12701
f 12707 12559 12709
f 12560 12563 12708
f 12712 12564 12715
f 12565 12569 12714
f 12570 12572 12713
f 12719 12573 12728
f 12574 12579 12727
f 12580 12586 12726
f 12587 12592 12725
f 12593 12599 12724
f 12600 12605 12723
f 12606 12611 12722
f 12612 12645 12721
f 12646 12736 12720
f 12732 12733 12438
f 12444 12734 12739
f 12735 12647 12738
f 12648 12652 12737
f 12742 12653 12744
f 12654 12658 12743
f 12747 12659 12748
f 12751 12660 12756
f 12661 12665 12755
f 12666 12672 12754
f 12673 12678 12753
f 12679 12684 12752
f 12760 12685 12766
f 12686 12692 12765
f 12693 12698 12764
f 12699 12705 12763
f 12706 12710 12762
f 12711 12716 12761
f 12769 12717 12771
f 12718 12729 12770
f 12774 12730 12779
f 12731 12439 12778
f 12440 10926 12777
f 10927 10933 12776
f 10934 10944 12775
f 12782 10945 12786
f 10946 11001 12785
f 11002 11007 12784
f 11008 11014 12783
f 12792 11015 12793
f 12796 11016 12799
f 11017 11021 12798
f 11022 11027 12797
f 12802 11028 12806
f 11029 10552 12805
f 10553 10539 12804
f 10540 10533 12803
f 12809 10534 12811
f 10535 10543 12810
f 12815 10544 12818
f 10545 10548 12817
f 10549 10555 12816
f 12821 10556 9826
f 10557 11034 9825
f 9833 11035 12824
f 11036 11039 12823
f 12833 12839 12842
f 12834 12827 12841
f 12822 11040 12840
f 12845 11041 12848
f 11042 11053 12847
f 11054 11147 12846
f 12852 11148 12853
f 12857 11149 12858
f 12861 11150 12864
f 11151 11155 12863
f 12870 12867 12874
f 12862 11156 12873
f 11157 11161 12872
f 12882 12878 12886
f 12871 11162 12885
f 11163 11166 12884
f 11167 11170 12883
f 12889 11171 12891
f 11172 11175 12890
f 12894 11176 12899
f 11177 11181 12898
f 11182 11185 12897
f 11186 11189 12896
f 11190 12906 12895
f 12903 12904 12911
f 12905 11191 12910
f 11192 11197 12909
f 11198 11202 12908
f 12918 12914 12922
f 12907 11203 12921
f 11204 11207 12920
f 11208 11211 12919
f 12925 11212 12927
f 11213 11218 12926
f 12930 11219 12935
f 11220 11228 12934
f 11229 11232 12933
f 11233 11236 12932
f 11237 12942 12931
f 12939 12940 12947
f 12941 11238 12946
f 11239 11244 12945
f 11245 11249 12944
f 12954 12950 12958
f 12943 11250 12957
f 11251 11254 12956
f 11255 11259 12955
f 12961 11260 12965
f 11261 11266 12964
f 11267 11272 12963
f 11273 12349 12962
f 12968 12350 9647
f 12351 10523 9646
f 9656 10524 12972
f 10525 10379 12971
f 10380 10383 12970
f 10384 10388 12969
f 12975 10389 12979
f 10390 10394 12978
f 10395 10401 12977
f 10402 10406 12976
f 12983 10407 12986
f 10408 10418 12985
f 10419 10422 12984
f 12989 10423 12993
f 10424 10436 12992
f 10437 10442 12991
f 10443 10447 12990
f 12996 10448 12997
f 13000 10449 13002
f 10450 10454 13001
f 13005 10455 13016
f 10456 10460 13015
f 10461 10468 13014
f 10469 10473 13013
f 10474 10478 13012
f 10479 10485 13011
f 10486 10491 13010
f 10492 10498 13009
f 10499 10502 13008
f 10503 10508 13007
f 13024 13019 13032
f 13006 10509 13031
f 10510 10512 13030
f 10513 10518 13029
f 10519 10530 13028
f 10531 12356 13027
f 12357 12367 13026
f 12368 12374 13025
f 13035 12375 13038
f 12376 12382 13037
f 12383 12387 13036
f 13041 12388 13047
f 12389 12402 13046
f 12403 12408 13045
f 12409 12422 13044
f 12423 12427 13043
f 12428 12434 13042
f 13050 12435 13056
f 12436 12442 13055
f 12443 12740 13054
f 12741 12745 13053
f 12746 12749 13052
f 12750 12757 13051
f 13059 12758 13064
f 12759 12767 13063
f 12768 12772 13062
f 12773 12780 13061
f 12781 12787 13060
f 13067 12788 13068
f 13072 12789 13074
f 13081 13077 13088
f 13073 12790 13087
f 12791 12794 13086
f 12795 12800 13085
f 12801 12807 13084
f 12808 12812 13083
f 13095 13091 13100
f 13082 12813 13099
f 12814 12819 13098
f 12820 9827 13097
f 9828 9692 13096
f 13103 9693 13105
f 9694 9679 13104
f 13108 9680 13110
f 9681 9674 13109
f 13113 9675 13116
f 9676 9688 13115
f 9689 9696 13114
f 13119 9697 13126
f 9698 9706 13125
f 9707 9732 13124
f 9733 9770 13123
f 9771 9665 13122
f 13133 13138 13140
f 13134 13147 13139
f 13143 13144 13148
f 13153 13145 13155
f 13146 13135 13154
f 13158 13136 13160
f 13137 13130 13159
f 13165 13131 13168
f 13132 13141 13167
f 13142 13149 13166
f 13171 13150 13172
f 13177 13151 13180
f 13152 13156 13179
f 13157 13161 13178
f 13183 13162 13184
f 13188 13163 13191
f 13164 13169 13190
f 13170 13173 13189
f 13195 13174 13197
f 13207 13201 13214
f 13196 13175 13213
f 13176 13181 13212
f 13182 13185 13211
f 13221 13226 13227
f 13231 13222 13232
f 13235 13223 13236
f 13240 13224 13242
f 13225 13218 13241
f 13247 13219 13249
f 13220 13228 13248
f 13253 13229 13256
f 13230 13233 13255
f 13234 13237 13254
f 13259 13238 13261
f 13239 13243 13260
f 13266 13244 13267
f 13271 13245 13273
f 13246 13250 13272
f 13277 13251 13280
f 13252 13257 13279
f 13258 13262 13278
f 13283 13263 13285
f 13217 13288 13291
f 13284 13264 13290
f 13265 13268 13289
f 13295 13269 13297
f 13270 13274 13296
f 13300 13275 13304
f 13276 13281 13303
f 13282 13286 13302
f 13287 13208 13301
f 13307 13209 13310
f 13210 13186 13309
f 13187 13192 13308
f 13313 13193 13315
f 13194 13198 13314
f 13318 13199 13321
f 13200 13202 13320
f 13203 13129 13319
f 13324 13120 13326
f 13121 9666 13325
f 13330 9667 13333
f 9668 9662 13332
f 9663 9657 13331
f 13338 9658 13339
f 13343 9659 13345
f 9660 9670 13344
f 13348 9671 13355
f 9672 9776 13354
f 9777 9780 13353
f 9781 9786 13352
f 9787 9793 13351
f 9794 9800 13350
f 9801 9803 13349
f 13358 9804 13359
f 13362 9805 13364
f 9806 9810 13363
f 13367 9811 13369
f 9812 9815 13368
f 13372 9816 13373
f 13377 9817 13382
f 9818 9822 13381
f 9823 9831 13380
f 9832 12825 13379
f 12826 12835 13378
f 13386 12836 13387
f 13390 12837 13393
f 12838 12828 13392
f 13400 13396 13402
f 13391 12829 13401
f 13405 12830 13407
f 13414 13419 13421
f 13415 13431 13420
f 13426 13427 13436
f 13428 13410 13435
f 13406 12831 13434
f 12832 12843 13433
f 12844 12849 13432
f 13439 12850 13441
f 12851 12854 13440
f 13444 12855 13449
f 12856 12859 13448
f 12860 12865 13447
f 12866 12868 13446
f 12869 12875 13445
f 13452 12876 13454
f 12877 12879 13453
f 13457 12880 13461
f 12881 12887 13460
f 12888 12892 13459
f 12893 12900 13458
f 13464 12901 13467
f 12902 12912 13466
f 12913 12915 13465
f 13470 12916 13474
f 12917 12923 13473
f 12924 12928 13472
f 12929 12936 13471
f 13477 12937 13480
f 12938 12948 13479
f 12949 12951 13478
f 13483 12952 13489
f 12953 12959 13488
f 12960 12966 13487
f 12967 9648 13486
f 9649 9524 13485
f 9525 9531 13484
f 13492 9532 13495
f 9533 9542 13494
f 9543 9548 13493
f 13498 9549 13505
f 9550 9555 13504
f 9556 9561 13503
f 9562 9568 13502
f 9569 9574 13501
f 9575 9581 13500
f 9582 9586 13499
f 13508 9587 13514
f 9588 9592 13513
f 9593 9598 13512
f 9599 9603 13511
f 9604 9609 13510
f 9610 9618 13509
f 13518 9619 13520
f 9620 9612 13519
f 13524 9613 13525
f 13530 9614 13532
f 9615 9624 13531
f 13535 9625 13536
f 13540 9626 13543
f 9627 9632 13542
f 9633 9637 13541
f 13548 9638 13552
f 9639 9643 13551
f 9644 9145 13550
f 9146 9027 13549
f 13555 9028 13559
f 9029 9047 13558
f 9048 9053 13557
f 9054 9067 13556
f 13562 9068 13565
f 9069 9071 13564
f 9072 13575 13563
f 13569 13570 13576
f 13579 13571 13580
f 13585 13572 13586
f 13589 13573 13594
f 13574 9073 13593
f 9074 9082 13592
f 9083 9107 13591
f 9108 9112 13590
f 13597 9113 13607
f 9114 9118 13606
f 9119 9124 13605
f 9125 9131 13604
f 9132 9137 13603
f 9138 9142 13602
f 9143 9149 13601
f 9150 9654 13600
f 9655 12973 13599
f 12974 12980 13598
f 13612 12981 13619
f 12982 12987 13618
f 12988 12994 13617
f 12995 12998 13616
f 12999 13003 13615
f 13004 13017 13614
f 13018 13020 13613
f 13622 13021 13623
f 13627 13022 13634
f 13023 13033 13633
f 13034 13039 13632
f 13040 13048 13631
f 13049 13057 13630
f 13058 13065 13629
f 13066 13069 13628
f 13637 13070 13640
f 13071 13075 13639
f 13076 13078 13638
f 13644 13079 13647
f 13080 13089 13646
f 13090 13092 13645
f 13650 13093 13657
f 13094 13101 13656
f 13102 13106 13655
f 13107 13111 13654
f 13112 13117 13653
f 13118 13127 13652
f 13128 13204 13651
f 13660 13205 13663
f 13206 13215 13662
f 13216 13292 13661
f 13668 13293 13675
f 13294 13298 13674
f 13299 13305 13673
f 13306 13311 13672
f 13312 13316 13671
f 13317 13322 13670
f 13323 13327 13669
f 13679 13328 13681
f 13329 13334 13680
f 13685 13335 13687
f 13695 13699 13700
f 13703 13696 13704
f 13709 13697 13711
f 13698 13692 13710
f 13715 13693 13722
f 13694 13701 13721
f 13702 13705 13720
f 13706 13691 13719
f 13686 13336 13718
f 13337 13340 13717
f 13728 13732 13734
f 13742 13737 13744
f 13733 13729 13743
f 13749 13730 13754
f 13731 13726 13753
f 13727 13735 13752
f 13736 13738 13751
f 13764 13758 13767
f 13750 13739 13766
f 13773 13779 13783
f 13774 13770 13782
f 13765 13740 13781
f 13741 13745 13780
f 13788 13746 13790
f 13799 13803 13808
f 13800 13794 13807
f 13789 13747 13806
f 13748 13755 13805
f 13816 13812 13819
f 13804 13756 13818
f 13757 13759 13817
f 13822 13760 13823
f 13826 13761 13827
f 13831 13762 13835
f 13763 13768 13834
f 13769 13775 13833
f 13776 13842 13832
f 13838 13839 13843
f 13847 13840 13851
f 13841 13777 13850
f 13778 13771 13849
f 13772 13784 13848
f 13855 13785 13856
f 13859 13786 13861
f 13787 13791 13860
f 13864 13792 13867
f 13793 13801 13866
f 13802 13795 13865
f 13870 13796 13871
f 13877 13797 13879
f 13798 13809 13878
f 13882 13810 13884
f 13811 13813 13883
f 13888 13814 13892
f 13815 13820 13891
f 13821 13824 13890
f 13825 13828 13889
f 13895 13829 13898
f 13830 13836 13897
f 13837 13844 13896
f 13901 13845 13903
f 13846 13852 13902
f 13909 13853 13917
f 13854 13857 13916
f 13858 13862 13915
f 13863 13868 13914
f 13869 13872 13913
f 13873 13925 13912
f 13922 13930 13932
f 13926 13939 13931
f 13935 13936 13945
f 13952 13957 13942
f 13961 13948 13963
f 13971 13966 13974
f 13962 13940 13973
f 13941 13953 13972
f 13977 13954 13978
f 13982 13955 13984
f 13956 13949 13983
f 13989 13950 13993
f 13951 13943 13992
f 13944 13937 13991
f 13938 13927 13990
f 13997 13928 14001
f 13929 13910 14000
f 13911 13923 13999
f 13924 13874 13998
f 14004 13875 14007
f 13876 13880 14006
f 13881 13885 14005
f 14010 13886 14014
f 13887 13893 14013
f 13894 13899 14012
f 13900 13904 14011
f 14017 13905 14026
f 13906 13725 14025
f 13716 13341 14024
f 13342 13346 14023
f 13347 13356 14022
f 13357 13360 14021
f 13361 13365 14020
f 13366 13370 14019
f 13371 13374 14018
f 14029 13375 14031
f 13376 13383 14030
f 14034 13384 14038
f 13385 13388 14037
f 13389 13394 14036
f 13395 13397 14035
f 14041 13398 14046
f 13399 13403 14045
f 13404 13408 14044
f 13409 13429 14043
f 13430 13416 14042
f 14049 13417 14051
f 13418 13411 14050
f 14054 13412 14057
f 13413 13422 14056
f 13423 14063 14055
f 14060 14061 14080
f 14062 13424 14079
f 13425 13437 14078
f 13438 13442 14077
f 13443 13450 14076
f 13451 13455 14075
f 13456 13462 14074
f 13463 13468 14073
f 13469 13475 14072
f 13476 13481 14071
f 13482 13490 14070
f 13491 13496 14069
f 13497 13506 14068
f 13507 13515 14067
f 14084 14088 14090
f 14098 14103 14106
f 14099 14093 14105
f 14089 14085 14104
f 14109 14086 14111
f 14087 14064 14110
f 14114 14065 14117
f 14066 13516 14116
f 13517 13521 14115
f 14120 13522 14126
f 13523 13526 14125
f 13527 14134 14124
f 14130 8884 14123
f 8878 8965 14122
f 8957 8913 14121
f 14129 8914 14138
f 8915 8918 14137
f 8919 8922 14136
f 8923 8928 14135
f 14141 8929 14142
f 14145 8930 14146
f 14150 8931 14153
f 8932 8937 14152
f 8938 8945 14151
f 14156 8946 14157
f 14160 8947 14161
f 14165 8948 14167
f 8949 8953 14166
f 14170 8954 14172
f 8955 8962 14171
f 14175 8963 14179
f 8964 8879 14178
f 8880 8858 14177
f 8859 8849 14176
f 14183 8850 14184
f 14187 8851 14188
f 14193 8852 14194
f 14197 8853 14201
f 8854 8863 14200
f 8864 8866 14199
f 14207 14204 14209
f 14198 8867 14208
f 14213 8868 14214
f 14217 8869 14219
f 8870 8874 14218
f 14222 8875 14225
f 8876 8882 14224
f 8883 14131 14223
f 14229 14132 14233
f 14133 13528 14232
f 13529 13533 14231
f 13534 13537 14230
f 14236 13538 14241
f 13539 13544 14240
f 13545 14249 14239
f 14245 14253 14238
f 14250 14257 14237
f 14244 14254 14258
f 14262 14255 14265
f 14256 14251 14264
f 14252 14246 14263
f 14269 14247 14274
f 14248 13546 14273
f 13547 13553 14272
f 13554 13560 14271
f 13561 13566 14270
f 14277 13567 14280
f 13568 13577 14279
f 13578 13581 14278
f 14284 13582 14285
f 14289 13583 14293
f 13584 13587 14292
f 13588 13595 14291
f 13596 13608 14290
f 14296 13609 14297
f 14303 13610 14306
f 13611 13620 14305
f 13621 13624 14304
f 14309 13625 14313
f 13626 13635 14312
f 13636 13641 14311
f 8710 14323 14329
f 14318 14317 14328
f 14310 13642 14327
f 13643 13648 14326
f 13649 13658 14325
f 13659 13664 14324
f 14332 13665 14333
f 14337 13666 8680
f 13667 13676 8679
f 8687 13677 14339
f 13678 13682 14338
f 14342 13683 14476
f 13684 13688 14475
f 14482 13689 14345
f 13690 13707 14344
f 13708 13712 14343
f 14348 13713 14353
f 13714 13723 14352
f 13724 13907 14351
f 13908 13918 14350
f 13919 14359 14349
f 14356 14357 14364
f 14358 13920 14363
f 13921 13933 14362
f 13934 13946 14361
f 13947 13958 14360
f 14367 13959 14371
f 13960 13964 14370
f 13965 13967 14369
f 13968 14379 14368
f 14374 14375 14383
f 14376 14392 14382
f 14387 14396 14381
f 14393 8848 14380
f 14386 8843 14399
f 8844 8840 14398
f 8841 8830 14397
f 14402 8831 14404
f 8832 8823 14403
f 14407 8824 14409
f 8825 14420 14408
f 14412 14413 14421
f 14424 14414 14425
f 14429 14415 14431
f 14438 14434 14445
f 14430 14416 14444
f 14453 14457 14459
f 14441 14463 14465
f 14458 14454 14464
f 14468 14455 14471
f 14456 14449 14470
f 14479 14474 14484
f 14469 14450 14483
f 14487 14451 14489
f 14452 14460 14488
f 14493 14461 14496
f 14462 14442 14495
f 14443 14417 14494
f 14501 14418 14507
f 14419 8826 14506
f 8827 8836 14505
f 8837 8846 14504
f 8847 14394 14503
f 14395 14388 14502
f 14511 14389 14512
f 14516 14390 14521
f 14391 14377 14520
f 14378 13969 14519
f 13970 13975 14518
f 13976 13979 14517
f 14524 13980 14527
f 13981 13985 14526
f 13986 14535 14525
f 14530 14531 14542
f 14551 14556 14558
f 14568 14573 14576
f 14569 14562 14575
f 14557 14552 14574
f 14579 14553 14581
f 14590 14586 14539
f 14580 14554 14538
f 14555 14547 14537
f 14548 14593 14536
f 14546 14591 14596
f 14592 14549 14595
f 14550 14559 14594
f 14600 14560 14604
f 14561 14570 14603
f 14614 14620 14621
f 14627 14615 14630
f 14616 14639 14629
f 14635 14645 14628
f 14634 14640 14648
f 14641 14657 14647
f 14653 14662 14646
f 14652 14658 14665
f 14675 14680 14681
f 14685 14676 14687
f 14677 14669 14686
f 14690 14663 14692
f 14664 14659 14691
f 14695 14660 14697
f 14661 14654 14696
f 14702 14655 14704
f 14656 14642 14703
f 14707 14643 14709
f 14644 14636 14708
f 14712 14637 14714
f 14638 14617 14713
f 14717 14618 14719
f 14619 14610 14718
f 14722 14611 14724
f 14732 14737 14738
f 14742 14733 14747
f 14734 14727 14746
f 14723 14612 14745
f 14613 14622 14744
f 14623 14756 14743
f 14750 14751 14763
f 14752 14771 14762
f 14767 14776 14761
f 14772 14780 14760
f 14784 14789 14794
f 14802 14809 14812
f 14803 14822 14811
f 14829 14816 14831
f 14810 14817 14830
f 14835 14818 14837
f 14819 14845 14836
f 14840 14841 14846
f 14849 14842 14850
f 14854 14843 14860
f 14844 14820 14859
f 14821 14804 14858
f 14866 14863 14868
f 14855 14876 14867
f 14871 14872 14878
f 14873 14888 14877
f 14882 14883 14791
f 14893 14798 14896
f 14790 14884 14895
f 14885 14903 14894
f 14899 14900 14904
f 14908 14901 14913
f 14902 14886 14912
f 14887 14874 14911
f 14875 14856 14910
f 14857 14805 14909
f 14916 14806 14917
f 14920 14807 14922
f 14808 14799 14921
f 14925 14800 14927
f 14801 14813 14926
f 14931 14814 14934
f 14815 14823 14933
f 14824 14944 14932
f 14937 14938 14945
f 14948 14939 14949
f 14954 14940 14957
f 14941 14965 14956
f 14961 14969 14955
f 14960 14966 14970
f 14974 14967 14976
f 14968 14962 14975
f 14979 14963 14983
f 14964 14942 14982
f 14943 14825 14981
f 14989 14986 14991
f 14980 14826 14990
f 14996 14827 14998
f 14828 14832 14997
f 15002 14833 15006
f 14834 14838 15005
f 14839 14847 15004
f 14848 14851 15003
f 15009 14852 15014
f 14853 14861 15013
f 14862 14864 15012
f 14865 14869 15011
f 14870 14879 15010
f 15017 14880 15020
f 14881 14792 15019
f 14793 14785 15018
f 15024 14786 15026
f 15034 15038 15042
f 15035 15029 15041
f 15025 14787 15040
f 14788 14781 15039
f 15047 14782 15049
f 14783 14795 15048
f 15052 14796 15056
f 14797 14889 15055
f 14890 15064 15054
f 15061 15070 15053
f 15060 15065 15072
f 15066 15081 15071
f 15075 15076 15082
f 15087 15077 15088
f 15091 15078 15092
f 15096 15079 15098
f 15080 15067 15097
f 15102 15068 15108
f 15069 15062 15107
f 15063 14891 15106
f 14892 14897 15105
f 14898 14905 15104
f 15117 15122 15123
f 15127 15118 15134
f 15119 15111 15133
f 15103 14906 15132
f 14907 14914 15131
f 14915 14918 15130
f 14919 14923 15129
f 14924 14928 15128
f 15138 14929 15142
f 14930 14935 15141
f 14936 14946 15140
f 14947 14950 15139
f 15147 14951 15148
f 15152 14952 15155
f 14953 14958 15154
f 14959 14971 15153
f 15158 14972 15163
f 14973 14977 15162
f 14978 14984 15161
f 14985 14987 15160
f 14988 14992 15159
f 15166 14993 15167
f 15173 14994 15175
f 14995 14999 15174
f 15180 15000 15184
f 15001 15007 15183
f 15008 15015 15182
f 15016 15021 15181
f 15189 15022 15193
f 15023 15027 15192
f 15028 15036 15191
f 15037 15030 15190
f 15196 15031 15197
f 15201 15032 15203
f 15033 15043 15202
f 15206 15044 15207
f 15211 15045 15214
f 15046 15050 15213
f 15051 15057 15212
f 15218 15058 15221
f 15059 15073 15220
f 15074 15083 15219
f 15226 15084 15227
f 15233 15085 15236
f 15086 15089 15235
f 15090 15093 15234
f 15239 15094 15241
f 15095 15099 15240
f 15244 15100 15248
f 15101 15109 15247
f 15110 15120 15246
f 15121 15112 15245
f 15252 15113 15253
f 15257 15114 15258
f 15262 15115 15264
f 15116 15124 15263
f 15267 15125 15270
f 15126 15135 15269
f 15276 15273 15281
f 15268 15136 15280
f 15137 15143 15279
f 15144 15289 15278
f 15284 15292 15277
f 15283 15290 15295
f 15291 15285 15294
f 15286 15301 15293
f 15298 15299 15305
f 15300 15287 15304
f 15288 15145 15303
f 15146 15149 15302
f 15308 15150 15313
f 15151 15156 15312
f 15157 15164 15311
f 15165 15168 15310
f 15320 15325 15330
f 15321 15316 15329
f 15309 15169 15328
f 15334 15333 15339
f 15338 15326 15342
f 15327 15170 15341
f 15340 15171 15346
f 15172 15176 15345
f 15177 14766 15344
f 15343 14757 15348
f 15347 14758 15351
f 14759 14777 15350
f 15349 14778 15354
f 14779 14773 15353
f 15352 14774 15357
f 14775 14768 15356
f 15355 14769 15360
f 14770 14753 15359
f 15358 14754 15363
f 14755 14624 15362
f 15361 14625 15366
f 14626 14631 15365
f 15364 14632 15369
f 14633 14649 15368
f 15367 14650 15372
f 14651 14666 15371
f 15370 14667 15376
f 14668 14678 15375
f 14679 14670 15374
f 15373 14671 15379
f 15382 15377 15384
f 15378 14672 15383
f 15388 14673 15390
f 14674 14682 15389
f 15396 14683 15400
f 14684 14688 15399
f 14689 14693 15398
f 14694 14698 15397
f 15403 14699 15405
f 15415 15410 15426
f 15404 14700 15425
f 14701 14705 15424
f 14706 14710 15423
f 14711 14715 15422
f 14716 14720 15421
f 14721 14725 15420
f 14726 14735 15419
f 14736 14728 15418
f 14729 15437 15417
f 15433 15442 15416
f 15432 15438 15444
f 15439 15455 15443
f 15449 15450 15456
f 15460 15451 15461
f 15465 15452 15466
f 15469 15453 15472
f 15454 15440 15471
f 15441 15434 15470
f 15475 15435 15478
f 15436 14730 15477
f 14731 14739 15476
f 15481 14740 15488
f 14741 14748 15487
f 14749 14764 15486
f 14765 15178 15485
f 15179 15185 15484
f 15498 15497 15503
f 15502 15482 15506
f 15483 15186 15505
f 15504 15187 15510
f 15188 15194 15509
f 15195 15198 15508
f 15507 15199 15514
f 15200 15204 15513
f 15205 15208 15512
f 15511 15209 15517
f 15210 15215 15516
f 15515 15216 15520
f 15217 15222 15519
f 15518 15223 15522
f 15521 15224 15525
f 15225 15228 15524
f 15523 15229 15528
f 15230 15534 15527
f 15526 15529 15537
f 15530 15543 15536
f 15535 15538 15546
f 15539 14609 15545
f 15544 14601 15550
f 14602 14571 15549
f 14572 14563 15548
f 15547 14564 15552
f 15551 14565 15556
f 15555 14566 15559
f 14567 14577 15558
f 14578 14582 15557
f 15562 14583 15563
f 15566 14584 15569
f 14585 14587 15568
f 15576 15572 15580
f 15567 14588 15579
f 14589 14540 15578
f 14541 14532 15577
f 15583 14533 15586
f 14534 13987 15585
f 13988 13994 15584
f 15589 13995 15600
f 13996 14002 15599
f 14003 14008 15598
f 14009 14015 15597
f 14016 14027 15596
f 14028 14032 15595
f 14033 14039 15594
f 14040 14047 15593
f 14048 14052 15592
f 14053 14058 15591
f 14059 14081 15590
f 15603 14082 15606
f 14083 14091 15605
f 14092 14100 15604
f 15609 14101 15611
f 14102 14094 15610
f 15616 14095 15617
f 15620 14096 15628
f 14097 14107 15627
f 14108 14112 15626
f 14113 14118 15625
f 14119 14127 15624
f 14128 14139 15623
f 14140 14143 15622
f 14144 14147 15621
f 15632 14148 15636
f 14149 14154 15635
f 14155 14158 15634
f 14159 14162 15633
f 15639 14163 15643
f 14164 14168 15642
f 14169 14173 15641
f 14174 14180 15640
f 15646 14181 15649
f 14182 14185 15648
f 14186 14189 15647
f 15652 14190 15653
f 15657 14191 15662
f 14192 14195 15661
f 14196 14202 15660
f 14203 14205 15659
f 14206 14210 15658
f 15665 14211 15669
f 14212 14215 15668
f 14216 14220 15667
f 14221 14226 15666
f 15672 14227 15679
f 14228 14234 15678
f 14235 14242 15677
f 14243 14259 15676
f 15687 15682 15688
f 15694 15673 15695
f 15698 15674 15702
f 15675 14260 15701
f 14261 14266 15700
f 15709 15705 15713
f 15699 14267 15712
f 14268 14275 15711
f 14276 14281 15710
f 15716 14282 15719
f 14283 14286 15718
f 15726 15723 15731
f 15717 14287 15730
f 14288 14294 15729
f 14295 14298 15728
f 14299 8822 15727
f 15735 8810 15736
f 15741 8811 15742
f 15745 8812 15749
f 8813 8792 15748
f 8793 8798 15747
f 8799 8803 15746
f 15752 8804 15755
f 8805 8818 15754
f 8819 15762 15753
f 15759 15760 15765
f 15761 8820 15764
f 8821 14300 15763
f 15768 14301 15771
f 14302 14307 15770
f 14308 14314 15769
f 15774 14315 15776
f 14316 14319 15775
f 15779 14320 15780
f 15784 14321 15787
f 14322 8702 15786
f 8703 8693 15785
f 15790 8694 15793
f 8695 8688 15792
f 15799 15796 15802
f 15791 8689 15801
f 8690 8698 15800
f 15808 8699 15810
f 8700 8705 15809
f 15813 8706 15814
f 15818 8707 15819
f 15822 8708 15825
f 8709 14330 15824
f 14331 14334 15823
f 15828 14335 15832
f 14336 8681 15831
f 8682 8671 15830
f 8672 8666 15829
f 15835 8667 15839
f 8668 8675 15838
f 15846 15842 15847
f 15852 15836 15855
f 15837 8676 15854
f 8677 8684 15853
f 15859 8685 15864
f 8686 14340 15863
f 14341 14477 15862
f 14478 14485 15861
f 14486 14490 15860
f 15867 14491 15869
f 14492 14497 15868
f 15873 14498 15874
f 15881 14499 15883
f 14500 14508 15882
f 15886 14509 15888
f 14510 14513 15887
f 15892 14514 15896
f 14515 14522 15895
f 14523 14528 15894
f 14529 14543 15893
f 15902 14544 15904
f 14545 14597 15903
f 15907 14598 15909
f 14599 14605 15908
f 15916 15923 15924
f 15928 15917 15930
f 15918 15938 15929
f 15933 15934 15939
f 15945 15935 15946
f 15949 15936 15951
f 15937 15919 15950
f 15956 15920 15957
f 15961 15921 15964
f 15922 15913 15963
f 15971 15968 15973
f 15962 15914 15972
f 15915 15925 15976
f 15925 15912 15976
f 15976 15912 15977
f 15912 14606 15977
f 15980 14607 15982
f 14608 15540 15981
f 15985 15541 15987
f 15542 15531 15986
f 15991 15532 15996
f 15533 15231 15995
f 15232 15237 15994
f 15238 15242 15993
f 15243 15249 15992
f 16001 15250 16003
f 15251 15254 16002
f 16006 15255 16008
f 15256 15259 16007
f 16011 15260 16017
f 15261 15265 16016
f 15266 15271 16015
f 15272 15274 16014
f 15275 15282 16013
f 15283 15295 16012
f 16021 15296 16025
f 15297 15306 16024
f 15307 15314 16023
f 15315 15322 16022
f 16030 15323 16032
f 15324 15317 16031
f 16035 15318 16038
f 15319 15331 16037
f 15332 15335 16036
f 16043 15336 16045
f 15337 16050 16044
f 16049 16051 16054
f 16052 16060 16053
f 16059 16061 16066
f 16062 16070 16065
f 16071 15380 16064
f 15381 15385 16063
f 16069 15386 16073
f 15387 15391 16072
f 16076 15392 16077
f 16082 15393 16083
f 16086 15394 16089
f 15395 15401 16088
f 15402 15406 16087
f 16092 15407 16093
f 16096 15408 16098
f 15409 15411 16097
f 16101 15412 16102
f 16105 15413 16107
f 15414 15427 16106
f 16110 15428 16111
f 16115 15429 16116
f 16119 15430 16121
f 15431 15445 16120
f 16123 15446 16124
f 16127 15447 16129
f 15448 15457 16128
f 16133 15458 16135
f 15459 15462 16134
f 16139 15463 16144
f 15464 15467 16143
f 15468 15473 16142
f 15474 15479 16141
f 15480 15489 16140
f 16148 15490 16149
f 16153 15491 16154
f 16157 15492 16158
f 16163 15493 16164
f 16167 15494 16168
f 16172 15495 16174
f 15496 15499 16173
f 16177 15500 16179
f 15501 16184 16178
f 16183 16185 16188
f 16186 16192 16187
f 16191 16193 16196
f 16194 16200 16195
f 16199 16201 16204
f 16202 16208 16203
f 16207 16209 16217
f 16210 16224 16216
f 16225 15553 16215
f 15554 15560 16214
f 15561 15564 16213
f 15565 15570 16212
f 15571 15573 16211
f 16223 15574 16232
f 15575 15581 16231
f 15582 15587 16230
f 15588 15601 16229
f 15602 15607 16228
f 15608 15612 16227
f 15613 16240 16226
f 16236 16237 16242
f 16251 16248 16256
f 16241 16238 16255
f 16239 15614 16254
f 15615 15618 16253
f 15619 15629 16252
f 16260 15630 16265
f 15631 15637 16264
f 15638 15644 16263
f 15645 15650 16262
f 15651 15654 16261
f 16268 15655 16273
f 15656 15663 16272
f 15664 15670 16271
f 15671 15680 16270
f 15681 15683 16269
f 16276 15684 16277
f 16282 15685 16284
f 15686 15689 16283
f 16289 15690 16290
f 16293 15691 16294
f 16298 15692 16302
f 15693 15696 16301
f 15697 15703 16300
f 15704 15706 16299
f 16305 15707 16308
f 15708 15714 16307
f 15715 15720 16306
f 16312 15721 16315
f 15722 15724 16314
f 15725 15732 16313
f 16319 15733 16321
f 15734 15737 16320
f 16324 15738 16325
f 16328 15739 16332
f 15740 15743 16331
f 15744 15750 16330
f 15751 15756 16329
f 16335 15757 16340
f 15758 15766 16339
f 15767 15772 16338
f 15773 15777 16337
f 15778 15781 16336
f 16346 15782 16351
f 15783 15788 16350
f 15789 15794 16349
f 15795 15797 16348
f 15798 15803 16347
f 16355 15804 16356
f 16360 15805 16361
f 16365 15806 16368
f 15807 15811 16367
f 15812 15815 16366
f 16371 15816 16377
f 15817 15820 16376
f 15821 15826 16375
f 15827 15833 16374
f 15834 15840 16373
f 15841 15843 16372
f 16382 15844 16385
f 15845 15848 16384
f 16393 16389 16395
f 16383 15849 16394
f 16399 15850 16401
f 15851 15856 16400
f 16405 15857 16408
f 15858 15865 16407
f 15866 15870 16406
f 16411 15871 16413
f 15872 15875 16412
f 16416 15876 16419
f 15877 16427 16418
f 16424 14448 16417
f 16423 14439 16441
f 14440 14466 16440
f 14467 14472 16439
f 14473 14480 16438
f 14481 14346 16437
f 14347 14354 16436
f 14355 14365 16435
f 14366 14372 16434
f 14373 14384 16433
f 14385 14400 16432
f 14401 14405 16431
f 14406 14410 16430
f 14411 14422 16429
f 14423 14426 16428
f 16444 14427 16447
f 14428 14432 16446
f 14433 14435 16445
f 16451 14436 16455
f 14437 14446 16454
f 14447 16425 16453
f 16426 15878 16452
f 16458 15879 16461
f 15880 15884 16460
f 15885 15889 16459
f 16465 15890 16467
f 15891 15897 16466
f 16471 15898 16476
f 16484 16489 16491
f 16485 16480 16490
f 16495 16472 16496
f 16500 16473 16501
f 16505 16474 16507
f 16475 15899 16506
f 16511 15900 16517
f 15901 15905 16516
f 15906 15910 16515
f 15911 15926 16514
f 15927 15931 16513
f 15932 15940 16512
f 16521 15941 16522
f 16525 15942 16526
f 16531 15943 16534
f 15944 15947 16533
f 15948 15952 16532
f 16538 15953 16539
f 16543 15954 16545
f 15955 15958 16544
f 16549 15959 16551
f 15960 15965 16550
f 16555 15966 16561
f 15967 15969 16560
f 15970 15974 16559
f 15975 15978 16558
f 15979 15983 16557
f 15984 15988 16556
f 16565 15989 16567
f 15990 15997 16566
f 16570 15998 16571
f 16576 15999 16580
f 16000 16004 16579
f 16005 16009 16578
f 16010 16018 16577
f 16584 16019 16587
f 16020 16026 16586
f 16595 16591 16597
f 16585 16027 16596
f 16601 16028 16604
f 16029 16033 16603
f 16034 16039 16602
f 16607 16040 16608
f 16612 16041 16614
f 16042 16046 16613
f 16619 16047 16621
f 16048 16055 16620
f 16625 16056 16628
f 16636 16641 16644
f 16637 16653 16643
f 16649 16659 16642
f 16648 16654 16661
f 16655 16672 16660
f 16665 16666 16673
f 16677 16667 16681
f 16668 16690 16680
f 16686 16695 16679
f 16691 16632 16678
f 16685 16626 16701
f 16627 16057 16700
f 16058 16067 16699
f 16068 16074 16698
f 16075 16078 16697
f 16079 16710 16696
f 16705 16706 16711
f 16715 16707 16716
f 16719 16708 16729
f 16709 16080 16728
f 16081 16084 16727
f 16085 16090 16726
f 16091 16094 16725
f 16095 16099 16724
f 16100 16103 16723
f 16104 16108 16722
f 16109 16112 16721
f 16738 16734 16744
f 16720 16113 16743
f 16114 16117 16742
f 16118 16122 16741
f 16122 16125 16741
f 16126 16130 16740
f 16752 16748 16755
f 16739 16131 16754
f 16132 16136 16753
f 16759 16137 16761
f 16138 16145 16760
f 16764 16146 16766
f 16147 16150 16765
f 16771 16151 16774
f 16152 16155 16773
f 16156 16159 16772
f 16778 16160 16779
f 16783 16161 16786
f 16162 16165 16785
f 16166 16169 16784
f 16790 16170 16793
f 16171 16175 16792
f 16176 16180 16791
f 16797 16181 16802
f 16182 16189 16801
f 16190 16197 16800
f 16198 16205 16799
f 16206 16218 16798
f 16806 16219 16807
f 16811 16220 16813
f 16821 16817 16824
f 16812 16221 16823
f 16222 16233 16822
f 16828 16234 16830
f 16235 16243 16829
f 16833 16244 16834
f 16839 16245 16840
f 16843 16246 16849
f 16247 16249 16848
f 16250 16257 16847
f 16855 16860 16861
f 16865 16856 16867
f 16875 16870 16878
f 16866 16857 16877
f 16888 16882 16892
f 16876 16858 16891
f 16859 16853 16890
f 16854 16862 16889
f 16896 16863 16900
f 16864 16868 16899
f 16869 16871 16898
f 16872 16907 16897
f 16903 16904 16844
f 16852 16905 16910
f 16906 16873 16909
f 16874 16879 16908
f 16913 16880 16915
f 16881 16883 16914
f 16919 16884 16921
f 16885 16928 16920
f 16925 16926 16931
f 16927 16886 16930
f 16887 16893 16929
f 16935 16894 16942
f 16895 16901 16941
f 16902 16845 16940
f 16846 16258 16939
f 16259 16266 16938
f 16267 16274 16937
f 16275 16278 16936
f 16946 16279 16947
f 16951 16280 16953
f 16281 16285 16952
f 16957 16286 16959
f 16966 16963 16972
f 16958 16287 16971
f 16288 16291 16970
f 16292 16295 16969
f 16980 16985 16987
f 16981 16994 16986
f 16990 16991 16995
f 16999 16992 17002
f 16993 16982 17001
f 16976 17005 17008
f 17000 16983 17007
f 16984 16977 17006
f 17010 16978 17013
f 16979 16988 17012
f 16989 16996 17011
f 17018 16997 17025
f 16998 17003 17024
f 17004 16967 17023
f 16968 16296 17022
f 16297 16303 17021
f 16304 16309 17020
f 17031 17028 17034
f 17019 16310 17033
f 16311 16316 17032
f 17038 16317 17044
f 16318 16322 17043
f 16323 16326 17042
f 16327 16333 17041
f 16334 16341 17040
f 17306 17048 17051
f 17039 16342 17050
f 17049 16343 17053
f 17052 16344 17056
f 16345 16352 17055
f 17054 16353 17059
f 16354 16357 17058
f 17057 16358 17062
f 16359 16362 17061
f 17060 16363 17066
f 16364 16369 17065
f 16370 16378 17064
f 17063 16379 17068
f 17067 16380 17071
f 16381 16386 17070
f 17069 16387 17074
f 16388 16390 17073
f 17072 16391 17077
f 16392 16396 17076
f 17075 16397 17080
f 16398 16402 17079
f 17078 16403 17085
f 16404 16409 17084
f 16410 16414 17083
f 16415 16420 17082
f 17081 16421 17089
f 16422 16442 17088
f 16443 16448 17087
f 17086 16449 17093
f 16450 16456 17092
f 16457 16462 17091
f 17090 16463 17096
f 16464 16468 17095
f 17094 16469 17099
f 16470 16477 17098
f 17097 16478 17102
f 16479 16486 17101
f 17100 16487 17105
f 16488 16481 17104
f 17103 16482 17108
f 16483 16492 17107
f 17106 16493 17111
f 16494 16497 17110
f 17109 16498 17114
f 16499 16502 17113
f 17112 16503 17117
f 16504 16508 17116
f 17115 16509 17120
f 16510 16518 17119
f 17118 16519 17124
f 16520 16523 17123
f 16524 16527 17122
f 17121 16528 17126
f 17125 16529 17129
f 16530 16535 17128
f 17127 16536 17132
f 16537 16540 17131
f 17130 16541 17135
f 16542 16546 17134
f 17133 16547 17138
f 16548 16552 17137
f 17136 16553 17141
f 16554 16562 17140
f 17139 16563 17145
f 16564 16568 17144
f 16569 16572 17143
f 17142 16573 17147
f 17146 16574 17150
f 16575 16581 17149
f 17148 16582 17153
f 16583 16588 17152
f 17151 16589 17156
f 16590 16592 17155
f 17154 16593 17159
f 16594 16598 17158
f 17157 16599 17163
f 16600 16605 17162
f 16606 16609 17161
f 17160 16610 17166
f 16611 16615 17165
f 17164 16616 17168
f 17167 16617 17171
f 16618 16622 17170
f 17169 16623 17174
f 16624 16629 17173
f 17172 16630 17177
f 16631 16692 17176
f 17175 16693 17180
f 16694 16687 17179
f 17178 16688 17183
f 16689 16669 17182
f 17181 16670 17186
f 16671 16656 17185
f 17184 16657 17189
f 16658 16650 17188
f 17187 16651 17192
f 16652 16638 17191
f 17190 16639 17195
f 16640 16633 17194
f 17193 16634 17198
f 16635 16645 17197
f 17196 16646 17201
f 16647 16662 17200
f 17199 16663 17204
f 16664 16674 17203
f 17202 16675 17207
f 16676 16682 17206
f 17205 16683 17210
f 16684 16702 17209
f 17208 16703 17213
f 16704 16712 17212
f 17211 16713 17217
f 16714 16717 17216
f 16718 16730 17215
f 17214 16731 17219
f 17218 16732 17222
f 16733 16735 17221
f 17220 16736 17225
f 16737 16745 17224
f 17223 16746 17228
f 16747 16749 17227
f 17226 16750 17231
f 16751 16756 17230
f 17229 16757 17235
f 16758 16762 17234
f 16763 16767 17233
f 17232 16768 17237
f 17236 16769 17240
f 16770 16775 17239
f 17238 16776 17243
f 16777 16780 17242
f 17241 16781 17246
f 16782 16787 17245
f 17244 16788 17249
f 16789 16794 17248
f 17247 16795 17252
f 16796 16803 17251
f 17250 16804 17255
f 16805 16808 17254
f 17253 16809 17258
f 16810 16814 17257
f 17256 16815 17261
f 16816 16818 17260
f 17259 16819 17264
f 16820 16825 17263
f 17262 16826 17268
f 16827 16831 17267
f 16832 16835 17266
f 17265 16836 17270
f 17269 16837 17276
f 16838 16841 17275
f 16842 16850 17274
f 16851 16911 17273
f 16912 16916 17272
f 17271 16917 17279
f 16918 16922 17278
f 17277 16923 17282
f 16924 16932 17281
f 17280 16933 17285
f 16934 16943 17284
f 17283 16944 17288
f 16945 16948 17287
f 17286 16949 17291
f 16950 16954 17290
f 17289 16955 17294
f 16956 16960 17293
f 17292 16961 17298
f 16962 16964 17297
f 16965 16973 17296
f 17295 16974 17301
f 16975 17009 17300
f 17009 17014 17300
f 17299 17015 17305
f 17309 17302 17310
f 17313 17303 17318
f 17304 17016 17317
f 17017 17026 17316
f 17027 17029 17315
f 17030 17035 17314
f 17321 17036 17323
f 17037 17045 17322
f 17325 17046 17328
f 17047 17307 17327
f 17308 17311 17326
f 17312 17319 17330
f 17324 17329 17320
f 8659 8664 8655
