v 22464.9840 30528.4021 79.5569
v 22464.9840 30528.4021 79.5569
v 22464.9840 30528.4021 79.5569
v 22467.6981 30528.4068 79.5569
v 22467.6981 30528.4068 79.5569
v 22467.6981 30528.4068 79.5569
v 22467.6981 30528.4068 79.5569
v 22467.6981 30528.4068 79.5569
v 22464.9840 30528.4144 79.5569
v 22464.9840 30528.4144 79.5569
v 22464.9840 30528.4144 79.5569
v 22464.9840 30528.4144 79.5569
v 22464.9840 30528.4144 89.2519
v 22464.9840 30528.4144 89.2519
v 22464.9840 30528.4144 89.2519
v 22464.9840 30528.4144 89.2519
v 22464.9840 30528.4144 89.2519
v 22464.9840 30528.4144 89.2519
v 22425.3890 30532.5142 91.3469
v 22425.3890 30532.5142 91.3469
v 22425.3890 30532.5142 91.3469
v 22425.3890 30532.5142 91.3469
v 22425.3890 30532.5142 91.3469
v 22425.3890 30532.5142 91.3469
v 22425.3845 30533.1276 91.6919
v 22425.3845 30533.1276 91.6919
v 22425.3845 30533.1276 91.6919
v 22425.3845 30533.1276 91.6919
v 22425.3845 30533.1276 91.6919
v 22425.3931 30531.9639 91.6919
v 22425.3931 30531.9639 91.6919
v 22425.3931 30531.9639 91.6919
v 22425.3931 30531.9639 91.6919
v 22425.3931 30531.9639 91.6919
v 22424.5994 30533.1219 91.6919
v 22424.5994 30533.1219 91.6919
v 22424.5994 30533.1219 91.6919
v 22424.5994 30533.1219 91.6919
v 22424.5994 30533.1219 91.6919
v 22424.5994 30533.1219 91.6919
v 22422.9533 30531.9461 91.6919
v 22422.9533 30531.9461 91.6919
v 22422.9533 30531.9461 91.6919
v 22422.9533 30531.9461 91.6919
v 22422.9533 30531.9461 91.6919
v 22422.9533 30531.9461 91.6919
v 22422.9533 30531.9461 91.3469
v 22422.9533 30531.9461 91.3469
v 22422.9533 30531.9461 91.3469
v 22422.9533 30531.9461 91.3469
v 22422.9533 30531.9461 91.3469
v 22422.9533 30531.9461 91.3469
v 22422.9530 30531.9923 91.3469
v 22422.9530 30531.9923 91.3469
v 22422.9530 30531.9923 91.3469
v 22422.9530 30531.9923 91.3469
v 22422.9530 30531.9923 91.3469
v 22422.4338 30531.8728 91.3469
v 22422.4338 30531.8728 91.3469
v 22422.4338 30531.8728 91.3469
v 22422.4338 30531.8728 91.3469
v 22422.4338 30531.8728 91.3469
v 22422.4338 30531.8728 91.3469
v 22422.4338 30531.8728 90.2769
v 22422.4338 30531.8728 90.2769
v 22422.4338 30531.8728 90.2769
v 22422.4338 30531.8728 90.2769
v 22422.4338 30531.8728 90.2769
v 22422.9530 30531.9923 90.2769
v 22422.9530 30531.9923 90.2769
v 22422.9530 30531.9923 90.2769
v 22422.9530 30531.9923 90.2769
v 22422.9424 30533.4380 91.6919
v 22422.9424 30533.4380 91.6919
v 22422.9424 30533.4380 91.6919
v 22422.9424 30533.4380 91.6919
v 22422.9424 30533.4380 91.6919
v 22422.9424 30533.4380 91.6919
v 22424.5971 30533.4501 91.6919
v 22424.5971 30533.4501 91.6919
v 22424.5971 30533.4501 91.6919
v 22424.5971 30533.4501 91.6919
v 22424.5971 30533.4501 91.6919
v 22424.5971 30533.4501 91.6919
v 22424.5971 30533.4501 90.2769
v 22424.5971 30533.4501 90.2769
v 22424.5971 30533.4501 90.2769
v 22424.5971 30533.4501 90.2769
v 22424.5971 30533.4501 90.2769
v 22424.5971 30533.4501 90.2769
v 22424.5994 30533.1219 90.2769
v 22424.5994 30533.1219 90.2769
v 22424.5994 30533.1219 90.2769
v 22424.5994 30533.1219 90.2769
v 22424.5994 30533.1219 90.2769
v 22425.3845 30533.1276 90.2769
v 22425.3845 30533.1276 90.2769
v 22425.3845 30533.1276 90.2769
v 22425.3845 30533.1276 90.2769
v 22425.3845 30533.1276 90.2769
v 22425.3890 30532.5142 90.2769
v 22425.3890 30532.5142 90.2769
v 22425.3890 30532.5142 90.2769
v 22425.3890 30532.5142 90.2769
v 22425.3890 30532.5142 90.2769
v 22430.3399 30531.4705 91.3469
v 22430.3399 30531.4705 91.3469
v 22430.3399 30531.4705 91.3469
v 22430.3399 30531.4705 91.3469
v 22429.8167 30531.4694 90.2769
v 22429.8167 30531.4694 90.2769
v 22429.8167 30531.4694 90.2769
v 22429.8167 30531.4694 90.2769
v 22429.8167 30531.4694 90.2769
v 22429.8167 30531.4694 91.3469
v 22429.8167 30531.4694 91.3469
v 22429.8167 30531.4694 91.3469
v 22429.8167 30531.4694 91.3469
v 22429.8167 30531.4694 91.3469
v 22429.8167 30531.4694 91.3469
v 22429.8143 30532.5240 90.2769
v 22429.8143 30532.5240 90.2769
v 22429.8143 30532.5240 90.2769
v 22429.8143 30532.5240 90.2769
v 22429.8143 30532.5240 90.2769
v 22429.8143 30532.5240 90.2769
v 22429.8143 30532.5240 91.3469
v 22429.8143 30532.5240 91.3469
v 22429.8143 30532.5240 91.3469
v 22429.8143 30532.5240 91.3469
v 22429.8143 30532.5240 91.3469
v 22429.8143 30532.5240 91.3469
v 22425.3931 30531.9639 91.3469
v 22425.3931 30531.9639 91.3469
v 22425.3931 30531.9639 91.3469
v 22425.3931 30531.9639 91.3469
v 22425.3931 30531.9639 91.3469
v 22425.3931 30531.9639 91.3469
v 22425.3931 30531.9639 91.3469
v 22425.3931 30531.9639 91.3469
v 22425.3931 30531.9639 91.3469
v 22423.7987 30530.7420 91.3469
v 22423.7987 30530.7420 91.3469
v 22423.7987 30530.7420 91.3469
v 22423.7987 30530.7420 91.3469
v 22423.7987 30530.7420 91.3469
v 22423.7987 30530.7420 91.3469
v 22423.7985 30530.7511 91.3469
v 22423.7985 30530.7511 91.3469
v 22423.7985 30530.7511 91.3469
v 22423.7985 30530.7511 91.3469
v 22423.7985 30530.7511 91.3469
v 22423.7985 30530.7511 91.3469
v 22423.7985 30530.7511 91.3469
v 22423.7985 30530.7511 91.3469
v 22422.0736 30531.4466 91.3469
v 22422.0736 30531.4466 91.3469
v 22422.0736 30531.4466 91.3469
v 22422.0736 30531.4466 91.3469
v 22422.0736 30531.4466 91.3469
v 22422.0736 30531.4466 91.3469
v 22423.7985 30530.7511 91.6569
v 22423.7985 30530.7511 91.6569
v 22423.7985 30530.7511 91.6569
v 22423.7985 30530.7511 91.6569
v 22421.9091 30530.7241 91.3469
v 22421.9091 30530.7241 91.3469
v 22421.9091 30530.7241 91.3469
v 22421.9091 30530.7241 91.3469
v 22421.9091 30530.7241 91.3469
v 22421.9091 30530.7241 91.3469
v 22421.9091 30530.7241 91.3469
v 22421.9083 30531.0883 91.3469
v 22421.9083 30531.0883 91.3469
v 22421.9083 30531.0883 91.3469
v 22421.9083 30531.0883 91.3469
v 22421.9091 30530.7241 90.2769
v 22421.9091 30530.7241 90.2769
v 22421.9091 30530.7241 90.2769
v 22421.9091 30530.7241 90.2769
v 22421.9083 30531.0883 90.2769
v 22421.9083 30531.0883 90.2769
v 22421.9083 30531.0883 90.2769
v 22421.9083 30531.0883 90.2769
v 22421.9083 30531.0883 90.2769
v 22421.9083 30531.0883 90.2769
v 22422.0736 30531.4466 90.2769
v 22422.0736 30531.4466 90.2769
v 22422.0736 30531.4466 90.2769
v 22422.0736 30531.4466 90.2769
v 22422.0736 30531.4466 90.2769
v 22422.0736 30531.4466 90.2769
v 22422.9424 30533.4380 90.2769
v 22422.9424 30533.4380 90.2769
v 22422.9424 30533.4380 90.2769
v 22422.9424 30533.4380 90.2769
v 22422.9424 30533.4380 90.2769
v 22422.9424 30533.4380 90.2769
v 22422.9424 30533.4380 90.2769
v 22423.7620 30533.4440 90.2769
v 22423.7620 30533.4440 90.2769
v 22423.7620 30533.4440 90.2769
v 22423.7620 30533.4440 90.2769
v 22423.7620 30533.4440 90.2769
v 22424.5682 30533.9061 90.2769
v 22424.5682 30533.9061 90.2769
v 22424.5682 30533.9061 90.2769
v 22424.5682 30533.9061 90.2769
v 22424.5682 30533.9061 90.2769
v 22424.5682 30533.9061 90.2769
v 22429.8111 30533.9303 90.2769
v 22429.8111 30533.9303 90.2769
v 22429.8111 30533.9303 90.2769
v 22429.8111 30533.9303 90.2769
v 22429.8111 30533.9303 90.2769
v 22429.8111 30533.9303 90.2769
v 22429.8111 30533.9303 90.2769
v 22429.8111 30533.9303 90.2769
v 22430.3339 30533.9327 90.2769
v 22430.3339 30533.9327 90.2769
v 22430.3339 30533.9327 90.2769
v 22430.3339 30533.9327 90.2769
v 22430.3339 30533.9327 90.2769
v 22430.3339 30533.9327 90.2769
v 22430.3339 30533.9327 90.2769
v 22431.9382 30532.0922 90.9069
v 22431.9382 30532.0922 90.9069
v 22431.9382 30532.0922 90.9069
v 22431.9382 30532.0922 90.9069
v 22431.9382 30532.0922 90.9069
v 22431.9382 30532.0922 90.9069
v 22431.9362 30532.3853 90.2769
v 22431.9362 30532.3853 90.2769
v 22431.9362 30532.3853 90.2769
v 22431.9362 30532.3853 90.2769
v 22431.9362 30532.3853 90.2769
v 22431.9362 30532.3853 90.9069
v 22431.9362 30532.3853 90.9069
v 22431.9362 30532.3853 90.9069
v 22431.9362 30532.3853 90.9069
v 22431.9362 30532.3853 90.9069
v 22431.9362 30532.3853 90.9069
v 22431.9362 30532.3853 90.9069
v 22430.7983 30532.3932 90.2769
v 22430.7983 30532.3932 90.2769
v 22430.7983 30532.3932 90.2769
v 22430.8015 30531.9195 90.2769
v 22430.8015 30531.9195 90.2769
v 22430.8015 30531.9195 90.2769
v 22430.8015 30531.9195 90.2769
v 22430.8015 30531.9195 90.2769
v 22430.7983 30532.3932 90.9069
v 22430.7983 30532.3932 90.9069
v 22430.7983 30532.3932 90.9069
v 22430.7983 30532.3932 90.9069
v 22430.7983 30532.3932 90.9069
v 22430.7983 30532.3932 90.9069
v 22430.7983 30532.3932 90.9069
v 22430.8015 30531.9195 90.9069
v 22430.8015 30531.9195 90.9069
v 22430.8015 30531.9195 90.9069
v 22430.8015 30531.9195 90.9069
v 22430.8015 30531.9195 90.9069
v 22430.3651 30533.6994 90.2769
v 22430.3651 30533.6994 90.2769
v 22430.3651 30533.6994 90.2769
v 22430.3662 30533.8613 91.3019
v 22430.3662 30533.8613 91.3019
v 22430.3662 30533.8613 91.3019
v 22430.3662 30533.8613 91.3019
v 22430.3662 30533.8613 91.3019
v 22430.3662 30533.8613 91.3019
v 22430.3662 30533.8613 90.2769
v 22430.3662 30533.8613 90.2769
v 22430.3662 30533.8613 90.2769
v 22430.3662 30533.8613 90.2769
v 22430.3662 30533.8613 90.2769
v 22430.3662 30533.8613 90.2769
v 22430.3662 30533.8613 90.2769
v 22430.3662 30533.8613 90.2769
v 22431.0476 30533.8566 90.2769
v 22431.0476 30533.8566 90.2769
v 22431.0476 30533.8566 90.2769
v 22431.0476 30533.8566 90.2769
v 22432.2848 30533.8480 91.3019
v 22432.2848 30533.8480 91.3019
v 22432.2848 30533.8480 91.3019
v 22432.2848 30533.8480 91.3019
v 22432.2848 30533.8480 91.3019
v 22432.2746 30532.3830 91.3019
v 22432.2746 30532.3830 91.3019
v 22432.2746 30532.3830 91.3019
v 22432.2746 30532.3830 91.3019
v 22432.2746 30532.3830 91.3019
v 22432.2746 30532.3830 91.3019
v 22432.2746 30532.3830 91.3019
v 22432.2746 30532.3830 91.3019
v 22430.3561 30532.3963 91.3019
v 22430.3561 30532.3963 91.3019
v 22430.3561 30532.3963 91.3019
v 22430.3561 30532.3963 91.3019
v 22432.2746 30532.3830 90.2769
v 22432.2746 30532.3830 90.2769
v 22432.2746 30532.3830 90.2769
v 22432.2746 30532.3830 90.2769
v 22432.2746 30532.3830 90.2769
v 22431.9382 30532.0922 90.2769
v 22431.9382 30532.0922 90.2769
v 22431.9382 30532.0922 90.2769
v 22431.9382 30532.0922 90.2769
v 22431.9382 30532.0922 90.2769
v 22433.1611 30532.1009 90.9069
v 22433.1611 30532.1009 90.9069
v 22433.1611 30532.1009 90.9069
v 22433.1611 30532.1009 90.9069
v 22433.1673 30531.1868 90.9069
v 22433.1673 30531.1868 90.9069
v 22433.1673 30531.1868 90.9069
v 22433.1673 30531.1868 90.9069
v 22433.1673 30531.1868 90.9069
v 22431.3550 30531.1744 90.9069
v 22431.3550 30531.1744 90.9069
v 22431.3550 30531.1744 90.9069
v 22431.3550 30531.1744 90.9069
v 22431.3550 30531.1744 90.9069
v 22431.3550 30531.1744 90.9069
v 22431.0217 30531.5234 90.9069
v 22431.0217 30531.5234 90.9069
v 22431.0217 30531.5234 90.9069
v 22431.0217 30531.5234 90.9069
v 22431.0217 30531.5234 90.9069
v 22431.0217 30531.5234 90.2769
v 22431.0217 30531.5234 90.2769
v 22431.0217 30531.5234 90.2769
v 22431.0217 30531.5234 90.2769
v 22431.0217 30531.5234 90.2769
v 22431.0217 30531.5234 90.2769
v 22430.3561 30532.3963 90.2769
v 22430.3561 30532.3963 90.2769
v 22430.3561 30532.3963 90.2769
v 22430.3561 30532.3963 90.2769
v 22430.3561 30532.3963 90.2769
v 22430.3561 30532.3963 90.2769
v 22430.3561 30532.3963 90.2769
v 22430.3561 30532.3963 90.2769
v 22430.3561 30532.3963 90.2769
v 22430.3561 30532.3963 90.2769
v 22430.3399 30531.4705 90.2769
v 22430.3399 30531.4705 90.2769
v 22430.3399 30531.4705 90.2769
v 22430.3399 30531.4705 90.2769
v 22430.3399 30531.4705 90.2769
v 22430.3399 30531.4705 90.2769
v 22430.3399 30531.4705 90.2769
v 22430.3433 30530.0692 91.3469
v 22430.3433 30530.0692 91.3469
v 22430.3433 30530.0692 91.3469
v 22430.3433 30530.0692 91.3469
v 22430.3433 30530.0692 91.3469
v 22425.6876 30530.0595 91.3469
v 22425.6876 30530.0595 91.3469
v 22425.6876 30530.0595 91.3469
v 22425.6876 30530.0595 91.3469
v 22425.6876 30530.0595 91.3469
v 22425.6876 30530.0595 91.3469
v 22425.6876 30530.0595 91.3469
v 22425.2976 30530.7447 91.3469
v 22425.2976 30530.7447 91.3469
v 22425.2976 30530.7447 91.3469
v 22425.2976 30530.7447 91.3469
v 22425.2976 30530.7447 91.3469
v 22425.2976 30530.7447 90.2769
v 22425.2976 30530.7447 90.2769
v 22425.2976 30530.7447 90.2769
v 22425.2976 30530.7447 90.2769
v 22425.2976 30530.7447 90.2769
v 22423.7987 30530.7420 90.2769
v 22423.7987 30530.7420 90.2769
v 22423.7987 30530.7420 90.2769
v 22423.7987 30530.7420 90.2769
v 22423.8230 30529.0421 91.6569
v 22423.8230 30529.0421 91.6569
v 22423.8230 30529.0421 91.6569
v 22423.8230 30529.0421 91.6569
v 22423.8230 30529.0421 91.6569
v 22423.8230 30529.0421 91.6569
v 22423.8230 30529.0421 91.6569
v 22421.5514 30529.0097 91.6569
v 22421.5514 30529.0097 91.6569
v 22421.5514 30529.0097 91.6569
v 22421.5514 30529.0097 91.6569
v 22421.5270 30530.7187 91.6569
v 22421.5270 30530.7187 91.6569
v 22421.5270 30530.7187 91.6569
v 22421.5270 30530.7187 91.6569
v 22421.5270 30530.7187 91.6569
v 22421.5270 30530.7187 91.6569
v 22421.5270 30530.7187 90.2769
v 22421.5270 30530.7187 90.2769
v 22421.5270 30530.7187 90.2769
v 22421.5270 30530.7187 90.2769
v 22421.5270 30530.7187 90.2769
v 22421.5270 30530.7187 90.2769
v 22421.5270 30530.7187 90.2769
v 22421.5270 30530.7187 90.2769
v 22418.1096 30531.1993 79.5569
v 22418.1096 30531.1993 79.5569
v 22418.1096 30531.1993 79.5569
v 22418.1096 30531.1993 79.5569
v 22421.4560 30531.1783 79.5569
v 22421.4560 30531.1783 79.5569
v 22421.4560 30531.1783 79.5569
v 22421.4560 30531.1783 79.5569
v 22421.4560 30531.1783 79.5569
v 22418.1471 30537.1741 79.5569
v 22418.1471 30537.1741 79.5569
v 22418.1471 30537.1741 79.5569
v 22418.1471 30537.1741 79.5569
v 22421.4935 30537.1531 79.5569
v 22421.4935 30537.1531 79.5569
v 22421.4935 30537.1531 79.5569
v 22421.4935 30537.1531 79.5569
v 22421.4935 30537.1531 79.5569
v 22421.4561 30531.1783 90.2769
v 22421.4561 30531.1783 90.2769
v 22421.4561 30531.1783 90.2769
v 22421.4561 30531.1783 90.2769
v 22421.4561 30531.1783 90.2769
v 22421.4561 30531.1783 90.2769
v 22418.1096 30531.1993 90.2769
v 22418.1096 30531.1993 90.2769
v 22418.1096 30531.1993 90.2769
v 22418.1096 30531.1993 90.2769
v 22418.1096 30531.1993 90.2769
v 22418.1096 30531.1993 90.2769
v 22418.1471 30537.1741 90.2769
v 22418.1471 30537.1741 90.2769
v 22418.1471 30537.1741 90.2769
v 22418.1471 30537.1741 90.2769
v 22418.1471 30537.1741 90.2769
v 22418.1471 30537.1741 90.2769
v 22418.1471 30537.1741 90.2769
v 22418.1471 30537.1741 90.2769
v 22421.4936 30537.1530 90.2769
v 22421.4936 30537.1530 90.2769
v 22421.4936 30537.1530 90.2769
v 22421.4936 30537.1530 90.2769
v 22421.4936 30537.1530 90.2769
v 22421.4936 30537.1530 90.2769
v 22424.5530 30537.2090 90.2769
v 22424.5530 30537.2090 90.2769
v 22424.5530 30537.2090 90.2769
v 22424.5530 30537.2090 90.2769
v 22424.5530 30537.2090 90.2769
v 22424.5530 30537.2090 90.2769
v 22424.5530 30537.2090 90.2769
v 22424.5530 30537.2090 90.2769
v 22424.5530 30537.2090 90.2769
v 22424.5530 30537.2090 90.2769
v 22424.5530 30537.2090 90.2769
v 22424.5530 30537.2090 90.2769
v 22424.5659 30534.3951 90.2769
v 22424.5659 30534.3951 90.2769
v 22424.5659 30534.3951 90.2769
v 22424.5659 30534.3951 90.2769
v 22424.5529 30537.2090 79.5569
v 22424.5529 30537.2090 79.5569
v 22424.5529 30537.2090 79.5569
v 22424.5529 30537.2090 79.5569
v 22427.3279 30537.2223 90.2769
v 22427.3279 30537.2223 90.2769
v 22427.3279 30537.2223 90.2769
v 22427.3279 30537.2223 79.5569
v 22427.3279 30537.2223 79.5569
v 22427.3279 30537.2223 79.5569
v 22427.3279 30537.2223 79.5569
v 22427.3279 30537.2223 79.5569
v 22427.3279 30537.2223 79.5569
v 22427.3279 30537.2223 79.5569
v 22427.3279 30537.2223 79.5569
v 22427.3279 30537.2223 79.5569
v 22431.8801 30538.5945 79.5569
v 22431.8801 30538.5945 79.5569
v 22431.8801 30538.5945 79.5569
v 22431.8801 30538.5945 79.5569
v 22431.8801 30538.5945 79.5569
v 22431.8801 30538.5945 79.5569
v 22431.8801 30538.5945 87.1619
v 22431.8801 30538.5945 87.1619
v 22431.8801 30538.5945 87.1619
v 22431.8801 30538.5945 87.1619
v 22431.8801 30538.5945 87.1619
v 22431.8801 30538.5945 87.1619
v 22428.3861 30538.5692 87.1619
v 22428.3861 30538.5692 87.1619
v 22428.3861 30538.5692 87.1619
v 22428.3861 30538.5692 87.1619
v 22428.3796 30539.4764 87.1619
v 22428.3796 30539.4764 87.1619
v 22428.3796 30539.4764 87.1619
v 22428.3796 30539.4764 87.1619
v 22428.3796 30539.4764 87.1619
v 22428.3796 30539.4764 87.1619
v 22431.8735 30539.5016 87.1619
v 22431.8735 30539.5016 87.1619
v 22431.8735 30539.5016 87.1619
v 22431.8735 30539.5016 87.1619
v 22428.3809 30539.2858 79.5569
v 22428.3809 30539.2858 79.5569
v 22428.3809 30539.2858 79.5569
v 22428.3796 30539.4764 79.5569
v 22428.3796 30539.4764 79.5569
v 22428.3796 30539.4764 79.5569
v 22428.3796 30539.4764 79.5569
v 22428.3796 30539.4764 79.5569
v 22428.3796 30539.4764 79.5569
v 22428.3796 30539.4764 79.5569
v 22428.3796 30539.4764 79.5569
v 22428.3796 30539.4764 79.5569
v 22431.8735 30539.5016 79.5569
v 22431.8735 30539.5016 79.5569
v 22431.8735 30539.5016 79.5569
v 22431.8735 30539.5016 79.5569
v 22431.8735 30539.5016 79.5569
v 22431.8753 30539.2502 79.5569
v 22431.8753 30539.2502 79.5569
v 22431.8753 30539.2502 79.5569
v 22431.8753 30539.2502 79.5569
v 22431.8753 30539.2502 79.5569
v 22432.6736 30539.2402 79.5569
v 22432.6736 30539.2402 79.5569
v 22432.6736 30539.2402 79.5569
v 22432.6736 30539.2402 79.5569
v 22432.6736 30539.2402 79.5569
v 22432.6736 30539.2402 79.5569
v 22432.6736 30539.2402 79.5569
v 22432.6736 30539.2402 79.5569
v 22433.6414 30539.2358 87.0269
v 22433.6414 30539.2358 87.0269
v 22433.6414 30539.2358 87.0269
v 22433.6414 30539.2358 87.0269
v 22433.6414 30539.2358 87.0269
v 22433.6414 30539.2358 87.0269
v 22432.6736 30539.2402 87.0269
v 22432.6736 30539.2402 87.0269
v 22432.6736 30539.2402 87.0269
v 22432.6736 30539.2402 87.0269
v 22433.6367 30538.1948 87.0269
v 22433.6367 30538.1948 87.0269
v 22433.6367 30538.1948 87.0269
v 22433.6367 30538.1948 87.0269
v 22433.6367 30538.1948 87.0269
v 22433.6367 30538.1948 87.0269
v 22433.6257 30535.7759 87.8169
v 22433.6257 30535.7759 87.8169
v 22433.6257 30535.7759 87.8169
v 22433.6367 30538.1948 87.8169
v 22433.6367 30538.1948 87.8169
v 22433.6367 30538.1948 87.8169
v 22433.6367 30538.1948 87.8169
v 22433.6367 30538.1948 87.8169
v 22433.6367 30538.1948 87.8169
v 22432.6579 30535.7803 87.8169
v 22432.6579 30535.7803 87.8169
v 22432.6579 30535.7803 87.8169
v 22432.6579 30535.7803 87.8169
v 22432.6579 30535.7803 87.8169
v 22432.6689 30538.1992 87.8169
v 22432.6689 30538.1992 87.8169
v 22432.6689 30538.1992 87.8169
v 22432.6689 30538.1992 87.8169
v 22432.6689 30538.1992 87.0269
v 22432.6689 30538.1992 87.0269
v 22432.6689 30538.1992 87.0269
v 22432.6689 30538.1992 87.0269
v 22432.6689 30538.1992 87.0269
v 22432.6689 30538.1992 87.0269
v 22433.0086 30539.2387 79.5569
v 22433.0086 30539.2387 79.5569
v 22433.0086 30539.2387 79.5569
v 22433.0086 30539.2387 79.5569
v 22433.6414 30539.2358 79.5569
v 22433.6414 30539.2358 79.5569
v 22433.6414 30539.2358 79.5569
v 22433.6414 30539.2358 79.5569
v 22433.6414 30539.2358 79.5569
v 22433.6414 30539.2322 79.5569
v 22433.6414 30539.2322 79.5569
v 22433.6414 30539.2322 79.5569
v 22433.6414 30539.2322 79.5569
v 22433.6414 30539.2322 79.5569
v 22433.6257 30535.7759 79.5569
v 22433.6257 30535.7759 79.5569
v 22433.6257 30535.7759 79.5569
v 22433.6257 30535.7759 79.5569
v 22433.6257 30535.7759 79.5569
v 22433.6257 30535.7759 79.5569
v 22433.6257 30535.7759 79.5569
v 22432.6579 30535.7804 79.5569
v 22432.6579 30535.7804 79.5569
v 22432.6579 30535.7804 79.5569
v 22432.6579 30535.7804 79.5569
v 22432.6579 30535.7804 79.5569
v 22432.6579 30535.7804 79.5569
v 22432.6579 30535.7804 79.5569
v 22432.6579 30535.7804 79.5569
v 22428.3861 30538.5693 79.5569
v 22428.3861 30538.5693 79.5569
v 22428.3861 30538.5693 79.5569
v 22428.3861 30538.5693 79.5569
v 22428.3861 30538.5693 79.5569
v 22428.3861 30538.5693 79.5569
v 22428.3861 30538.5693 79.5569
v 22428.3861 30538.5693 79.5569
v 22427.3179 30539.2967 79.5569
v 22427.3179 30539.2967 79.5569
v 22427.3179 30539.2967 79.5569
v 22427.3179 30539.2967 79.5569
v 22427.3145 30540.0126 79.5569
v 22427.3145 30540.0126 79.5569
v 22427.3145 30540.0126 79.5569
v 22427.3145 30540.0126 79.5569
v 22434.0796 30540.0443 79.5569
v 22434.0796 30540.0443 79.5569
v 22434.0796 30540.0443 79.5569
v 22434.0796 30540.0443 79.5569
v 22434.0796 30540.0443 79.5569
v 22434.0796 30540.0443 79.5569
v 22434.0796 30540.0443 79.5569
v 22434.0796 30540.0443 79.5569
v 22434.0796 30540.0443 79.5569
v 22434.0796 30540.0443 79.5569
v 22434.0796 30540.0443 79.5569
v 22434.0835 30539.2277 79.5569
v 22434.0835 30539.2277 79.5569
v 22434.0835 30539.2277 79.5569
v 22434.1086 30533.9501 79.5569
v 22434.1086 30533.9501 79.5569
v 22434.1086 30533.9501 79.5569
v 22434.1086 30533.9501 79.5569
v 22434.1086 30533.9501 79.5569
v 22434.1086 30533.9501 79.5569
v 22434.1086 30533.9501 79.5569
v 22434.1086 30533.9501 79.5569
v 22434.1086 30533.9501 79.5569
v 22434.1086 30533.9501 79.5569
v 22434.1086 30533.9501 79.5569
v 22424.5682 30533.9061 79.5569
v 22424.5682 30533.9061 79.5569
v 22424.5682 30533.9061 79.5569
v 22424.5682 30533.9061 79.5569
v 22424.5682 30533.9061 79.5569
v 22424.5682 30533.9061 79.5569
v 22424.5682 30533.9061 79.5569
v 22424.5682 30533.9061 79.5569
v 22424.5682 30533.9061 79.5569
v 22431.3993 30533.9376 90.2769
v 22431.3993 30533.9376 90.2769
v 22431.3993 30533.9376 90.2769
v 22431.3993 30533.9376 90.2769
v 22431.3993 30533.9376 90.2769
v 22431.3993 30533.9376 90.2769
v 22432.2848 30533.8480 90.2769
v 22432.2848 30533.8480 90.2769
v 22432.2848 30533.8480 90.2769
v 22432.2848 30533.8480 90.2769
v 22432.2848 30533.8480 90.2769
v 22432.2848 30533.8480 90.2769
v 22432.2848 30533.8480 90.2769
v 22433.1611 30532.1009 90.2769
v 22433.1611 30532.1009 90.2769
v 22433.1611 30532.1009 90.2769
v 22433.1611 30532.1009 90.2769
v 22433.1611 30532.1009 90.2769
v 22433.1611 30532.1009 90.2769
v 22433.1611 30532.1009 90.2769
v 22433.1673 30531.1868 90.2769
v 22433.1673 30531.1868 90.2769
v 22433.1673 30531.1868 90.2769
v 22433.1673 30531.1868 90.2769
v 22433.1673 30531.1868 90.2769
v 22433.1673 30531.1868 90.2769
v 22431.3550 30531.1744 90.2769
v 22431.3550 30531.1744 90.2769
v 22431.3550 30531.1744 90.2769
v 22431.3550 30531.1744 90.2769
v 22431.3550 30531.1744 90.2769
v 22431.3550 30531.1744 90.2769
v 22430.3433 30530.0692 90.2769
v 22430.3433 30530.0692 90.2769
v 22430.3433 30530.0692 90.2769
v 22430.3433 30530.0692 90.2769
v 22430.3433 30530.0692 90.2769
v 22430.3433 30530.0692 90.2769
v 22430.3433 30530.0692 90.2769
v 22430.3433 30530.0692 90.2769
v 22425.6876 30530.0595 90.2769
v 22425.6876 30530.0595 90.2769
v 22425.6876 30530.0595 90.2769
v 22425.6876 30530.0595 90.2769
v 22425.6876 30530.0595 90.2769
v 22425.6876 30530.0595 90.2769
v 22423.8230 30529.0421 90.2769
v 22423.8230 30529.0421 90.2769
v 22423.8230 30529.0421 90.2769
v 22423.8230 30529.0421 90.2769
v 22423.8230 30529.0421 90.2769
v 22423.8230 30529.0421 90.2769
v 22423.8230 30529.0421 90.2769
v 22421.5514 30529.0097 90.2769
v 22421.5514 30529.0097 90.2769
v 22421.5514 30529.0097 90.2769
v 22421.5514 30529.0097 90.2769
v 22421.5514 30529.0097 90.2769
v 22421.5514 30529.0097 90.2769
v 22421.5514 30529.0097 90.2769
v 22421.5514 30529.0097 90.2769
v 22417.9217 30528.1827 90.2769
v 22417.9217 30528.1827 90.2769
v 22417.9217 30528.1827 90.2769
v 22417.9217 30528.1827 90.2769
v 22417.9217 30528.1827 90.2769
v 22417.9217 30528.1827 90.2769
v 22417.9217 30528.1827 90.2769
v 22417.9217 30528.1827 90.2769
v 22417.9217 30528.1827 90.2769
v 22417.9217 30528.1827 90.2769
v 22417.9217 30528.1827 90.2769
v 22453.9386 30536.4595 84.9319
v 22453.9386 30536.4595 84.9319
v 22453.9386 30536.4595 84.9319
v 22453.9261 30532.2853 84.9319
v 22453.9261 30532.2853 84.9319
v 22453.9261 30532.2853 84.9319
v 22453.9261 30532.2853 84.9319
v 22453.9261 30532.2853 84.9319
v 22453.9261 30532.2853 84.9319
v 22463.7146 30536.4316 84.9319
v 22463.7146 30536.4316 84.9319
v 22463.7146 30536.4316 84.9319
v 22463.7146 30536.4316 84.9319
v 22463.7146 30536.4316 84.9319
v 22463.7146 30536.4316 84.9319
v 22463.7401 30538.9256 89.2519
v 22463.7401 30538.9256 89.2519
v 22463.7401 30538.9256 89.2519
v 22463.7401 30538.9256 89.2519
v 22463.7401 30538.9256 89.2519
v 22463.7401 30538.9256 89.2519
v 22463.7401 30538.9256 89.2519
v 22463.7401 30538.9256 89.2519
v 22463.6718 30532.2566 84.9319
v 22463.6718 30532.2566 84.9319
v 22463.6718 30532.2566 84.9319
v 22463.6718 30532.2566 84.9319
v 22463.6718 30532.2566 84.9319
v 22463.6718 30532.2566 84.9319
v 22463.6384 30528.9819 0.0001
v 22463.6384 30528.9819 0.0001
v 22463.6384 30528.9819 0.0001
v 22463.6720 30532.2567 0.0001
v 22463.6720 30532.2567 0.0001
v 22463.6720 30532.2567 0.0001
v 22453.9262 30532.2854 0.0000
v 22453.9262 30532.2854 0.0000
v 22453.9387 30536.4597 0.0000
v 22453.9387 30536.4597 0.0000
v 22453.9387 30536.4597 0.0000
v 22453.9387 30536.4597 0.0000
v 22463.7148 30536.4318 0.0001
v 22463.7148 30536.4318 0.0001
v 22463.7148 30536.4318 0.0001
v 22463.7404 30538.9258 0.0001
v 22463.7404 30538.9258 0.0001
v 22463.7404 30538.9258 0.0001
v 22435.5255 30529.2691 0.0000
v 22435.5255 30529.2691 0.0000
v 22435.5255 30529.2691 0.0000
v 22435.5255 30529.2691 0.0000
v 22435.6266 30539.2122 0.0000
v 22435.6266 30539.2122 0.0000
v 22435.6267 30539.2120 89.2519
v 22435.6267 30539.2120 89.2519
v 22435.6267 30539.2120 89.2519
v 22435.6267 30539.2120 89.2519
v 22435.6267 30539.2120 89.2519
v 22435.6267 30539.2120 89.2519
v 22435.6267 30539.2120 89.2519
v 22464.7439 30540.0898 89.2519
v 22464.7439 30540.0898 89.2519
v 22464.7439 30540.0898 89.2519
v 22464.7439 30540.0898 89.2519
v 22464.7439 30540.0898 89.2519
v 22464.7439 30540.0898 89.2519
v 22464.7439 30540.0898 89.2519
v 22464.7439 30540.0898 89.2519
v 22468.6731 30530.7155 90.7269
v 22468.6731 30530.7155 90.7269
v 22468.6731 30530.7155 90.7269
v 22468.6731 30530.7155 90.7269
v 22468.6954 30532.3715 90.7269
v 22468.6954 30532.3715 90.7269
v 22468.6954 30532.3715 90.7269
v 22468.6954 30532.3715 90.7269
v 22468.6954 30532.3715 90.7269
v 22468.6954 30532.3715 90.7269
v 22468.6954 30532.3715 90.7269
v 22467.6289 30532.3667 90.7269
v 22467.6289 30532.3667 90.7269
v 22467.6289 30532.3667 90.7269
v 22467.6289 30532.3667 90.7269
v 22467.6289 30532.3667 90.7269
v 22467.1853 30532.3647 91.2369
v 22467.1853 30532.3647 91.2369
v 22467.1853 30532.3647 91.2369
v 22467.1853 30532.3647 91.2369
v 22467.1853 30532.3647 91.2369
v 22467.1853 30532.3647 91.2369
v 22469.1688 30532.3736 91.2369
v 22469.1688 30532.3736 91.2369
v 22469.1688 30532.3736 91.2369
v 22469.1688 30532.3736 91.2369
v 22469.1688 30532.3736 91.2369
v 22469.1688 30532.3736 91.2369
v 22467.1787 30533.8184 91.2369
v 22467.1787 30533.8184 91.2369
v 22467.1787 30533.8184 91.2369
v 22467.1787 30533.8184 91.2369
v 22467.1787 30533.8184 91.2369
v 22469.1622 30533.8274 91.2369
v 22469.1622 30533.8274 91.2369
v 22469.1622 30533.8274 91.2369
v 22469.1622 30533.8274 91.2369
v 22469.1622 30533.8274 90.1919
v 22469.1622 30533.8274 90.1919
v 22469.1622 30533.8274 90.1919
v 22469.1622 30533.8274 90.1919
v 22469.1622 30533.8274 90.1919
v 22469.1688 30532.3736 90.1919
v 22469.1688 30532.3736 90.1919
v 22469.1688 30532.3736 90.1919
v 22469.1688 30532.3736 90.1919
v 22469.1688 30532.3736 90.1919
v 22469.1688 30532.3736 90.1919
v 22468.6954 30532.3715 90.1919
v 22468.6954 30532.3715 90.1919
v 22468.6954 30532.3715 90.1919
v 22468.6954 30532.3715 90.1919
v 22468.6731 30530.7155 90.1919
v 22468.6731 30530.7155 90.1919
v 22468.6731 30530.7155 90.1919
v 22468.6731 30530.7155 90.1919
v 22468.6731 30530.7155 90.1919
v 22468.6731 30530.7155 90.1919
v 22467.6068 30530.7299 90.7269
v 22467.6068 30530.7299 90.7269
v 22467.6068 30530.7299 90.7269
v 22467.6068 30530.7299 90.7269
v 22467.6068 30530.7299 90.7269
v 22467.6289 30532.3667 90.1919
v 22467.6289 30532.3667 90.1919
v 22467.6289 30532.3667 90.1919
v 22467.6289 30532.3667 90.1919
v 22467.6289 30532.3667 90.1919
v 22467.1853 30532.3647 90.1919
v 22467.1853 30532.3647 90.1919
v 22467.1853 30532.3647 90.1919
v 22467.1853 30532.3647 90.1919
v 22467.1853 30532.3647 90.1919
v 22467.1853 30532.3647 90.1919
v 22467.1787 30533.8184 90.1919
v 22467.1787 30533.8184 90.1919
v 22467.1787 30533.8184 90.1919
v 22467.1787 30533.8184 90.1919
v 22467.1787 30533.8184 90.1919
v 22467.1787 30533.8184 90.1919
v 22469.3644 30533.9146 90.1919
v 22469.3644 30533.9146 90.1919
v 22469.3644 30533.9146 90.1919
v 22469.3644 30533.9146 90.1919
v 22469.3644 30533.9146 90.1919
v 22469.3644 30533.9146 90.1919
v 22469.3644 30533.9146 90.1919
v 22469.3644 30533.9146 90.1919
v 22469.3644 30533.9146 90.1919
v 22469.3644 30533.9146 90.1919
v 22469.3644 30533.9146 85.4619
v 22469.3644 30533.9146 85.4619
v 22469.3644 30533.9146 85.4619
v 22469.3644 30533.9146 85.4619
v 22469.3644 30533.9146 85.4619
v 22469.3949 30539.3624 85.4619
v 22469.3949 30539.3624 85.4619
v 22469.3949 30539.3624 85.4619
v 22469.3949 30539.3624 85.4619
v 22465.0239 30539.3621 85.4619
v 22465.0239 30539.3621 85.4619
v 22465.0239 30539.3621 85.4619
v 22465.0239 30539.3621 85.4619
v 22465.0239 30539.3621 85.4619
v 22465.0239 30539.3621 85.4619
v 22469.3949 30539.3624 79.5569
v 22469.3949 30539.3624 79.5569
v 22469.3949 30539.3624 79.5569
v 22469.3949 30539.3624 79.5569
v 22469.3949 30539.3624 79.5569
v 22469.3949 30539.3624 79.5569
v 22465.0239 30539.3621 79.5569
v 22465.0239 30539.3621 79.5569
v 22465.0239 30539.3621 79.5569
v 22465.0239 30539.3621 79.5569
v 22465.0284 30540.1704 79.5569
v 22465.0284 30540.1704 79.5569
v 22465.0284 30540.1704 79.5569
v 22465.0284 30540.1704 79.5569
v 22469.3993 30540.1459 79.5569
v 22469.3993 30540.1459 79.5569
v 22469.3993 30540.1459 79.5569
v 22469.3993 30540.1459 79.5569
v 22469.3993 30540.1459 90.1919
v 22469.3993 30540.1459 90.1919
v 22469.3993 30540.1459 90.1919
v 22469.3993 30540.1459 90.1919
v 22469.3993 30540.1459 90.1919
v 22469.3993 30540.1459 90.1919
v 22469.3993 30540.1459 90.1919
v 22469.3993 30540.1459 90.1919
v 22469.3993 30540.1459 90.1919
v 22469.3993 30540.1459 90.1919
v 22470.8083 30538.4823 90.1919
v 22470.8083 30538.4823 90.1919
v 22470.8083 30538.4823 90.1919
v 22470.8083 30538.4823 90.1919
v 22470.8083 30538.4823 91.6519
v 22470.8083 30538.4823 91.6519
v 22470.8083 30538.4823 91.6519
v 22470.8083 30538.4823 91.6519
v 22470.8083 30538.4823 91.6519
v 22470.8083 30538.4823 91.6519
v 22470.8083 30538.4823 91.6519
v 22470.7918 30539.9277 91.6519
v 22470.7918 30539.9277 91.6519
v 22470.7918 30539.9277 91.6519
v 22470.7918 30539.9277 91.6519
v 22470.7918 30539.9277 91.6519
v 22475.5478 30539.9815 91.6519
v 22475.5478 30539.9815 91.6519
v 22475.5478 30539.9815 91.6519
v 22475.5478 30539.9815 91.6519
v 22475.5478 30539.9815 91.6519
v 22475.5478 30539.9815 91.6519
v 22474.4907 30537.5097 91.6519
v 22474.4907 30537.5097 91.6519
v 22474.4907 30537.5097 91.6519
v 22474.4907 30537.5097 91.6519
v 22474.4907 30537.5097 91.6519
v 22475.5523 30538.7999 91.6520
v 22475.5523 30538.7999 91.6520
v 22475.5523 30538.7999 91.6520
v 22475.5523 30538.7999 91.6520
v 22475.5523 30538.7999 91.6520
v 22475.5523 30538.7999 91.6520
v 22475.5523 30538.7999 91.6520
v 22475.5523 30538.7999 90.1920
v 22475.5523 30538.7999 90.1920
v 22475.5523 30538.7999 90.1920
v 22474.4907 30537.5098 90.1919
v 22474.4907 30537.5098 90.1919
v 22474.4907 30537.5098 90.1919
v 22474.4907 30537.5098 90.1919
v 22474.4907 30537.5098 90.1919
v 22474.4907 30537.5098 90.1919
v 22474.4907 30537.5098 90.1919
v 22474.4907 30537.5098 90.1919
v 22470.1083 30537.4600 91.6519
v 22470.1083 30537.4600 91.6519
v 22470.1083 30537.4600 91.6519
v 22470.1083 30537.4600 91.6519
v 22470.1083 30537.4600 91.6519
v 22470.0965 30538.4738 91.6519
v 22470.0965 30538.4738 91.6519
v 22470.0965 30538.4738 91.6519
v 22470.0965 30538.4738 91.6519
v 22470.0965 30538.4738 90.1919
v 22470.0965 30538.4738 90.1919
v 22470.0965 30538.4738 90.1919
v 22470.0965 30538.4738 90.1919
v 22470.0965 30538.4738 90.1919
v 22470.0965 30538.4738 90.1919
v 22470.7918 30539.9277 90.1919
v 22470.7918 30539.9277 90.1919
v 22470.7918 30539.9277 90.1919
v 22470.7918 30539.9277 90.1919
v 22470.7918 30539.9277 90.1919
v 22470.7918 30539.9277 90.1919
v 22475.5478 30539.9815 90.1920
v 22475.5478 30539.9815 90.1920
v 22475.5478 30539.9815 90.1920
v 22475.5478 30539.9815 90.1920
v 22475.5478 30539.9815 90.1920
v 22475.5463 30540.3838 92.0720
v 22475.5463 30540.3838 92.0720
v 22475.5463 30540.3838 92.0720
v 22475.5463 30540.3838 92.0720
v 22475.5463 30540.3838 92.0720
v 22475.5463 30540.3838 92.0720
v 22475.5463 30540.3838 92.0720
v 22475.5547 30538.1556 92.0720
v 22475.5547 30538.1556 92.0720
v 22475.5547 30538.1556 92.0720
v 22475.5547 30538.1556 92.0720
v 22478.0231 30540.3932 92.0720
v 22478.0231 30540.3932 92.0720
v 22478.0231 30540.3932 92.0720
v 22478.0231 30540.3932 92.0720
v 22478.0316 30538.1650 92.0720
v 22478.0316 30538.1650 92.0720
v 22478.0316 30538.1650 92.0720
v 22478.0316 30538.1650 92.0720
v 22478.0316 30538.1650 92.0720
v 22478.0316 30538.1650 92.0720
v 22475.5547 30538.1556 90.1919
v 22475.5547 30538.1556 90.1919
v 22475.5547 30538.1556 90.1919
v 22475.5547 30538.1556 90.1919
v 22475.5547 30538.1556 90.1919
v 22475.5547 30538.1556 90.1919
v 22475.5547 30538.1556 90.1919
v 22476.4174 30535.2712 90.1919
v 22476.4174 30535.2712 90.1919
v 22476.4174 30535.2712 90.1919
v 22476.4174 30535.2712 90.1919
v 22476.4174 30535.2712 90.1919
v 22476.4174 30535.2712 90.1919
v 22476.4174 30535.2712 90.1919
v 22476.4174 30535.2712 90.6119
v 22476.4174 30535.2712 90.6119
v 22476.4174 30535.2712 90.6119
v 22476.4174 30535.2712 90.6119
v 22476.4174 30535.2712 90.6119
v 22476.4636 30533.3358 90.6119
v 22476.4636 30533.3358 90.6119
v 22476.4636 30533.3358 90.6119
v 22476.4636 30533.3358 90.6119
v 22474.4278 30533.2868 90.6119
v 22474.4278 30533.2868 90.6119
v 22474.4278 30533.2868 90.6119
v 22474.4278 30533.2868 90.6119
v 22474.4278 30533.2868 90.6119
v 22474.3816 30535.2223 90.6119
v 22474.3816 30535.2223 90.6119
v 22474.3816 30535.2223 90.6119
v 22474.3816 30535.2223 90.6119
v 22474.3816 30535.2223 90.1919
v 22474.3816 30535.2223 90.1919
v 22474.3816 30535.2223 90.1919
v 22474.3816 30535.2223 90.1919
v 22474.3816 30535.2223 90.1919
v 22474.3816 30535.2223 90.1919
v 22470.1083 30537.4600 90.1919
v 22470.1083 30537.4600 90.1919
v 22470.1083 30537.4600 90.1919
v 22470.1083 30537.4600 90.1919
v 22470.1083 30537.4600 90.1919
v 22470.1083 30537.4600 90.1919
v 22470.1083 30537.4600 90.1919
v 22470.1083 30537.4600 90.1919
v 22475.5463 30540.3838 90.1920
v 22475.5463 30540.3838 90.1920
v 22475.5463 30540.3838 90.1920
v 22475.5463 30540.3838 90.1920
v 22475.5463 30540.3838 90.1920
v 22475.5463 30540.3838 90.1920
v 22475.5463 30540.3838 90.1920
v 22475.5463 30540.3838 90.1920
v 22478.0231 30540.3932 90.1920
v 22478.0231 30540.3932 90.1920
v 22478.0231 30540.3932 90.1920
v 22478.0231 30540.3932 90.1920
v 22478.0231 30540.3932 90.1920
v 22478.0231 30540.3932 90.1920
v 22480.0083 30537.6189 90.1920
v 22480.0083 30537.6189 90.1920
v 22480.0083 30537.6189 90.1920
v 22480.0083 30537.6189 90.1920
v 22480.0083 30537.6189 91.2220
v 22480.0083 30537.6189 91.2220
v 22480.0083 30537.6189 91.2220
v 22480.0083 30537.6189 91.2220
v 22480.0083 30537.6189 91.2220
v 22480.0083 30537.6189 91.2220
v 22480.0083 30537.6189 91.2220
v 22479.9842 30535.8244 90.1920
v 22479.9842 30535.8244 90.1920
v 22479.9842 30535.8244 90.1920
v 22479.9842 30535.8244 90.1920
v 22479.9842 30535.8244 91.2220
v 22479.9842 30535.8244 91.2220
v 22479.9842 30535.8244 91.2220
v 22479.9842 30535.8244 91.2220
v 22479.9842 30535.8244 91.2220
v 22479.9842 30535.8244 91.2220
v 22479.9842 30535.8244 91.2220
v 22479.9842 30535.8244 91.2220
v 22479.9842 30535.8244 91.2220
v 22479.2933 30537.6280 91.2220
v 22479.2933 30537.6280 91.2220
v 22479.2933 30537.6280 91.2220
v 22479.2933 30537.6280 91.2220
v 22479.2933 30537.6280 91.2220
v 22479.1761 30537.6295 91.3870
v 22479.1761 30537.6295 91.3870
v 22479.1761 30537.6295 91.3870
v 22479.1761 30537.6295 91.3870
v 22479.1761 30537.6295 91.3870
v 22479.1761 30537.6295 91.3870
v 22479.1761 30537.6295 91.3870
v 22480.2298 30537.6161 91.3870
v 22480.2298 30537.6161 91.3870
v 22480.2298 30537.6161 91.3870
v 22480.2298 30537.6161 91.3870
v 22479.1985 30539.3548 91.3870
v 22479.1985 30539.3548 91.3870
v 22479.1985 30539.3548 91.3870
v 22479.1985 30539.3548 91.3870
v 22480.2522 30539.3414 91.3870
v 22480.2522 30539.3414 91.3870
v 22480.2522 30539.3414 91.3870
v 22480.2522 30539.3414 91.3870
v 22480.2522 30539.3414 91.3870
v 22480.2522 30539.3414 91.3870
v 22480.2298 30537.6161 90.1920
v 22480.2298 30537.6161 90.1920
v 22480.2298 30537.6161 90.1920
v 22480.2298 30537.6161 90.1920
v 22480.2298 30537.6161 90.1920
v 22480.2298 30537.6161 90.1920
v 22480.4489 30535.8117 90.1920
v 22480.4489 30535.8117 90.1920
v 22480.4489 30535.8117 90.1920
v 22480.4489 30535.8117 90.1920
v 22480.4489 30535.8117 90.1920
v 22480.4489 30535.8117 90.1920
v 22480.4489 30535.8117 90.1920
v 22480.4489 30535.8117 90.1920
v 22480.4489 30535.8117 91.2220
v 22480.4489 30535.8117 91.2220
v 22480.4489 30535.8117 91.2220
v 22480.4489 30535.8117 91.2220
v 22480.4434 30537.3045 91.4120
v 22480.4434 30537.3045 91.4120
v 22480.4434 30537.3045 91.4120
v 22480.4434 30537.3045 91.4120
v 22480.4434 30537.3045 91.4120
v 22480.4434 30537.3045 91.4120
v 22480.4434 30537.3045 91.4120
v 22481.5620 30534.3699 91.4120
v 22481.5620 30534.3699 91.4120
v 22481.5620 30534.3699 91.4120
v 22481.5620 30534.3699 91.4120
v 22481.5513 30537.3086 91.4120
v 22481.5513 30537.3086 91.4120
v 22481.5513 30537.3086 91.4120
v 22481.5513 30537.3086 91.4120
v 22480.4542 30534.3658 91.4120
v 22480.4542 30534.3658 91.4120
v 22480.4542 30534.3658 91.4120
v 22480.4542 30534.3658 91.4120
v 22480.4542 30534.3658 91.4120
v 22480.4542 30534.3658 91.4120
v 22480.4518 30535.0114 91.2220
v 22480.4518 30535.0114 91.2220
v 22480.4518 30535.0114 91.2220
v 22480.4518 30535.0114 91.2220
v 22480.4518 30535.0114 91.2220
v 22480.4518 30535.0114 91.2220
v 22480.4518 30535.0114 91.2220
v 22480.4518 30535.0114 91.2220
v 22479.6604 30535.0287 91.2220
v 22479.6604 30535.0287 91.2220
v 22479.6604 30535.0287 91.2220
v 22479.6604 30535.0287 91.2220
v 22479.4046 30535.2084 91.2220
v 22479.4046 30535.2084 91.2220
v 22479.4046 30535.2084 91.2220
v 22479.4046 30535.2084 91.2220
v 22479.4046 30535.2084 91.2220
v 22479.2503 30535.6374 91.2220
v 22479.2503 30535.6374 91.2220
v 22479.2503 30535.6374 91.2220
v 22479.2503 30535.6374 91.2220
v 22479.2503 30535.6374 91.2220
v 22479.2503 30535.6374 91.2220
v 22479.2934 30537.6280 90.1920
v 22479.2934 30537.6280 90.1920
v 22479.2934 30537.6280 90.1920
v 22479.2934 30537.6280 90.1920
v 22479.2934 30537.6280 90.1920
v 22479.1761 30537.6295 90.1920
v 22479.1761 30537.6295 90.1920
v 22479.1761 30537.6295 90.1920
v 22479.1761 30537.6295 90.1920
v 22479.1761 30537.6295 90.1920
v 22479.1761 30537.6295 90.1920
v 22479.1985 30539.3548 90.1920
v 22479.1985 30539.3548 90.1920
v 22479.1985 30539.3548 90.1920
v 22479.1985 30539.3548 90.1920
v 22479.1985 30539.3548 90.1920
v 22479.1985 30539.3548 90.1920
v 22479.1985 30539.3548 90.1920
v 22480.2522 30539.3414 90.1920
v 22480.2522 30539.3414 90.1920
v 22480.2522 30539.3414 90.1920
v 22480.2522 30539.3414 90.1920
v 22480.2522 30539.3414 90.1920
v 22480.2522 30539.3414 90.1920
v 22480.4434 30537.3045 90.1920
v 22480.4434 30537.3045 90.1920
v 22480.4434 30537.3045 90.1920
v 22480.4434 30537.3045 90.1920
v 22480.4434 30537.3045 90.1920
v 22481.5513 30537.3086 90.1920
v 22481.5513 30537.3086 90.1920
v 22481.5513 30537.3086 90.1920
v 22481.5513 30537.3086 90.1920
v 22481.5513 30537.3086 90.1920
v 22481.5513 30537.3086 90.1920
v 22481.5620 30534.3699 90.1920
v 22481.5620 30534.3699 90.1920
v 22481.5620 30534.3699 90.1920
v 22481.5620 30534.3699 90.1920
v 22481.5620 30534.3699 90.1920
v 22481.5620 30534.3699 90.1920
v 22480.4542 30534.3658 90.1920
v 22480.4542 30534.3658 90.1920
v 22480.4542 30534.3658 90.1920
v 22480.4542 30534.3658 90.1920
v 22480.4542 30534.3658 90.1920
v 22480.4542 30534.3658 90.1920
v 22480.4518 30535.0114 90.1920
v 22480.4518 30535.0114 90.1920
v 22480.4518 30535.0114 90.1920
v 22479.6604 30535.0287 90.1920
v 22479.6604 30535.0287 90.1920
v 22479.6604 30535.0287 90.1920
v 22479.6604 30535.0287 90.1920
v 22479.6604 30535.0287 90.1920
v 22479.6604 30535.0287 90.1920
v 22479.6604 30535.0287 90.1920
v 22479.4046 30535.2084 90.1920
v 22479.4046 30535.2084 90.1920
v 22479.4046 30535.2084 90.1920
v 22479.4046 30535.2084 90.1920
v 22479.4046 30535.2084 90.1920
v 22479.2503 30535.6374 90.1920
v 22479.2503 30535.6374 90.1920
v 22479.2503 30535.6374 90.1920
v 22479.2503 30535.6374 90.1920
v 22479.2503 30535.6374 90.1920
v 22479.2503 30535.6374 90.1920
v 22478.0316 30538.1650 90.1920
v 22478.0316 30538.1650 90.1920
v 22478.0316 30538.1650 90.1920
v 22478.0316 30538.1650 90.1920
v 22478.0316 30538.1650 90.1920
v 22478.0316 30538.1650 90.1920
v 22478.0316 30538.1650 90.1920
v 22478.0316 30538.1650 90.1920
v 22478.0316 30538.1650 90.1920
v 22476.4636 30533.3358 90.1919
v 22476.4636 30533.3358 90.1919
v 22476.4636 30533.3358 90.1919
v 22476.4636 30533.3358 90.1919
v 22476.4636 30533.3358 90.1919
v 22476.4636 30533.3358 90.1919
v 22474.4278 30533.2868 90.1919
v 22474.4278 30533.2868 90.1919
v 22474.4278 30533.2868 90.1919
v 22474.4278 30533.2868 90.1919
v 22474.4278 30533.2868 90.1919
v 22474.4278 30533.2868 90.1919
v 22474.4278 30533.2868 90.1919
v 22464.9936 30533.9392 85.4619
v 22464.9936 30533.9392 85.4619
v 22464.9936 30533.9392 85.4619
v 22464.9936 30533.9392 85.4619
v 22464.9936 30533.9392 85.4619
v 22465.0284 30540.1704 90.1919
v 22465.0284 30540.1704 90.1919
v 22465.0284 30540.1704 90.1919
v 22465.0284 30540.1704 90.1919
v 22465.0284 30540.1704 90.1919
v 22465.0284 30540.1704 90.1919
v 22465.0284 30540.1704 90.1919
v 22465.0284 30540.1704 90.1919
v 22465.0284 30540.1704 90.1919
v 22465.0284 30540.1704 90.1919
v 22481.6050 30540.5700 90.1920
v 22481.6050 30540.5700 90.1920
v 22481.6050 30540.5700 90.1920
v 22481.6050 30540.5700 90.1920
v 22481.6050 30540.5700 90.1920
v 22481.6050 30540.5700 90.1920
v 22481.6050 30540.5700 90.1920
v 22481.6050 30540.5700 90.1920
v 22481.6050 30540.5700 90.1920
v 22481.6050 30540.5700 90.1920
v 22481.6050 30540.5700 90.1920
v 22481.6050 30540.5700 90.1920
v 22481.6050 30540.5700 90.1920
v 22408.0420 30531.7440 81.6470
v 22408.0420 30531.7440 81.6470
v 22408.0420 30531.7440 81.6470
v 22408.0420 30531.7440 81.6470
v 22408.0420 30531.7440 81.6470
v 22408.0420 30531.7440 81.6470
v 22408.0167 30529.9649 81.6470
v 22408.0167 30529.9649 81.6470
v 22408.0167 30529.9649 81.6470
v 22408.0167 30529.9649 79.5570
v 22408.0167 30529.9649 79.5570
v 22408.0167 30529.9649 79.5570
v 22408.0167 30529.9649 79.5570
v 22408.0167 30529.9649 79.5570
v 22408.0167 30529.9649 79.5570
v 22406.4988 30529.9865 81.6470
v 22406.4988 30529.9865 81.6470
v 22406.4988 30529.9865 81.6470
v 22406.4988 30529.9865 81.6470
v 22406.4988 30529.9865 81.6470
v 22406.5241 30531.7656 81.6470
v 22406.5241 30531.7656 81.6470
v 22406.5241 30531.7656 81.6470
v 22406.5241 30531.7656 81.6470
v 22406.5241 30531.7656 79.5570
v 22406.5241 30531.7656 79.5570
v 22406.5241 30531.7656 79.5570
v 22406.5241 30531.7656 79.5570
v 22406.5241 30531.7656 79.5570
v 22406.5241 30531.7656 79.5570
v 22408.0420 30531.7440 79.5570
v 22408.0420 30531.7440 79.5570
v 22408.0420 30531.7440 79.5570
v 22408.0420 30531.7440 79.5570
v 22408.0420 30531.7440 79.5570
v 22408.0420 30531.7440 79.5570
v 22410.2276 30528.3186 82.0120
v 22410.2276 30528.3186 82.0120
v 22410.2276 30528.3186 82.0120
v 22410.2276 30528.3186 82.0120
v 22408.5971 30528.3515 82.0120
v 22408.5971 30528.3515 82.0120
v 22408.5971 30528.3515 82.0120
v 22408.5971 30528.3515 82.0120
v 22408.5971 30528.3515 82.0120
v 22408.5971 30528.3515 82.0120
v 22408.5971 30528.3515 82.0120
v 22410.2276 30528.3186 79.5570
v 22410.2276 30528.3186 79.5570
v 22410.2276 30528.3186 79.5570
v 22410.2276 30528.3186 79.5570
v 22410.2276 30528.3186 79.5570
v 22408.5971 30528.3515 79.5570
v 22408.5971 30528.3515 79.5570
v 22408.5971 30528.3515 79.5570
v 22408.5971 30528.3515 79.5570
v 22408.5971 30528.3515 79.5570
v 22408.5971 30528.3515 79.5570
v 22408.5971 30528.3515 79.5570
v 22408.5971 30528.3515 79.5570
v 22408.6161 30529.2945 82.0120
v 22408.6161 30529.2945 82.0120
v 22408.6161 30529.2945 82.0120
v 22408.6161 30529.2945 82.0120
v 22408.6161 30529.2945 79.5570
v 22408.6161 30529.2945 79.5570
v 22408.6161 30529.2945 79.5570
v 22408.6161 30529.2945 79.5570
v 22408.6161 30529.2945 79.5570
v 22408.6161 30529.2945 79.5570
v 22408.6161 30529.2945 79.5570
v 22406.4988 30529.9865 79.5570
v 22406.4988 30529.9865 79.5570
v 22406.4988 30529.9865 79.5570
v 22406.4988 30529.9865 79.5570
v 22406.4988 30529.9865 79.5570
v 22406.4988 30529.9865 79.5570
v 22406.4988 30529.9865 79.5570
v 22406.4988 30529.9865 79.5570
v 22468.3438 30584.0630 0.0002
v 22468.3438 30584.0630 0.0002
v 22468.3438 30584.0630 0.0002
v 22466.2201 30584.0450 0.0002
v 22466.2201 30584.0450 0.0002
v 22466.2201 30584.0450 0.0002
v 22468.3437 30584.0628 22.8472
v 22468.3437 30584.0628 22.8472
v 22468.3437 30584.0628 22.8472
v 22468.3437 30584.0628 22.8472
v 22468.3437 30584.0628 22.8472
v 22465.2380 30584.0365 22.8472
v 22465.2380 30584.0365 22.8472
v 22465.2380 30584.0365 22.8472
v 22465.2380 30584.0365 22.8472
v 22469.2761 30601.2528 22.8474
v 22469.2761 30601.2528 22.8474
v 22469.2761 30601.2528 22.8474
v 22469.2761 30601.2528 22.8474
v 22469.2761 30601.2528 22.8474
v 22469.2761 30601.2528 22.8474
v 22469.2761 30601.2528 22.8474
v 22466.2200 30584.0448 22.8472
v 22466.2200 30584.0448 22.8472
v 22466.2200 30584.0448 22.8472
v 22466.2200 30584.0448 22.8472
v 22466.2200 30584.0448 22.8472
v 22466.2200 30584.0448 22.8472
v 22466.2200 30584.0448 22.8472
v 22466.2291 30582.9620 0.0002
v 22466.2291 30582.9620 0.0002
v 22466.2291 30582.9620 0.0002
v 22466.2290 30582.9618 22.8472
v 22466.2290 30582.9618 22.8472
v 22466.2290 30582.9618 22.8472
v 22466.2290 30582.9618 22.8472
v 22466.2290 30582.9618 22.8472
v 22466.2290 30582.9618 22.8472
v 22468.3528 30582.9801 0.0002
v 22468.3528 30582.9801 0.0002
v 22468.3528 30582.9801 0.0002
v 22468.3527 30582.9799 22.8472
v 22468.3527 30582.9799 22.8472
v 22468.3527 30582.9799 22.8472
v 22468.3527 30582.9799 22.8472
v 22468.3527 30582.9799 22.8472
v 22468.3527 30582.9799 22.8472
v 22468.3527 30582.9799 22.8472
v 22469.2978 30582.9879 22.8472
v 22469.2978 30582.9879 22.8472
v 22469.2978 30582.9879 22.8472
v 22469.2978 30582.9879 22.8472
v 22469.2760 30601.2527 23.1474
v 22469.2760 30601.2527 23.1474
v 22469.2760 30601.2527 23.1474
v 22469.2760 30601.2527 23.1474
v 22469.2760 30601.2527 23.1474
v 22469.2760 30601.2527 23.1474
v 22469.2760 30601.2527 23.1474
v 22469.3263 30559.1210 23.1470
v 22469.3263 30559.1210 23.1470
v 22469.3263 30559.1210 23.1470
v 22469.3263 30559.1210 23.1470
v 22470.2615 30600.8666 25.4924
v 22470.2615 30600.8666 25.4924
v 22470.2615 30600.8666 25.4924
v 22470.2615 30600.8666 25.4924
v 22470.2615 30600.8666 25.4924
v 22465.2177 30601.2481 27.2473
v 22465.2177 30601.2481 27.2473
v 22465.2177 30601.2481 27.2473
v 22465.2177 30601.2481 27.2473
v 22469.2757 30601.2529 27.2474
v 22469.2757 30601.2529 27.2474
v 22469.2757 30601.2529 27.2474
v 22469.2757 30601.2529 27.2474
v 22469.2757 30601.2529 27.2474
v 22464.1240 30600.8593 25.4923
v 22464.1240 30600.8593 25.4923
v 22464.1240 30600.8593 25.4923
v 22464.1240 30600.8593 25.4923
v 22464.1240 30600.8593 25.4923
v 22465.2175 30601.2480 23.1473
v 22465.2175 30601.2480 23.1473
v 22465.2175 30601.2480 23.1473
v 22465.2175 30601.2480 23.1473
v 22465.2175 30601.2480 23.1473
v 22465.2175 30601.2480 23.1473
v 22465.2175 30601.2480 22.8473
v 22465.2175 30601.2480 22.8473
v 22465.2175 30601.2480 22.8473
v 22465.2175 30601.2480 22.8473
v 22465.2175 30601.2480 22.8473
v 22465.2175 30601.2480 22.8473
v 22465.2678 30559.1135 22.8470
v 22465.2678 30559.1135 22.8470
v 22465.2678 30559.1135 22.8470
v 22465.2678 30559.1135 22.8470
v 22465.2678 30559.1135 22.8470
v 22465.2678 30559.1135 22.8470
v 22465.2678 30559.1135 22.8470
v 22465.2678 30559.1135 22.8470
v 22469.3263 30559.1210 22.8470
v 22469.3263 30559.1210 22.8470
v 22469.3263 30559.1210 22.8470
v 22469.3263 30559.1210 22.8470
v 22469.3263 30559.1210 22.8470
v 22469.3263 30559.1210 22.8470
v 22469.3263 30559.1210 22.8470
v 22469.3263 30559.1210 22.8470
v 22478.3126 30559.1376 22.8470
v 22478.3126 30559.1376 22.8470
v 22478.3126 30559.1376 22.8470
v 22478.3126 30559.1376 22.8470
v 22478.3126 30559.1376 22.8470
v 22478.3126 30559.1376 22.8470
v 22470.3113 30559.1228 25.4920
v 22470.3113 30559.1228 25.4920
v 22470.3113 30559.1228 25.4920
v 22470.3113 30559.1228 25.4920
v 22470.3113 30559.1228 25.4920
v 22470.3113 30559.1228 25.4920
v 22469.3260 30559.1210 27.2470
v 22469.3260 30559.1210 27.2470
v 22469.3260 30559.1210 27.2470
v 22469.3260 30559.1210 27.2470
v 22469.3260 30559.1210 27.2470
v 22469.3260 30559.1210 27.2470
v 22469.3260 30559.1210 27.2470
v 22465.2680 30559.1135 27.2470
v 22465.2680 30559.1135 27.2470
v 22465.2680 30559.1135 27.2470
v 22465.2680 30559.1135 27.2470
v 22464.1738 30559.1115 25.4920
v 22464.1738 30559.1115 25.4920
v 22464.1738 30559.1115 25.4920
v 22464.1738 30559.1115 25.4920
v 22464.1738 30559.1115 25.4920
v 22465.2678 30559.1135 23.1470
v 22465.2678 30559.1135 23.1470
v 22465.2678 30559.1135 23.1470
v 22465.2678 30559.1135 23.1470
v 22465.2678 30559.1135 23.1470
v 22465.2678 30559.1135 23.1470
v 22421.3245 30559.0322 22.8470
v 22421.3245 30559.0322 22.8470
v 22421.3245 30559.0322 22.8470
v 22421.3245 30559.0322 22.8470
v 22421.3245 30559.0322 22.8470
v 22421.3245 30559.0322 22.8470
v 22421.3244 30559.0323 0.0000
v 22421.3244 30559.0323 0.0000
v 22478.3127 30559.1378 0.0001
v 22478.3127 30559.1378 0.0001
v 22478.3127 30559.1378 0.0001
v 22478.3127 30559.1378 0.0001
v 22478.3127 30559.1378 0.0001
v 22496.3580 30541.0353 0.0003
v 22496.3580 30541.0353 0.0003
v 22496.3580 30541.0353 0.0003
v 22496.3580 30541.0353 0.0003
v 22469.4633 30558.0710 79.5570
v 22469.4633 30558.0710 79.5570
v 22469.4633 30558.0710 79.5570
v 22469.4612 30556.7979 79.5570
v 22469.4612 30556.7979 79.5570
v 22469.4612 30556.7979 79.5570
v 22469.4612 30556.7979 79.5570
v 22469.4612 30556.7979 79.5570
v 22469.4612 30556.7979 79.5570
v 22469.4633 30558.0710 80.9570
v 22469.4633 30558.0710 80.9570
v 22469.4633 30558.0710 80.9570
v 22469.4633 30558.0710 80.9570
v 22469.4633 30558.0710 80.9570
v 22469.4633 30558.0710 80.9570
v 22469.4633 30558.0710 80.9570
v 22469.4639 30558.5077 88.7070
v 22469.4639 30558.5077 88.7070
v 22469.4639 30558.5077 88.7070
v 22469.4639 30558.5077 88.7070
v 22469.4639 30558.5077 88.7070
v 22469.4639 30558.5077 88.7070
v 22469.4640 30558.5078 80.9570
v 22469.4640 30558.5078 80.9570
v 22469.4640 30558.5078 80.9570
v 22469.4640 30558.5078 80.9570
v 22469.4640 30558.5078 80.9570
v 22469.4640 30558.5078 80.9570
v 22470.1161 30558.5062 88.7070
v 22470.1161 30558.5062 88.7070
v 22470.1161 30558.5062 88.7070
v 22470.1161 30558.5062 88.7070
v 22470.1161 30558.5062 80.9570
v 22470.1161 30558.5062 80.9570
v 22470.1161 30558.5062 80.9570
v 22470.1161 30558.5062 80.9570
v 22470.1161 30558.5062 80.9570
v 22470.1161 30558.5062 80.9570
v 22470.1161 30558.5062 80.9570
v 22477.4796 30558.0858 80.9570
v 22477.4796 30558.0858 80.9570
v 22477.4796 30558.0858 80.9570
v 22477.4796 30558.0858 80.9570
v 22477.4796 30558.0858 80.9570
v 22477.4796 30558.0858 80.9570
v 22477.4796 30558.0858 80.9570
v 22477.4796 30558.0858 79.5570
v 22477.4796 30558.0858 79.5570
v 22477.4796 30558.0858 79.5570
v 22477.4776 30556.7854 79.5570
v 22477.4776 30556.7854 79.5570
v 22477.4776 30556.7854 79.5570
v 22477.4776 30556.7854 79.5570
v 22477.4776 30556.7854 79.5570
v 22477.4776 30556.7854 79.5570
v 22470.1135 30556.7967 79.5570
v 22470.1135 30556.7967 79.5570
v 22470.1135 30556.7967 79.5570
v 22470.1135 30556.7967 79.5570
v 22470.1154 30558.0722 79.5570
v 22470.1154 30558.0722 79.5570
v 22470.1154 30558.0722 79.5570
v 22470.1154 30558.0722 79.5570
v 22470.1154 30558.0722 79.5570
v 22470.1154 30558.0722 79.5570
v 22470.1154 30558.0722 80.9570
v 22470.1154 30558.0722 80.9570
v 22470.1154 30558.0722 80.9570
v 22470.1154 30558.0722 80.9570
v 22477.4802 30558.5061 80.9570
v 22477.4802 30558.5061 80.9570
v 22477.4802 30558.5061 80.9570
v 22477.4802 30558.5061 80.9570
v 22477.4802 30558.5061 80.9570
v 22477.4802 30558.5061 80.9570
v 22478.0748 30558.5049 80.9570
v 22478.0748 30558.5049 80.9570
v 22478.0748 30558.5049 80.9570
v 22478.0748 30558.5049 80.9570
v 22478.0748 30558.5049 80.9570
v 22478.0742 30557.8889 80.9570
v 22478.0742 30557.8889 80.9570
v 22478.0742 30557.8889 80.9570
v 22478.0742 30557.8889 80.9570
v 22478.0742 30557.8889 80.9570
v 22495.3160 30540.5924 80.9571
v 22495.3160 30540.5924 80.9571
v 22495.3160 30540.5924 80.9571
v 22495.3160 30540.5924 80.9571
v 22495.3160 30540.5924 80.9571
v 22495.3160 30540.5924 80.9571
v 22495.3160 30540.5924 80.9571
v 22473.5209 30500.8193 28.5120
v 22473.5209 30500.8193 28.5120
v 22473.5209 30500.8193 28.5120
v 22473.5209 30500.8193 28.5120
v 22477.9723 30505.6864 28.5120
v 22477.9723 30505.6864 28.5120
v 22477.9723 30505.6864 28.5120
v 22477.9723 30505.6864 28.5120
v 22477.9723 30505.6864 28.5120
v 22477.9723 30505.6864 28.5120
v 22477.9723 30505.6864 28.5120
v 22457.9494 30500.8668 28.5119
v 22457.9494 30500.8668 28.5119
v 22457.9494 30500.8668 28.5119
v 22457.9494 30500.8668 28.5119
v 22457.9494 30500.8668 28.5119
v 22453.5357 30505.2439 28.5119
v 22453.5357 30505.2439 28.5119
v 22453.5357 30505.2439 28.5119
v 22453.5357 30505.2439 28.5119
v 22453.5357 30505.2439 28.5119
v 22453.5728 30509.6881 28.5119
v 22453.5728 30509.6881 28.5119
v 22453.5728 30509.6881 28.5119
v 22453.5728 30509.6881 28.5119
v 22453.5728 30509.6881 28.5119
v 22453.5728 30509.6881 28.5119
v 22478.0066 30509.8516 28.5120
v 22478.0066 30509.8516 28.5120
v 22478.0066 30509.8516 28.5120
v 22478.0066 30509.8516 28.5120
v 22478.0066 30509.8516 28.5120
v 22478.0066 30509.8516 28.5120
v 22478.0066 30509.8516 28.5120
v 22478.0589 30510.3261 80.9570
v 22478.0589 30510.3261 80.9570
v 22478.0589 30510.3261 80.9570
v 22478.0589 30510.3261 80.9570
v 22478.0589 30510.3261 80.9570
v 22478.0589 30510.3261 80.9570
v 22478.0589 30509.8521 80.9570
v 22478.0589 30509.8521 80.9570
v 22478.0589 30509.8521 80.9570
v 22478.0589 30509.8521 80.9570
v 22478.0589 30509.8521 80.9570
v 22478.0589 30509.8521 80.9570
v 22478.0589 30509.8521 80.9570
v 22478.0589 30509.8521 80.9570
v 22478.0589 30509.8521 80.9570
v 22478.0589 30509.8521 80.9570
v 22478.0589 30509.8521 80.9570
v 22478.0589 30509.8521 80.9570
v 22478.0589 30509.8521 80.9570
v 22478.0589 30509.8521 80.9570
v 22478.0589 30509.8521 80.9570
v 22478.0589 30509.8521 80.9570
v 22478.0589 30509.8521 80.9570
v 22478.0589 30509.8521 80.9570
v 22478.0589 30509.8521 80.9570
v 22478.7534 30509.8568 80.9570
v 22478.7534 30509.8568 80.9570
v 22478.7534 30509.8568 80.9570
v 22478.7534 30509.8568 80.9570
v 22478.7534 30509.8568 80.9570
v 22478.7534 30509.8568 80.9570
v 22478.7534 30509.8568 80.9570
v 22478.7534 30509.8568 80.9570
v 22478.7534 30509.8568 80.9570
v 22478.7534 30509.8568 80.9570
v 22478.7535 30509.8567 59.6020
v 22478.7535 30509.8567 59.6020
v 22478.7535 30509.8567 59.6020
v 22478.7535 30509.8567 59.6020
v 22478.7535 30509.8567 59.6020
v 22478.7535 30509.8567 59.6020
v 22483.6307 30514.7376 76.1020
v 22483.6307 30514.7376 76.1020
v 22483.6307 30514.7376 76.1020
v 22483.6307 30514.7376 76.1020
v 22483.6307 30514.7376 76.1020
v 22490.1522 30514.6547 76.1020
v 22490.1522 30514.6547 76.1020
v 22490.1522 30514.6547 76.1020
v 22490.1522 30514.6547 76.1020
v 22490.2370 30521.3489 76.1020
v 22490.2370 30521.3489 76.1020
v 22490.2370 30521.3489 76.1020
v 22490.2370 30521.3489 76.1020
v 22490.2370 30521.3489 76.1020
v 22490.2370 30521.3489 76.1020
v 22490.1523 30514.6546 59.6020
v 22490.1523 30514.6546 59.6020
v 22490.1523 30514.6546 59.6020
v 22490.1523 30514.6546 59.6020
v 22490.2371 30521.3489 59.6020
v 22490.2371 30521.3489 59.6020
v 22490.2371 30521.3489 59.6020
v 22490.2371 30521.3489 59.6020
v 22490.2371 30521.3489 59.6020
v 22492.4264 30523.5395 26.4905
v 22492.4264 30523.5395 26.4905
v 22492.4264 30523.5395 26.4905
v 22492.4264 30523.5395 26.4905
v 22492.4264 30523.5395 26.4905
v 22492.4264 30523.5395 26.4905
v 22493.9205 30504.4020 24.6180
v 22493.9205 30504.4020 24.6180
v 22493.9205 30504.4020 24.6180
v 22493.9205 30504.4020 24.6180
v 22494.7016 30506.9356 24.7657
v 22494.7016 30506.9356 24.7657
v 22494.7016 30506.9356 24.7657
v 22494.7016 30506.9356 24.7657
v 22494.7016 30506.9356 24.7657
v 22492.9339 30502.2244 24.6173
v 22492.9339 30502.2244 24.6173
v 22492.9339 30502.2244 24.6173
v 22492.9339 30502.2244 24.6173
v 22492.9339 30502.2244 24.6173
v 22492.9339 30502.2244 24.6173
v 22492.9339 30502.2244 24.6173
v 22492.9339 30502.2244 24.6173
v 22492.9339 30502.2244 24.6173
v 22494.7176 30510.3442 24.9148
v 22494.7176 30510.3442 24.9148
v 22494.7176 30510.3442 24.9148
v 22494.7176 30510.3442 24.9148
v 22494.7176 30510.3442 24.9148
v 22494.7176 30510.3442 24.9148
v 22489.1791 30497.8723 24.6161
v 22489.1791 30497.8723 24.6161
v 22489.1791 30497.8723 24.6161
v 22489.1791 30497.8723 24.6161
v 22491.2961 30500.0533 24.6167
v 22491.2961 30500.0533 24.6167
v 22491.2961 30500.0533 24.6167
v 22491.2961 30500.0533 24.6167
v 22491.2961 30500.0533 24.6167
v 22491.2961 30500.0533 24.6167
v 22483.1925 30504.6282 24.6203
v 22483.1925 30504.6282 24.6203
v 22483.1925 30504.6282 24.6203
v 22483.1925 30504.6282 24.6203
v 22483.1925 30504.6282 24.6203
v 22485.0153 30506.7086 24.6208
v 22485.0153 30506.7086 24.6208
v 22485.0153 30506.7086 24.6208
v 22485.0153 30506.7086 24.6208
v 22485.0153 30506.7086 24.6208
v 22485.0153 30506.7086 24.6208
v 22485.6393 30508.0293 24.8269
v 22485.6393 30508.0293 24.8269
v 22485.6393 30508.0293 24.8269
v 22485.6393 30508.0293 24.8269
v 22485.6393 30508.0293 24.8269
v 22485.6769 30509.3067 24.9379
v 22485.6769 30509.3067 24.9379
v 22485.6769 30509.3067 24.9379
v 22485.6769 30509.3067 24.9379
v 22485.6769 30509.3067 24.9379
v 22485.6769 30509.3067 24.9379
v 22485.6769 30509.3067 24.9379
v 22485.6769 30509.3067 24.9379
v 22494.4880 30525.6027 26.6983
v 22494.4880 30525.6027 26.6983
v 22494.4880 30525.6027 26.6983
v 22494.4880 30525.6027 26.6983
v 22494.4880 30525.6027 26.6983
v 22494.4880 30525.6027 26.6983
v 22485.5538 30516.6618 25.7323
v 22485.5538 30516.6618 25.7323
v 22485.5538 30516.6618 25.7323
v 22485.5538 30516.6618 25.7323
v 22485.5538 30516.6618 25.7323
v 22483.6308 30514.7376 59.6020
v 22483.6308 30514.7376 59.6020
v 22483.6308 30514.7376 59.6020
v 22483.6308 30514.7376 59.6020
v 22483.6308 30514.7376 59.6020
v 22483.6308 30514.7376 59.6020
v 22483.6308 30514.7376 59.6020
v 22496.6244 30527.7411 80.9571
v 22496.6244 30527.7411 80.9571
v 22496.6244 30527.7411 80.9571
v 22496.6244 30527.7411 80.9571
v 22496.6244 30527.7411 80.9571
v 22496.6244 30527.7411 80.9571
v 22496.6244 30527.7411 80.9571
v 22496.6244 30527.7411 80.9571
v 22496.6244 30527.7411 80.9571
v 22496.6244 30527.7411 80.9571
v 22496.6245 30527.7411 76.1021
v 22496.6245 30527.7411 76.1021
v 22496.6245 30527.7411 76.1021
v 22496.3573 30541.0351 80.9571
v 22496.3573 30541.0351 80.9571
v 22496.3573 30541.0351 80.9571
v 22496.3573 30541.0351 80.9571
v 22496.3573 30541.0351 80.9571
v 22496.3573 30541.0351 80.9571
v 22496.3573 30541.0351 80.9571
v 22496.6251 30527.7411 0.0003
v 22496.6251 30527.7411 0.0003
v 22496.6251 30527.7411 0.0003
v 22496.6251 30527.7411 0.0003
v 22494.4882 30525.6027 0.0003
v 22494.4882 30525.6027 0.0003
v 22494.4882 30525.6027 0.0003
v 22494.7178 30510.3442 0.0004
v 22494.7178 30510.3442 0.0004
v 22494.7178 30510.3442 0.0004
v 22494.7018 30506.9355 0.0004
v 22494.7018 30506.9355 0.0004
v 22494.7018 30506.9355 0.0004
v 22493.9207 30504.4020 0.0004
v 22493.9207 30504.4020 0.0004
v 22493.9207 30504.4020 0.0004
v 22492.9340 30502.2243 0.0004
v 22492.9340 30502.2243 0.0004
v 22492.9340 30502.2243 0.0004
v 22491.2963 30500.0532 0.0004
v 22491.2963 30500.0532 0.0004
v 22491.2963 30500.0532 0.0004
v 22489.1793 30497.8722 0.0004
v 22489.1793 30497.8722 0.0004
v 22489.1793 30497.8722 0.0004
v 22483.1927 30504.6281 0.0003
v 22483.1927 30504.6281 0.0003
v 22483.1927 30504.6281 0.0003
v 22485.0155 30506.7086 0.0003
v 22485.0155 30506.7086 0.0003
v 22485.0155 30506.7086 0.0003
v 22485.6395 30508.0293 0.0003
v 22485.6395 30508.0293 0.0003
v 22485.6395 30508.0293 0.0003
v 22485.6770 30509.3066 0.0003
v 22485.6770 30509.3066 0.0003
v 22485.6770 30509.3066 0.0003
v 22485.5539 30516.6617 0.0003
v 22485.5539 30516.6617 0.0003
v 22485.5539 30516.6617 0.0003
v 22485.5539 30516.6617 0.0003
v 22485.5539 30516.6617 0.0003
v 22485.5539 30516.6617 0.0003
v 22478.7538 30509.8566 0.0003
v 22478.7538 30509.8566 0.0003
v 22478.7538 30509.8566 0.0003
v 22478.0067 30509.8516 0.0002
v 22478.0067 30509.8516 0.0002
v 22477.9724 30505.6863 0.0003
v 22477.9724 30505.6863 0.0003
v 22477.9724 30505.6863 0.0003
v 22473.5210 30500.8192 0.0003
v 22473.5210 30500.8192 0.0003
v 22473.5210 30500.8192 0.0003
v 22457.9495 30500.8667 0.0002
v 22457.9495 30500.8667 0.0002
v 22457.9495 30500.8667 0.0002
v 22453.5357 30505.2438 0.0002
v 22453.5357 30505.2438 0.0002
v 22453.5357 30505.2438 0.0002
v 22453.5728 30509.6880 0.0001
v 22453.5728 30509.6880 0.0001
v 22453.5728 30509.6880 0.0001
v 22421.1565 30509.4711 0.0001
v 22421.1565 30509.4711 0.0001
v 22421.1565 30509.4711 0.0001
v 22403.1426 30527.7016 0.0001
v 22403.1426 30527.7016 0.0001
v 22403.1426 30527.7016 0.0001
v 22403.1432 30527.7016 80.9570
v 22403.1432 30527.7016 80.9570
v 22403.1432 30527.7016 80.9570
v 22403.1432 30527.7016 80.9570
v 22403.1432 30527.7016 80.9570
v 22403.1937 30540.8622 0.0001
v 22403.1937 30540.8622 0.0001
v 22403.1937 30540.8622 0.0001
v 22403.1937 30540.8622 0.0001
v 22391.9540 30553.6528 24.0237
v 22391.9540 30553.6528 24.0237
v 22391.9540 30553.6528 24.0237
v 22391.9540 30553.6528 24.0237
v 22391.9540 30553.6528 24.0237
v 22391.5022 30550.8824 24.0237
v 22391.5022 30550.8824 24.0237
v 22391.5022 30550.8824 24.0237
v 22391.5022 30550.8824 24.0237
v 22391.5022 30550.8824 24.0237
v 22391.9540 30553.6528 26.8021
v 22391.9540 30553.6528 26.8021
v 22391.9540 30553.6528 26.8021
v 22391.9540 30553.6528 26.8021
v 22391.5023 30550.8823 26.7176
v 22391.5023 30550.8823 26.7176
v 22391.5023 30550.8823 26.7176
v 22391.5023 30550.8823 26.7176
v 22391.5023 30550.8823 26.7176
v 22394.8227 30550.3373 24.3799
v 22394.8227 30550.3373 24.3799
v 22394.8227 30550.3373 24.3799
v 22394.8227 30550.3373 24.3799
v 22394.8227 30550.3373 24.3799
v 22394.8227 30550.3373 24.3799
v 22397.4262 30550.0879 24.3676
v 22397.4262 30550.0879 24.3676
v 22397.4262 30550.0879 24.3676
v 22397.4262 30550.0879 24.3676
v 22396.3981 30550.0787 24.3730
v 22396.3981 30550.0787 24.3730
v 22396.3981 30550.0787 24.3730
v 22396.3981 30550.0787 24.3730
v 22396.3981 30550.0787 24.3730
v 22396.3981 30550.0787 24.3730
v 22397.9480 30541.3610 24.4155
v 22397.9480 30541.3610 24.4155
v 22397.9480 30541.3610 24.4155
v 22397.9480 30541.3610 24.4155
v 22397.9480 30541.3610 24.4155
v 22397.9480 30541.3610 24.4155
v 22397.9480 30541.3610 24.4155
v 22379.5500 30536.7800 24.8771
v 22379.5500 30536.7800 24.8771
v 22379.5500 30536.7800 24.8771
v 22379.5500 30536.7800 24.8771
v 22387.0069 30532.2241 24.8771
v 22387.0069 30532.2241 24.8771
v 22387.0069 30532.2241 24.8771
v 22387.0069 30532.2241 24.8771
v 22387.0069 30532.2241 24.8771
v 22383.4586 30543.2268 24.8769
v 22383.4586 30543.2268 24.8769
v 22383.4586 30543.2268 24.8769
v 22383.4586 30543.2268 24.8769
v 22383.4586 30543.2268 24.8769
v 22383.4586 30543.2268 24.8769
v 22390.3084 30537.6995 24.8764
v 22390.3084 30537.6995 24.8764
v 22390.3084 30537.6995 24.8764
v 22390.3084 30537.6995 24.8764
v 22390.3084 30537.6995 24.8764
v 22390.3084 30537.6995 24.8764
v 22386.9519 30547.4155 24.3889
v 22386.9519 30547.4155 24.3889
v 22386.9519 30547.4155 24.3889
v 22386.9519 30547.4155 24.3889
v 22386.9519 30547.4155 24.3889
v 22392.2876 30539.8398 24.3893
v 22392.2876 30539.8398 24.3893
v 22392.2876 30539.8398 24.3893
v 22392.2876 30539.8398 24.3893
v 22392.2876 30539.8398 24.3893
v 22392.2876 30539.8398 24.3893
v 22393.0915 30550.3984 24.3887
v 22393.0915 30550.3984 24.3887
v 22393.0915 30550.3984 24.3887
v 22393.0915 30550.3984 24.3887
v 22393.0915 30550.3984 24.3887
v 22393.0915 30550.3984 24.3887
v 22393.0915 30550.3984 24.3887
v 22393.0915 30550.3984 24.3887
v 22394.2074 30540.9330 24.3893
v 22394.2074 30540.9330 24.3893
v 22394.2074 30540.9330 24.3893
v 22394.2074 30540.9330 24.3893
v 22394.2074 30540.9330 24.3893
v 22394.8227 30550.3373 24.0236
v 22394.8227 30550.3373 24.0236
v 22394.8227 30550.3373 24.0236
v 22394.8227 30550.3373 24.0236
v 22394.8227 30550.3373 24.0236
v 22394.8227 30550.3373 24.0236
v 22394.8227 30550.3373 24.0236
v 22394.8227 30550.3373 24.0236
v 22394.8227 30550.3373 24.0236
v 22394.8227 30550.3373 24.0236
v 22398.8325 30551.9003 21.5675
v 22398.8325 30551.9003 21.5675
v 22398.8325 30551.9003 21.5675
v 22398.8325 30551.9003 21.5675
v 22398.8325 30551.9003 21.5675
v 22398.8325 30551.9003 21.5675
v 22398.8327 30551.8018 21.5021
v 22398.8327 30551.8018 21.5021
v 22398.8327 30551.8018 21.5021
v 22398.8327 30551.8018 21.5021
v 22400.6730 30551.8601 21.5021
v 22400.6730 30551.8601 21.5021
v 22400.6730 30551.8601 21.5021
v 22400.6730 30551.8601 21.5021
v 22400.6730 30551.8601 21.5021
v 22400.6730 30551.8601 21.5021
v 22400.6730 30551.8601 21.5021
v 22398.8336 30551.3465 21.5021
v 22398.8336 30551.3465 21.5021
v 22398.8336 30551.3465 21.5021
v 22398.8336 30551.3465 21.5021
v 22398.8336 30551.3465 21.5021
v 22398.8336 30551.3465 21.5021
v 22398.8336 30551.3465 21.5021
v 22398.7866 30551.3464 24.0236
v 22398.7866 30551.3464 24.0236
v 22398.7866 30551.3464 24.0236
v 22398.7866 30551.3464 24.0236
v 22398.7866 30551.3464 24.0236
v 22398.7866 30551.3464 24.0236
v 22398.7635 30551.3464 21.5021
v 22398.7635 30551.3464 21.5021
v 22398.7635 30551.3464 21.5021
v 22398.7635 30551.3464 21.5021
v 22398.7635 30551.3464 21.5021
v 22398.7635 30551.3464 21.5021
v 22398.7635 30551.3464 21.5021
v 22398.8336 30551.3465 24.0236
v 22398.8336 30551.3465 24.0236
v 22398.8336 30551.3465 24.0236
v 22398.8336 30551.3465 24.0236
v 22398.8336 30551.3465 24.0236
v 22398.8336 30551.3465 24.0236
v 22398.8320 30552.1238 24.0236
v 22398.8320 30552.1238 24.0236
v 22398.8320 30552.1238 24.0236
v 22398.8320 30552.1238 24.0236
v 22398.8320 30552.1238 24.0236
v 22398.8320 30552.1238 24.0236
v 22398.8320 30552.1238 21.7123
v 22398.8320 30552.1238 21.7123
v 22398.8320 30552.1238 21.7123
v 22398.8320 30552.1238 21.7123
v 22398.9565 30554.2538 23.0921
v 22398.9565 30554.2538 23.0921
v 22398.9565 30554.2538 23.0921
v 22398.9565 30554.2538 23.0921
v 22398.9565 30554.2538 23.0921
v 22398.9565 30554.2538 23.0921
v 22398.9565 30554.2538 23.0921
v 22397.1986 30556.1907 23.0921
v 22397.1986 30556.1907 23.0921
v 22397.1986 30556.1907 23.0921
v 22397.2000 30554.2525 23.0921
v 22397.2000 30554.2525 23.0921
v 22397.2000 30554.2525 23.0921
v 22397.2000 30554.2525 23.0921
v 22397.2000 30554.2525 23.0921
v 22397.2000 30554.2525 23.0921
v 22397.2000 30554.2525 23.0921
v 22397.2000 30554.2525 23.0921
v 22400.7713 30556.1932 23.0921
v 22400.7713 30556.1932 23.0921
v 22400.7713 30556.1932 23.0921
v 22400.7713 30556.1932 23.0921
v 22400.7713 30556.1932 23.0921
v 22400.7713 30556.1932 23.0921
v 22400.7727 30554.2551 23.0921
v 22400.7727 30554.2551 23.0921
v 22400.7727 30554.2551 23.0921
v 22400.7727 30554.2551 23.0921
v 22400.7727 30554.2551 23.0921
v 22400.7727 30554.2551 23.0921
v 22400.7727 30554.2551 23.0921
v 22400.6730 30551.8601 18.6971
v 22400.6730 30551.8601 18.6971
v 22400.6730 30551.8601 18.6971
v 22400.6730 30551.8601 18.6971
v 22400.7228 30550.2877 18.6971
v 22400.7228 30550.2877 18.6971
v 22400.7228 30550.2877 18.6971
v 22400.7228 30550.2877 18.6971
v 22400.7228 30550.2877 18.6971
v 22400.7228 30550.2877 18.6971
v 22400.7228 30550.2877 21.5021
v 22400.7228 30550.2877 21.5021
v 22400.7228 30550.2877 21.5021
v 22400.7228 30550.2877 21.5021
v 22400.7228 30550.2877 21.5021
v 22398.7978 30550.2633 21.5021
v 22398.7978 30550.2633 21.5021
v 22398.7978 30550.2633 21.5021
v 22398.7978 30550.2633 21.5021
v 22398.7978 30550.2633 21.5021
v 22398.7978 30550.2633 21.5021
v 22398.7978 30550.2633 21.5021
v 22398.7978 30550.2633 21.5021
v 22398.7978 30550.2633 21.5021
v 22398.7635 30551.3464 18.6971
v 22398.7635 30551.3464 18.6971
v 22398.7635 30551.3464 18.6971
v 22398.7635 30551.3464 18.6971
v 22398.7635 30551.3464 18.6971
v 22398.7978 30550.2633 18.6971
v 22398.7978 30550.2633 18.6971
v 22398.7978 30550.2633 18.6971
v 22397.4167 30550.2457 18.6971
v 22397.4167 30550.2457 18.6971
v 22397.4167 30550.2457 18.6971
v 22397.4167 30550.2457 18.6971
v 22397.4167 30550.2457 18.6971
v 22397.4167 30550.2457 18.6971
v 22397.4167 30550.2457 18.6971
v 22397.2202 30551.3433 18.6971
v 22397.2202 30551.3433 18.6971
v 22397.2202 30551.3433 18.6971
v 22397.2202 30551.3433 18.6971
v 22397.2202 30551.3433 18.6971
v 22397.2202 30551.3433 18.6971
v 22397.2202 30551.3433 18.6971
v 22397.2202 30551.3433 18.6971
v 22397.2202 30551.3433 18.6971
v 22397.2186 30552.1204 18.6971
v 22397.2186 30552.1204 18.6971
v 22397.2186 30552.1204 18.6971
v 22397.2186 30552.1204 18.6971
v 22397.1999 30554.2525 18.6971
v 22397.1999 30554.2525 18.6971
v 22397.1999 30554.2525 18.6971
v 22397.1999 30554.2525 18.6971
v 22397.1999 30554.2525 18.6971
v 22397.2186 30552.1204 24.0236
v 22397.2186 30552.1204 24.0236
v 22397.2186 30552.1204 24.0236
v 22397.2186 30552.1204 24.0236
v 22397.2186 30552.1204 24.0236
v 22397.2202 30551.3432 24.0236
v 22397.2202 30551.3432 24.0236
v 22397.2202 30551.3432 24.0236
v 22397.2202 30551.3432 24.0236
v 22397.2202 30551.3432 24.0236
v 22397.2202 30551.3432 24.0236
v 22397.2202 30551.3432 24.0236
v 22397.2202 30551.3432 24.0236
v 22397.4167 30550.2457 24.0236
v 22397.4167 30550.2457 24.0236
v 22397.4167 30550.2457 24.0236
v 22397.4167 30550.2457 24.0236
v 22397.4167 30550.2457 24.0236
v 22397.4167 30550.2457 24.0236
v 22397.4167 30550.2457 24.0236
v 22398.7233 30550.2623 24.0236
v 22398.7233 30550.2623 24.0236
v 22398.7233 30550.2623 24.0236
v 22398.7233 30550.2623 24.0236
v 22396.8296 30550.2665 18.6971
v 22396.8296 30550.2665 18.6971
v 22396.8296 30550.2665 18.6971
v 22396.8296 30550.2665 18.6971
v 22396.8296 30550.2665 18.6971
v 22396.8296 30550.2665 18.6971
v 22396.8595 30558.4375 18.6971
v 22396.8595 30558.4375 18.6971
v 22396.8595 30558.4375 18.6971
v 22396.8595 30558.4375 18.6971
v 22396.8595 30558.4375 18.6971
v 22396.8595 30558.4375 18.6971
v 22396.8595 30558.4375 18.6971
v 22397.1985 30556.1907 18.6971
v 22397.1985 30556.1907 18.6971
v 22397.1985 30556.1907 18.6971
v 22397.1985 30556.1907 18.6971
v 22397.1985 30556.1907 18.6971
v 22397.1985 30556.1907 18.6971
v 22397.1985 30556.1907 18.6971
v 22400.7713 30556.1933 18.6971
v 22400.7713 30556.1933 18.6971
v 22400.7713 30556.1933 18.6971
v 22400.7713 30556.1933 18.6971
v 22400.7713 30556.1933 18.6971
v 22400.7727 30554.2551 18.6971
v 22400.7727 30554.2551 18.6971
v 22400.7727 30554.2551 18.6971
v 22400.7727 30554.2551 18.6971
v 22400.7727 30554.2551 18.6971
v 22400.7727 30554.2551 18.6971
v 22412.7513 30550.4404 18.6970
v 22412.7513 30550.4404 18.6970
v 22412.7513 30550.4404 18.6970
v 22412.7513 30550.4404 18.6970
v 22412.7513 30550.4404 18.6970
v 22412.7513 30550.4404 24.0235
v 22412.7513 30550.4404 24.0235
v 22412.7513 30550.4404 24.0235
v 22412.7513 30550.4404 24.0235
v 22412.7513 30550.4404 24.0235
v 22412.7513 30550.4404 24.0235
v 22412.7513 30550.4404 24.0235
v 22412.7513 30550.4404 24.0235
v 22412.7513 30550.4404 24.0235
v 22398.8591 30552.5864 24.0236
v 22398.8591 30552.5864 24.0236
v 22398.8591 30552.5864 24.0236
v 22398.8591 30552.5864 24.0236
v 22398.8591 30552.5864 24.0236
v 22398.8591 30552.5864 24.0236
v 22398.8591 30552.5864 24.0236
v 22397.2146 30552.5835 24.0236
v 22397.2146 30552.5835 24.0236
v 22397.2146 30552.5835 24.0236
v 22397.2146 30552.5835 24.0236
v 22397.2146 30552.5835 24.0236
v 22397.2146 30552.5835 24.0236
v 22397.2146 30552.5835 24.0236
v 22397.2127 30552.7962 24.0236
v 22397.2127 30552.7962 24.0236
v 22397.2127 30552.7962 24.0236
v 22397.2127 30552.7962 24.0236
v 22396.7840 30552.7930 24.0236
v 22396.7840 30552.7930 24.0236
v 22396.7840 30552.7930 24.0236
v 22396.7840 30552.7930 24.0236
v 22396.7840 30552.7930 24.0236
v 22396.7840 30552.7930 24.0236
v 22396.7840 30552.7930 24.0236
v 22396.7840 30552.7930 24.0236
v 22396.7840 30552.7930 26.2028
v 22396.7840 30552.7930 26.2028
v 22396.7840 30552.7930 26.2028
v 22396.7840 30552.7930 26.2028
v 22396.7840 30552.7930 26.2028
v 22396.7840 30552.7930 26.2028
v 22396.3981 30550.0787 26.1494
v 22396.3981 30550.0787 26.1494
v 22396.3981 30550.0787 26.1494
v 22396.3981 30550.0787 26.1494
v 22396.3981 30550.0787 26.1494
v 22396.3981 30550.0787 26.1494
v 22396.3981 30550.0787 26.1494
v 22396.3981 30550.0787 26.1494
v 22412.5342 30550.2228 24.4784
v 22412.5342 30550.2228 24.4784
v 22412.5342 30550.2228 24.4784
v 22412.5342 30550.2228 24.4784
v 22412.5342 30550.2228 24.4784
v 22397.5259 30550.0888 24.3686
v 22397.5259 30550.0888 24.3686
v 22397.5259 30550.0888 24.3686
v 22397.5259 30550.0888 24.3686
v 22397.5259 30550.0888 24.3686
v 22403.5227 30541.4685 24.4711
v 22403.5227 30541.4685 24.4711
v 22403.5227 30541.4685 24.4711
v 22403.5227 30541.4685 24.4711
v 22403.5227 30541.4685 24.4711
v 22403.5227 30541.4685 24.4711
v 22403.5227 30541.4685 24.4711
v 22403.5225 30541.4686 0.0001
v 22403.5225 30541.4686 0.0001
v 22403.5225 30541.4686 0.0001
v 22397.9478 30541.3611 0.0001
v 22397.9478 30541.3611 0.0001
v 22397.9478 30541.3611 0.0001
v 22394.2072 30540.9330 0.0002
v 22394.2072 30540.9330 0.0002
v 22394.2072 30540.9330 0.0002
v 22392.2874 30539.8398 0.0002
v 22392.2874 30539.8398 0.0002
v 22392.2874 30539.8398 0.0002
v 22390.3082 30537.6996 0.0002
v 22390.3082 30537.6996 0.0002
v 22390.3082 30537.6996 0.0002
v 22387.0067 30532.2241 0.0002
v 22387.0067 30532.2241 0.0002
v 22387.0067 30532.2241 0.0002
v 22379.5497 30536.7801 0.0003
v 22379.5497 30536.7801 0.0003
v 22379.5497 30536.7801 0.0003
v 22383.4583 30543.2269 0.0002
v 22383.4583 30543.2269 0.0002
v 22383.4583 30543.2269 0.0002
v 22386.9517 30547.4156 0.0002
v 22386.9517 30547.4156 0.0002
v 22386.9517 30547.4156 0.0002
v 22386.9517 30547.4156 0.0002
v 22393.0913 30550.3985 0.0002
v 22393.0913 30550.3985 0.0002
v 22393.0913 30550.3985 0.0002
v 22396.8294 30550.2665 0.0001
v 22396.8294 30550.2665 0.0001
v 22396.8294 30550.2665 0.0001
v 22396.8593 30558.4376 0.0001
v 22396.8593 30558.4376 0.0001
v 22396.8593 30558.4376 0.0001
v 22420.6435 30558.3500 0.0000
v 22420.6435 30558.3500 0.0000
v 22420.6435 30558.3500 0.0000
v 22420.6435 30558.3500 0.0000
v 22420.6435 30558.3500 0.0000
v 22420.6436 30558.3499 18.6970
v 22420.6436 30558.3499 18.6970
v 22420.6436 30558.3499 18.6970
v 22420.6436 30558.3499 18.6970
v 22420.6436 30558.3499 18.6970
v 22420.6436 30558.3499 18.6970
v 22420.6436 30558.3499 18.6970
v 22420.6436 30558.3499 18.6970
v 22415.2359 30552.9303 24.0235
v 22415.2359 30552.9303 24.0235
v 22415.2359 30552.9303 24.0235
v 22415.2359 30552.9303 24.0235
v 22415.2359 30552.9303 24.0235
v 22415.2359 30552.9303 24.0235
v 22415.2359 30552.9303 24.0235
v 22415.2359 30552.9303 24.0235
v 22415.2359 30552.9303 24.0235
v 22415.2359 30552.9303 26.0287
v 22415.2359 30552.9303 26.0287
v 22415.2359 30552.9303 26.0287
v 22415.2359 30552.9303 26.0287
v 22415.2359 30552.9303 26.0287
v 22415.2359 30552.9303 26.0287
v 22415.1468 30552.8410 26.0276
v 22415.1468 30552.8410 26.0276
v 22415.1468 30552.8410 26.0276
v 22415.1468 30552.8410 26.0276
v 22412.5342 30550.2228 26.0450
v 22412.5342 30550.2228 26.0450
v 22412.5342 30550.2228 26.0450
v 22412.5342 30550.2228 26.0450
v 22412.5342 30550.2228 26.0450
v 22404.0853 30541.7555 24.4733
v 22404.0853 30541.7555 24.4733
v 22404.0853 30541.7555 24.4733
v 22404.0853 30541.7555 24.4733
v 22404.0853 30541.7555 24.4733
v 22404.0853 30541.7555 24.4733
v 22403.6795 30541.3488 24.4350
v 22403.6795 30541.3488 24.4350
v 22403.6795 30541.3488 24.4350
v 22403.6795 30541.3488 24.4350
v 22403.6795 30541.3488 24.4350
v 22403.6795 30541.3488 24.4350
v 22403.6795 30541.3488 24.4350
v 22403.6793 30541.3489 0.0001
v 22403.6793 30541.3489 0.0001
v 22403.1942 30540.8620 80.9570
v 22403.1942 30540.8620 80.9570
v 22403.1942 30540.8620 80.9570
v 22403.1942 30540.8620 80.9570
v 22403.1942 30540.8620 80.9570
v 22403.1942 30540.8620 80.9570
v 22404.1948 30528.1311 80.9570
v 22404.1948 30528.1311 80.9570
v 22404.1948 30528.1311 80.9570
v 22404.1948 30528.1311 80.9570
v 22404.1948 30528.1311 80.9570
v 22404.1948 30528.1311 80.9570
v 22404.1948 30528.1311 80.9570
v 22421.1568 30509.4713 80.9569
v 22421.1568 30509.4713 80.9569
v 22421.1568 30509.4713 80.9569
v 22421.1568 30509.4713 80.9569
v 22421.1568 30509.4713 80.9569
v 22421.1568 30509.4713 80.9569
v 22421.1568 30509.4713 80.9569
v 22421.1568 30509.4713 80.9569
v 22421.1568 30509.4713 80.9569
v 22421.1568 30509.4713 80.9569
v 22421.3569 30510.2946 80.9569
v 22421.3569 30510.2946 80.9569
v 22421.3569 30510.2946 80.9569
v 22421.3569 30510.2946 80.9569
v 22421.3569 30510.2946 80.9569
v 22422.0222 30510.2965 80.9569
v 22422.0222 30510.2965 80.9569
v 22422.0222 30510.2965 80.9569
v 22422.0222 30510.2965 80.9569
v 22422.0222 30510.2965 80.9569
v 22422.0222 30510.2965 80.9569
v 22422.0222 30510.2965 80.9569
v 22422.0222 30510.2965 89.3969
v 22422.0222 30510.2965 89.3969
v 22422.0222 30510.2965 89.3969
v 22422.0222 30510.2965 89.3969
v 22422.0219 30510.5271 80.9569
v 22422.0219 30510.5271 80.9569
v 22422.0219 30510.5271 80.9569
v 22422.0219 30510.5271 80.9569
v 22422.0219 30510.5271 80.9569
v 22422.0219 30510.5271 80.9569
v 22422.0219 30510.5271 80.9569
v 22422.0219 30510.5271 79.5569
v 22422.0219 30510.5271 79.5569
v 22422.0219 30510.5271 79.5569
v 22422.0202 30512.0332 79.5569
v 22422.0202 30512.0332 79.5569
v 22422.0202 30512.0332 79.5569
v 22422.0202 30512.0332 79.5569
v 22422.0202 30512.0332 79.5569
v 22429.4226 30512.0395 79.5569
v 22429.4226 30512.0395 79.5569
v 22429.4226 30512.0395 79.5569
v 22429.4226 30512.0395 79.5569
v 22429.4228 30510.5766 79.5569
v 22429.4228 30510.5766 79.5569
v 22429.4228 30510.5766 79.5569
v 22429.4228 30510.5766 79.5569
v 22429.4228 30510.5766 79.5569
v 22429.4228 30510.5766 79.5569
v 22429.4228 30510.5766 80.9569
v 22429.4228 30510.5766 80.9569
v 22429.4228 30510.5766 80.9569
v 22429.4228 30510.5766 80.9569
v 22429.4228 30510.5766 80.9569
v 22429.4229 30510.3167 80.9569
v 22429.4229 30510.3167 80.9569
v 22429.4229 30510.3167 80.9569
v 22429.4229 30510.3167 80.9569
v 22429.4229 30510.3167 80.9569
v 22429.4229 30510.3167 80.9569
v 22430.0561 30510.3167 80.9569
v 22430.0561 30510.3167 80.9569
v 22430.0561 30510.3167 80.9569
v 22430.0561 30510.3167 80.9569
v 22430.0561 30510.3167 80.9569
v 22430.0561 30510.3167 80.9569
v 22430.0561 30510.3167 80.9569
v 22430.0561 30510.5808 80.9569
v 22430.0561 30510.5808 80.9569
v 22430.0561 30510.5808 80.9569
v 22430.0561 30510.5808 80.9569
v 22430.0561 30510.5808 80.9569
v 22430.0561 30510.5808 80.9569
v 22430.0561 30510.5808 80.9569
v 22430.0561 30510.5808 79.5569
v 22430.0561 30510.5808 79.5569
v 22430.0561 30510.5808 79.5569
v 22430.0561 30510.5808 79.5569
v 22430.0559 30512.0395 79.5569
v 22430.0559 30512.0395 79.5569
v 22430.0559 30512.0395 79.5569
v 22430.0559 30512.0395 79.5569
v 22437.3575 30512.0541 79.5569
v 22437.3575 30512.0541 79.5569
v 22437.3575 30512.0541 79.5569
v 22437.3575 30512.0541 79.5569
v 22437.3575 30512.0541 79.5569
v 22437.3593 30510.6297 79.5569
v 22437.3593 30510.6297 79.5569
v 22437.3593 30510.6297 79.5569
v 22437.3593 30510.6297 79.5569
v 22437.3593 30510.6297 79.5569
v 22437.3593 30510.6297 80.9569
v 22437.3593 30510.6297 80.9569
v 22437.3593 30510.6297 80.9569
v 22437.3593 30510.6297 80.9569
v 22437.3593 30510.6297 80.9569
v 22437.3597 30510.2769 80.9569
v 22437.3597 30510.2769 80.9569
v 22437.3597 30510.2769 80.9569
v 22437.3597 30510.2769 80.9569
v 22437.3597 30510.2769 80.9569
v 22437.3597 30510.2769 80.9569
v 22438.0330 30510.2777 80.9569
v 22438.0330 30510.2777 80.9569
v 22438.0330 30510.2777 80.9569
v 22438.0330 30510.2777 80.9569
v 22438.0330 30510.2777 80.9569
v 22438.0330 30510.2777 80.9569
v 22438.0330 30510.2777 80.9569
v 22437.3597 30510.2769 89.3969
v 22437.3597 30510.2769 89.3969
v 22437.3597 30510.2769 89.3969
v 22437.3597 30510.2769 89.3969
v 22437.3597 30510.2769 89.3969
v 22438.0330 30510.2778 89.3969
v 22438.0330 30510.2778 89.3969
v 22438.0330 30510.2778 89.3969
v 22438.0330 30510.2778 89.3969
v 22438.0326 30510.6342 80.9569
v 22438.0326 30510.6342 80.9569
v 22438.0326 30510.6342 80.9569
v 22438.0326 30510.6342 80.9569
v 22438.0326 30510.6342 80.9569
v 22438.0326 30510.6342 80.9569
v 22438.0326 30510.6342 80.9569
v 22438.0326 30510.6342 79.5569
v 22438.0326 30510.6342 79.5569
v 22438.0326 30510.6342 79.5569
v 22438.0308 30512.0549 79.5569
v 22438.0308 30512.0549 79.5569
v 22438.0308 30512.0549 79.5569
v 22438.0308 30512.0549 79.5569
v 22438.0308 30512.0549 79.5569
v 22445.3958 30512.0620 79.5569
v 22445.3958 30512.0620 79.5569
v 22445.3958 30512.0620 79.5569
v 22445.3958 30512.0620 79.5569
v 22445.3973 30510.6835 79.5569
v 22445.3973 30510.6835 79.5569
v 22445.3973 30510.6835 79.5569
v 22445.3973 30510.6835 79.5569
v 22445.3973 30510.6835 79.5569
v 22445.3973 30510.6835 79.5569
v 22445.3973 30510.6835 80.9569
v 22445.3973 30510.6835 80.9569
v 22445.3973 30510.6835 80.9569
v 22445.3973 30510.6835 80.9569
v 22445.3973 30510.6835 80.9569
v 22445.3978 30510.2694 80.9569
v 22445.3978 30510.2694 80.9569
v 22445.3978 30510.2694 80.9569
v 22445.3978 30510.2694 80.9569
v 22445.3978 30510.2694 80.9569
v 22445.3978 30510.2694 80.9569
v 22446.0338 30510.2702 80.9569
v 22446.0338 30510.2702 80.9569
v 22446.0338 30510.2702 80.9569
v 22446.0338 30510.2702 80.9569
v 22446.0338 30510.2702 80.9569
v 22446.0338 30510.2702 80.9569
v 22446.0338 30510.2702 80.9569
v 22445.3978 30510.2694 89.3969
v 22445.3978 30510.2694 89.3969
v 22445.3978 30510.2694 89.3969
v 22445.3978 30510.2694 89.3969
v 22445.3978 30510.2694 89.3969
v 22446.0338 30510.2702 89.3969
v 22446.0338 30510.2702 89.3969
v 22446.0338 30510.2702 89.3969
v 22446.0338 30510.2702 89.3969
v 22446.0334 30510.6878 80.9569
v 22446.0334 30510.6878 80.9569
v 22446.0334 30510.6878 80.9569
v 22446.0334 30510.6878 80.9569
v 22446.0334 30510.6878 80.9569
v 22446.0334 30510.6878 80.9569
v 22446.0334 30510.6878 80.9569
v 22446.0334 30510.6878 79.5569
v 22446.0334 30510.6878 79.5569
v 22446.0334 30510.6878 79.5569
v 22446.0318 30512.0628 79.5569
v 22446.0318 30512.0628 79.5569
v 22446.0318 30512.0628 79.5569
v 22446.0318 30512.0628 79.5569
v 22446.0318 30512.0628 79.5569
v 22453.4165 30512.0700 79.5569
v 22453.4165 30512.0700 79.5569
v 22453.4165 30512.0700 79.5569
v 22453.4165 30512.0700 79.5569
v 22453.4178 30510.7372 79.5569
v 22453.4178 30510.7372 79.5569
v 22453.4178 30510.7372 79.5569
v 22453.4178 30510.7372 79.5569
v 22453.4178 30510.7372 79.5569
v 22453.4178 30510.7372 79.5569
v 22453.4178 30510.7372 80.9569
v 22453.4178 30510.7372 80.9569
v 22453.4178 30510.7372 80.9569
v 22453.4178 30510.7372 80.9569
v 22453.4178 30510.7372 80.9569
v 22453.4182 30510.3140 80.9569
v 22453.4182 30510.3140 80.9569
v 22453.4182 30510.3140 80.9569
v 22453.4182 30510.3140 80.9569
v 22453.4182 30510.3140 80.9569
v 22453.4182 30510.3140 80.9569
v 22454.0465 30510.3146 80.9569
v 22454.0465 30510.3146 80.9569
v 22454.0465 30510.3146 80.9569
v 22454.0465 30510.3146 80.9569
v 22454.0465 30510.3146 80.9569
v 22454.0465 30510.3146 80.9569
v 22454.0465 30510.3146 80.9569
v 22453.4182 30510.3140 89.3969
v 22453.4182 30510.3140 89.3969
v 22453.4182 30510.3140 89.3969
v 22453.4182 30510.3140 89.3969
v 22453.4182 30510.3140 89.3969
v 22454.0465 30510.3147 89.3969
v 22454.0465 30510.3147 89.3969
v 22454.0465 30510.3147 89.3969
v 22454.0465 30510.3147 89.3969
v 22454.0461 30510.7414 80.9569
v 22454.0461 30510.7414 80.9569
v 22454.0461 30510.7414 80.9569
v 22454.0461 30510.7414 80.9569
v 22454.0461 30510.7414 80.9569
v 22454.0461 30510.7414 80.9569
v 22454.0461 30510.7414 80.9569
v 22454.0461 30510.7414 79.5569
v 22454.0461 30510.7414 79.5569
v 22454.0461 30510.7414 79.5569
v 22454.0448 30512.0707 79.5569
v 22454.0448 30512.0707 79.5569
v 22454.0448 30512.0707 79.5569
v 22454.0448 30512.0707 79.5569
v 22454.0448 30512.0707 79.5569
v 22461.4189 30512.0777 79.5569
v 22461.4189 30512.0777 79.5569
v 22461.4189 30512.0777 79.5569
v 22461.4189 30512.0777 79.5569
v 22461.4200 30510.7908 79.5569
v 22461.4200 30510.7908 79.5569
v 22461.4200 30510.7908 79.5569
v 22461.4200 30510.7908 79.5569
v 22461.4200 30510.7908 79.5569
v 22461.4200 30510.7908 79.5569
v 22461.4200 30510.7908 80.9569
v 22461.4200 30510.7908 80.9569
v 22461.4200 30510.7908 80.9569
v 22461.4200 30510.7908 80.9569
v 22461.4200 30510.7908 80.9569
v 22461.4205 30510.3033 80.9569
v 22461.4205 30510.3033 80.9569
v 22461.4205 30510.3033 80.9569
v 22461.4205 30510.3033 80.9569
v 22461.4205 30510.3033 80.9569
v 22461.4205 30510.3033 80.9569
v 22462.0564 30510.3039 80.9569
v 22462.0564 30510.3039 80.9569
v 22462.0564 30510.3039 80.9569
v 22462.0564 30510.3039 80.9569
v 22462.0564 30510.3039 80.9569
v 22462.0564 30510.3039 80.9569
v 22462.0564 30510.3039 80.9569
v 22461.4204 30510.3033 89.3969
v 22461.4204 30510.3033 89.3969
v 22461.4204 30510.3033 89.3969
v 22461.4204 30510.3033 89.3969
v 22461.4204 30510.3033 89.3969
v 22462.0564 30510.3039 89.3969
v 22462.0564 30510.3039 89.3969
v 22462.0564 30510.3039 89.3969
v 22462.0564 30510.3039 89.3969
v 22462.0560 30510.7950 80.9569
v 22462.0560 30510.7950 80.9569
v 22462.0560 30510.7950 80.9569
v 22462.0560 30510.7950 80.9569
v 22462.0560 30510.7950 80.9569
v 22462.0560 30510.7950 80.9569
v 22462.0560 30510.7950 80.9569
v 22462.0560 30510.7950 79.5569
v 22462.0560 30510.7950 79.5569
v 22462.0560 30510.7950 79.5569
v 22462.0549 30512.0783 79.5569
v 22462.0549 30512.0783 79.5569
v 22462.0549 30512.0783 79.5569
v 22462.0549 30512.0783 79.5569
v 22462.0549 30512.0783 79.5569
v 22469.3845 30512.0851 79.5569
v 22469.3845 30512.0851 79.5569
v 22469.3845 30512.0851 79.5569
v 22469.3845 30512.0851 79.5569
v 22469.3854 30510.8441 79.5569
v 22469.3854 30510.8441 79.5569
v 22469.3854 30510.8441 79.5569
v 22469.3854 30510.8441 79.5569
v 22469.3854 30510.8441 79.5569
v 22469.3854 30510.8441 79.5569
v 22469.3854 30510.8441 80.9569
v 22469.3854 30510.8441 80.9569
v 22469.3854 30510.8441 80.9569
v 22469.3854 30510.8441 80.9569
v 22469.3854 30510.8441 80.9569
v 22469.3858 30510.3126 80.9569
v 22469.3858 30510.3126 80.9569
v 22469.3858 30510.3126 80.9569
v 22469.3858 30510.3126 80.9569
v 22469.3858 30510.3126 80.9569
v 22469.3858 30510.3126 80.9569
v 22470.0064 30510.3132 80.9569
v 22470.0064 30510.3132 80.9569
v 22470.0064 30510.3132 80.9569
v 22470.0064 30510.3132 80.9569
v 22470.0064 30510.3132 80.9569
v 22470.0064 30510.3132 80.9569
v 22470.0064 30510.3132 80.9569
v 22470.0063 30510.3132 89.3969
v 22470.0063 30510.3132 89.3969
v 22470.0063 30510.3132 89.3969
v 22470.0063 30510.3132 89.3969
v 22470.0060 30510.8482 80.9569
v 22470.0060 30510.8482 80.9569
v 22470.0060 30510.8482 80.9569
v 22470.0060 30510.8482 80.9569
v 22470.0060 30510.8482 80.9569
v 22470.0060 30510.8482 80.9569
v 22470.0060 30510.8482 80.9569
v 22470.0060 30510.8482 79.5569
v 22470.0060 30510.8482 79.5569
v 22470.0060 30510.8482 79.5569
v 22470.0050 30512.0857 79.5569
v 22470.0050 30512.0857 79.5569
v 22470.0050 30512.0857 79.5569
v 22470.0050 30512.0857 79.5569
v 22470.0050 30512.0857 79.5569
v 22477.4262 30512.0925 79.5570
v 22477.4262 30512.0925 79.5570
v 22477.4262 30512.0925 79.5570
v 22477.4262 30512.0925 79.5570
v 22477.4272 30510.8979 79.5570
v 22477.4272 30510.8979 79.5570
v 22477.4272 30510.8979 79.5570
v 22477.4272 30510.8979 79.5570
v 22477.4272 30510.8979 79.5570
v 22477.4272 30510.8979 79.5570
v 22477.4272 30510.8979 80.9570
v 22477.4272 30510.8979 80.9570
v 22477.4272 30510.8979 80.9570
v 22477.4272 30510.8979 80.9570
v 22477.4272 30510.8979 80.9570
v 22477.4276 30510.3247 80.9570
v 22477.4276 30510.3247 80.9570
v 22477.4276 30510.3247 80.9570
v 22477.4276 30510.3247 80.9570
v 22477.4276 30510.3247 80.9570
v 22477.4276 30510.3247 80.9570
v 22477.4276 30510.3248 89.3970
v 22477.4276 30510.3248 89.3970
v 22477.4276 30510.3248 89.3970
v 22477.4276 30510.3248 89.3970
v 22477.4276 30510.3248 89.3970
v 22478.0588 30510.3261 89.3970
v 22478.0588 30510.3261 89.3970
v 22478.0588 30510.3261 89.3970
v 22478.0588 30510.3261 89.3970
v 22478.0589 30510.9021 80.9570
v 22478.0589 30510.9021 80.9570
v 22478.0589 30510.9021 80.9570
v 22478.0589 30510.9021 80.9570
v 22478.0589 30510.9021 80.9570
v 22478.0589 30510.9021 80.9570
v 22478.0589 30510.9021 80.9570
v 22478.0589 30510.9021 80.9570
v 22478.3154 30510.9039 80.9570
v 22478.3154 30510.9039 80.9570
v 22478.3154 30510.9039 80.9570
v 22478.3154 30510.9039 80.9570
v 22478.3154 30510.9039 80.9570
v 22495.5657 30528.1670 80.9571
v 22495.5657 30528.1670 80.9571
v 22495.5657 30528.1670 80.9571
v 22495.5657 30528.1670 80.9571
v 22495.5657 30528.1670 80.9571
v 22495.5657 30528.1670 80.9571
v 22495.5657 30528.1670 80.9571
v 22495.3160 30540.5924 79.5571
v 22495.3160 30540.5924 79.5571
v 22495.3160 30540.5924 79.5571
v 22495.3160 30540.5924 79.5571
v 22495.3160 30540.5924 79.5571
v 22478.0742 30557.8889 79.5570
v 22478.0742 30557.8889 79.5570
v 22478.0742 30557.8889 79.5570
v 22478.0742 30557.8889 79.5570
v 22478.0742 30557.8889 79.5570
v 22478.0566 30540.5402 79.5570
v 22478.0566 30540.5402 79.5570
v 22478.0566 30540.5402 79.5570
v 22478.0566 30540.5402 79.5570
v 22478.0566 30540.5402 79.5570
v 22478.0748 30558.5049 88.7070
v 22478.0748 30558.5049 88.7070
v 22478.0748 30558.5049 88.7070
v 22478.0748 30558.5049 88.7070
v 22478.0748 30558.5049 88.7070
v 22478.0748 30558.5049 88.7070
v 22477.4802 30558.5061 88.7070
v 22477.4802 30558.5061 88.7070
v 22477.4802 30558.5061 88.7070
v 22477.4802 30558.5061 88.7070
v 22477.4802 30558.5061 88.7070
v 22477.4802 30558.5061 88.7070
v 22477.4775 30556.7851 88.7070
v 22477.4775 30556.7851 88.7070
v 22477.4775 30556.7851 88.7070
v 22477.4775 30556.7851 88.7070
v 22477.4775 30556.7851 88.7070
v 22470.1134 30556.7964 88.7070
v 22470.1134 30556.7964 88.7070
v 22470.1134 30556.7964 88.7070
v 22470.1134 30556.7964 88.7070
v 22470.1134 30556.7964 88.7070
v 22470.1134 30556.7964 88.7070
v 22470.1134 30556.7964 88.7070
v 22470.1134 30556.7964 88.7070
v 22470.1134 30556.7964 88.7070
v 22469.4612 30556.7975 88.7070
v 22469.4612 30556.7975 88.7070
v 22469.4612 30556.7975 88.7070
v 22469.4612 30556.7975 88.7070
v 22469.4612 30556.7975 88.7070
v 22469.4612 30556.7975 88.7070
v 22469.4612 30556.7975 88.7070
v 22462.1312 30556.8081 79.5570
v 22462.1312 30556.8081 79.5570
v 22462.1312 30556.8081 79.5570
v 22462.1312 30556.8081 79.5570
v 22462.1326 30558.0574 79.5570
v 22462.1326 30558.0574 79.5570
v 22462.1326 30558.0574 79.5570
v 22462.1326 30558.0574 79.5570
v 22462.1326 30558.0574 79.5570
v 22462.1326 30558.0574 79.5570
v 22462.1326 30558.0574 80.9570
v 22462.1326 30558.0574 80.9570
v 22462.1326 30558.0574 80.9570
v 22462.1326 30558.0574 80.9570
v 22462.1330 30558.4327 80.9570
v 22462.1330 30558.4327 80.9570
v 22462.1330 30558.4327 80.9570
v 22462.1330 30558.4327 80.9570
v 22462.1330 30558.4327 80.9570
v 22462.1330 30558.4327 80.9570
v 22462.1330 30558.4327 80.9570
v 22462.1330 30558.4326 88.7070
v 22462.1330 30558.4326 88.7070
v 22462.1330 30558.4326 88.7070
v 22462.1330 30558.4326 88.7070
v 22461.4974 30558.4335 80.9570
v 22461.4974 30558.4335 80.9570
v 22461.4974 30558.4335 80.9570
v 22461.4974 30558.4335 80.9570
v 22461.4974 30558.4335 80.9570
v 22461.4974 30558.4335 80.9570
v 22461.4970 30558.0562 80.9570
v 22461.4970 30558.0562 80.9570
v 22461.4970 30558.0562 80.9570
v 22461.4970 30558.0562 80.9570
v 22461.4970 30558.0562 80.9570
v 22461.4970 30558.0562 80.9570
v 22461.4970 30558.0562 80.9570
v 22461.4970 30558.0562 79.5570
v 22461.4970 30558.0562 79.5570
v 22461.4970 30558.0562 79.5570
v 22461.4970 30558.0562 79.5570
v 22461.4955 30556.8090 79.5570
v 22461.4955 30556.8090 79.5570
v 22461.4955 30556.8090 79.5570
v 22461.4955 30556.8090 79.5570
v 22461.4955 30556.8090 79.5570
v 22454.1195 30556.8187 79.5569
v 22454.1195 30556.8187 79.5569
v 22454.1195 30556.8187 79.5569
v 22454.1195 30556.8187 79.5569
v 22454.1195 30556.8187 79.5569
v 22454.1209 30558.0426 79.5570
v 22454.1209 30558.0426 79.5570
v 22454.1209 30558.0426 79.5570
v 22454.1209 30558.0426 79.5570
v 22454.1209 30558.0426 79.5570
v 22454.1209 30558.0426 80.9570
v 22454.1209 30558.0426 80.9570
v 22454.1209 30558.0426 80.9570
v 22454.1209 30558.0426 80.9570
v 22454.1213 30558.4676 80.9570
v 22454.1213 30558.4676 80.9570
v 22454.1213 30558.4676 80.9570
v 22454.1213 30558.4676 80.9570
v 22454.1213 30558.4676 80.9570
v 22454.1213 30558.4676 80.9570
v 22454.1213 30558.4676 80.9570
v 22453.4953 30558.4685 80.9570
v 22453.4953 30558.4685 80.9570
v 22453.4953 30558.4685 80.9570
v 22453.4953 30558.4685 80.9570
v 22453.4953 30558.4685 80.9570
v 22453.4953 30558.4685 80.9570
v 22454.1213 30558.4675 88.7070
v 22454.1213 30558.4675 88.7070
v 22454.1213 30558.4675 88.7070
v 22454.1213 30558.4675 88.7070
v 22453.4953 30558.4684 88.7070
v 22453.4953 30558.4684 88.7070
v 22453.4953 30558.4684 88.7070
v 22453.4953 30558.4684 88.7070
v 22453.4953 30558.4684 88.7070
v 22453.4953 30558.4684 88.7070
v 22453.4948 30558.0414 80.9569
v 22453.4948 30558.0414 80.9569
v 22453.4948 30558.0414 80.9569
v 22453.4948 30558.0414 80.9569
v 22453.4948 30558.0414 80.9569
v 22453.4948 30558.0414 80.9569
v 22453.4948 30558.0414 80.9569
v 22453.4935 30556.8192 79.5569
v 22453.4935 30556.8192 79.5569
v 22453.4935 30556.8192 79.5569
v 22453.4935 30556.8192 79.5569
v 22453.4935 30556.8192 79.5569
v 22453.4935 30556.8192 79.5569
v 22453.4948 30558.0414 79.5570
v 22453.4948 30558.0414 79.5570
v 22453.4948 30558.0414 79.5570
v 22446.1013 30556.8294 79.5569
v 22446.1013 30556.8294 79.5569
v 22446.1013 30556.8294 79.5569
v 22446.1013 30556.8294 79.5569
v 22446.1026 30558.0277 79.5569
v 22446.1026 30558.0277 79.5569
v 22446.1026 30558.0277 79.5569
v 22446.1026 30558.0277 79.5569
v 22446.1026 30558.0277 79.5569
v 22446.1026 30558.0277 79.5569
v 22446.1026 30558.0277 80.9569
v 22446.1026 30558.0277 80.9569
v 22446.1026 30558.0277 80.9569
v 22446.1026 30558.0277 80.9569
v 22446.1031 30558.4865 80.9570
v 22446.1031 30558.4865 80.9570
v 22446.1031 30558.4865 80.9570
v 22446.1031 30558.4865 80.9570
v 22446.1031 30558.4865 80.9570
v 22446.1031 30558.4865 80.9570
v 22446.1031 30558.4865 80.9570
v 22445.5434 30558.4873 80.9570
v 22445.5434 30558.4873 80.9570
v 22445.5434 30558.4873 80.9570
v 22445.5434 30558.4873 80.9570
v 22445.5434 30558.4873 80.9570
v 22445.5434 30558.4873 80.9570
v 22446.1031 30558.4864 88.7070
v 22446.1031 30558.4864 88.7070
v 22446.1031 30558.4864 88.7070
v 22446.1031 30558.4864 88.7070
v 22445.5434 30558.4872 88.7070
v 22445.5434 30558.4872 88.7070
v 22445.5434 30558.4872 88.7070
v 22445.5434 30558.4872 88.7070
v 22445.5434 30558.4872 88.7070
v 22445.5434 30558.4872 88.7070
v 22445.5429 30558.0267 80.9569
v 22445.5429 30558.0267 80.9569
v 22445.5429 30558.0267 80.9569
v 22445.5429 30558.0267 80.9569
v 22445.5429 30558.0267 80.9569
v 22445.5429 30558.0267 80.9569
v 22445.5429 30558.0267 80.9569
v 22445.5416 30556.8313 79.5569
v 22445.5416 30556.8313 79.5569
v 22445.5416 30556.8313 79.5569
v 22445.5416 30556.8313 79.5569
v 22445.5416 30556.8313 79.5569
v 22445.5416 30556.8313 79.5569
v 22445.5429 30558.0267 79.5569
v 22445.5429 30558.0267 79.5569
v 22445.5429 30558.0267 79.5569
v 22438.0966 30556.8416 79.5569
v 22438.0966 30556.8416 79.5569
v 22438.0966 30556.8416 79.5569
v 22438.0966 30556.8416 79.5569
v 22438.0979 30558.0129 79.5570
v 22438.0979 30558.0129 79.5570
v 22438.0979 30558.0129 79.5570
v 22438.0979 30558.0129 79.5570
v 22438.0979 30558.0129 79.5570
v 22438.0979 30558.0129 79.5570
v 22438.0979 30558.0129 80.9570
v 22438.0979 30558.0129 80.9570
v 22438.0979 30558.0129 80.9570
v 22438.0979 30558.0129 80.9570
v 22438.0985 30558.5040 80.9570
v 22438.0985 30558.5040 80.9570
v 22438.0985 30558.5040 80.9570
v 22438.0985 30558.5040 80.9570
v 22438.0985 30558.5040 80.9570
v 22438.0985 30558.5040 80.9570
v 22438.0985 30558.5040 80.9570
v 22438.0985 30558.5039 88.7070
v 22438.0985 30558.5039 88.7070
v 22438.0985 30558.5039 88.7070
v 22438.0985 30558.5039 88.7070
v 22437.4930 30558.5048 80.9570
v 22437.4930 30558.5048 80.9570
v 22437.4930 30558.5048 80.9570
v 22437.4930 30558.5048 80.9570
v 22437.4930 30558.5048 80.9570
v 22437.4930 30558.5048 80.9570
v 22478.3123 30559.1373 80.9570
v 22478.3123 30559.1373 80.9570
v 22478.3123 30559.1373 80.9570
v 22478.3123 30559.1373 80.9570
v 22478.3123 30559.1373 80.9570
v 22478.3123 30559.1373 80.9570
v 22478.3123 30559.1373 80.9570
v 22478.3123 30559.1373 80.9570
v 22478.3123 30559.1373 80.9570
v 22478.3123 30559.1373 80.9570
v 22478.3123 30559.1373 80.9570
v 22478.3123 30559.1373 80.9570
v 22478.3123 30559.1373 80.9570
v 22478.3123 30559.1373 80.9570
v 22478.3123 30559.1373 80.9570
v 22478.3123 30559.1373 80.9570
v 22478.3123 30559.1373 80.9570
v 22478.3123 30559.1373 80.9570
v 22478.3123 30559.1373 80.9570
v 22478.3123 30559.1373 80.9570
v 22478.3123 30559.1373 80.9570
v 22478.3123 30559.1373 80.9570
v 22421.5463 30559.0323 80.9570
v 22421.5463 30559.0323 80.9570
v 22421.5463 30559.0323 80.9570
v 22421.5463 30559.0323 80.9570
v 22421.5463 30559.0323 80.9570
v 22421.3247 30559.0319 80.9570
v 22421.3247 30559.0319 80.9570
v 22421.3247 30559.0319 80.9570
v 22421.3247 30559.0319 80.9570
v 22421.3247 30559.0319 80.9570
v 22421.3247 30559.0319 80.9570
v 22421.3247 30559.0319 80.9570
v 22421.3247 30559.0319 80.9570
v 22421.3247 30559.0319 80.9570
v 22421.3247 30559.0319 80.9570
v 22421.3247 30559.0319 80.9570
v 22421.3247 30559.0319 80.9570
v 22421.3247 30559.0319 80.9570
v 22421.3247 30559.0319 80.9570
v 22421.3247 30559.0319 80.9570
v 22421.3247 30559.0319 80.9570
v 22421.3247 30559.0319 80.9570
v 22421.3247 30559.0319 80.9570
v 22404.2425 30540.4261 80.9570
v 22404.2425 30540.4261 80.9570
v 22404.2425 30540.4261 80.9570
v 22404.2425 30540.4261 80.9570
v 22404.2425 30540.4261 80.9570
v 22404.2425 30540.4261 80.9570
v 22404.2425 30540.4261 80.9570
v 22404.1948 30528.1311 79.5570
v 22404.1948 30528.1311 79.5570
v 22404.1948 30528.1311 79.5570
v 22404.1948 30528.1311 79.5570
v 22404.2116 30532.4675 79.5570
v 22404.2116 30532.4675 79.5570
v 22404.2116 30532.4675 79.5570
v 22404.2116 30532.4675 79.5570
v 22404.2116 30532.4675 79.5570
v 22404.2425 30540.4261 79.5570
v 22404.2425 30540.4261 79.5570
v 22404.2425 30540.4261 79.5570
v 22404.2425 30540.4261 79.5570
v 22404.2425 30540.4261 79.5570
v 22404.2425 30540.4261 79.5570
v 22404.2425 30540.4261 79.5570
v 22409.7245 30540.4386 79.5570
v 22409.7245 30540.4386 79.5570
v 22409.7245 30540.4386 79.5570
v 22409.7245 30540.4386 79.5570
v 22409.7245 30540.4386 79.5570
v 22409.7245 30540.4386 79.5570
v 22409.7245 30540.4386 79.5570
v 22409.7245 30540.4386 79.5570
v 22409.7245 30540.4386 79.5570
v 22409.7443 30532.4797 79.5570
v 22409.7443 30532.4797 79.5570
v 22409.7443 30532.4797 79.5570
v 22409.7443 30532.4797 79.5570
v 22409.7523 30529.2716 79.5570
v 22409.7523 30529.2716 79.5570
v 22409.7523 30529.2716 79.5570
v 22409.7523 30529.2716 79.5570
v 22409.7523 30529.2716 82.0120
v 22409.7523 30529.2716 82.0120
v 22409.7523 30529.2716 82.0120
v 22409.7523 30529.2716 82.0120
v 22409.7523 30529.2716 82.0120
v 22409.7523 30529.2716 82.0120
v 22409.7545 30528.3900 82.0120
v 22409.7545 30528.3900 82.0120
v 22409.7545 30528.3900 82.0120
v 22409.7545 30528.3900 82.0120
v 22409.7545 30528.3900 82.0120
v 22409.7545 30528.3900 82.0120
v 22410.2291 30528.3911 82.0120
v 22410.2291 30528.3911 82.0120
v 22410.2291 30528.3911 82.0120
v 22410.2291 30528.3911 82.0120
v 22410.2291 30528.3911 82.0120
v 22410.2291 30528.3911 79.5570
v 22410.2291 30528.3911 79.5570
v 22410.2291 30528.3911 79.5570
v 22410.2291 30528.3911 79.5570
v 22410.2291 30528.3911 79.5570
v 22410.2291 30528.3911 79.5570
v 22410.2291 30528.3911 79.5570
v 22421.3560 30510.7635 79.5569
v 22421.3560 30510.7635 79.5569
v 22421.3560 30510.7635 79.5569
v 22421.3560 30510.7635 79.5569
v 22421.3560 30510.7635 79.5569
v 22421.3560 30510.7635 79.5569
v 22421.3560 30510.7635 79.5569
v 22421.3560 30510.7635 79.5569
v 22421.3560 30510.7635 79.5569
v 22421.3560 30510.7635 79.5569
v 22421.3206 30528.1689 79.5569
v 22421.3206 30528.1689 79.5569
v 22421.3206 30528.1689 79.5569
v 22421.3206 30528.1689 79.5569
v 22421.3560 30510.7635 80.9569
v 22421.3560 30510.7635 80.9569
v 22421.3560 30510.7635 80.9569
v 22421.3560 30510.7635 80.9569
v 22421.3560 30510.7635 80.9569
v 22421.3560 30510.7635 80.9569
v 22421.3560 30510.7635 80.9569
v 22421.3570 30510.2946 89.3969
v 22421.3570 30510.2946 89.3969
v 22421.3570 30510.2946 89.3969
v 22421.3570 30510.2946 89.3969
v 22421.3570 30510.2946 89.3969
v 22421.3570 30510.2946 89.3969
v 22422.0202 30512.0332 89.3969
v 22422.0202 30512.0332 89.3969
v 22422.0202 30512.0332 89.3969
v 22422.0202 30512.0332 89.3969
v 22422.0202 30512.0332 89.3969
v 22422.0202 30512.0332 89.3969
v 22422.0202 30512.0332 89.3969
v 22422.0202 30512.0332 89.3969
v 22429.4226 30512.0395 89.3969
v 22429.4226 30512.0395 89.3969
v 22429.4226 30512.0395 89.3969
v 22429.4226 30512.0395 89.3969
v 22429.4226 30512.0395 89.3969
v 22429.4226 30512.0395 89.3969
v 22429.4226 30512.0395 89.3969
v 22429.4229 30510.3167 89.3969
v 22429.4229 30510.3167 89.3969
v 22429.4229 30510.3167 89.3969
v 22429.4229 30510.3167 89.3969
v 22429.4229 30510.3167 89.3969
v 22429.4229 30510.3167 89.3969
v 22430.0561 30510.3167 89.3969
v 22430.0561 30510.3167 89.3969
v 22430.0561 30510.3167 89.3969
v 22430.0561 30510.3167 89.3969
v 22430.0561 30510.3167 89.3969
v 22430.0559 30512.0395 89.3969
v 22430.0559 30512.0395 89.3969
v 22430.0559 30512.0395 89.3969
v 22430.0559 30512.0395 89.3969
v 22430.0559 30512.0395 89.3969
v 22430.0559 30512.0395 89.3969
v 22430.0559 30512.0395 89.3969
v 22437.3575 30512.0541 89.3969
v 22437.3575 30512.0541 89.3969
v 22437.3575 30512.0541 89.3969
v 22437.3575 30512.0541 89.3969
v 22437.3575 30512.0541 89.3969
v 22437.3575 30512.0541 89.3969
v 22437.3575 30512.0541 89.3969
v 22437.3575 30512.0541 89.3969
v 22438.0309 30512.0549 89.3969
v 22438.0309 30512.0549 89.3969
v 22438.0309 30512.0549 89.3969
v 22438.0309 30512.0549 89.3969
v 22438.0309 30512.0549 89.3969
v 22438.0309 30512.0549 89.3969
v 22438.0309 30512.0549 89.3969
v 22438.0309 30512.0549 89.3969
v 22445.3958 30512.0620 89.3969
v 22445.3958 30512.0620 89.3969
v 22445.3958 30512.0620 89.3969
v 22445.3958 30512.0620 89.3969
v 22445.3958 30512.0620 89.3969
v 22445.3958 30512.0620 89.3969
v 22445.3958 30512.0620 89.3969
v 22445.3958 30512.0620 89.3969
v 22446.0318 30512.0629 89.3969
v 22446.0318 30512.0629 89.3969
v 22446.0318 30512.0629 89.3969
v 22446.0318 30512.0629 89.3969
v 22446.0318 30512.0629 89.3969
v 22446.0318 30512.0629 89.3969
v 22446.0318 30512.0629 89.3969
v 22446.0318 30512.0629 89.3969
v 22453.4165 30512.0700 89.3969
v 22453.4165 30512.0700 89.3969
v 22453.4165 30512.0700 89.3969
v 22453.4165 30512.0700 89.3969
v 22453.4165 30512.0700 89.3969
v 22453.4165 30512.0700 89.3969
v 22453.4165 30512.0700 89.3969
v 22453.4165 30512.0700 89.3969
v 22454.0448 30512.0707 89.3969
v 22454.0448 30512.0707 89.3969
v 22454.0448 30512.0707 89.3969
v 22454.0448 30512.0707 89.3969
v 22454.0448 30512.0707 89.3969
v 22454.0448 30512.0707 89.3969
v 22454.0448 30512.0707 89.3969
v 22454.0448 30512.0707 89.3969
v 22461.4189 30512.0777 89.3969
v 22461.4189 30512.0777 89.3969
v 22461.4189 30512.0777 89.3969
v 22461.4189 30512.0777 89.3969
v 22461.4189 30512.0777 89.3969
v 22461.4189 30512.0777 89.3969
v 22461.4189 30512.0777 89.3969
v 22461.4189 30512.0777 89.3969
v 22462.0549 30512.0783 89.3969
v 22462.0549 30512.0783 89.3969
v 22462.0549 30512.0783 89.3969
v 22462.0549 30512.0783 89.3969
v 22462.0549 30512.0783 89.3969
v 22462.0549 30512.0783 89.3969
v 22462.0549 30512.0783 89.3969
v 22462.0549 30512.0783 89.3969
v 22469.3844 30512.0851 89.3969
v 22469.3844 30512.0851 89.3969
v 22469.3844 30512.0851 89.3969
v 22469.3844 30512.0851 89.3969
v 22469.3844 30512.0851 89.3969
v 22469.3844 30512.0851 89.3969
v 22469.3844 30512.0851 89.3969
v 22469.3858 30510.3126 89.3969
v 22469.3858 30510.3126 89.3969
v 22469.3858 30510.3126 89.3969
v 22469.3858 30510.3126 89.3969
v 22469.3858 30510.3126 89.3969
v 22469.3858 30510.3126 89.3969
v 22470.0050 30512.0857 89.3969
v 22470.0050 30512.0857 89.3969
v 22470.0050 30512.0857 89.3969
v 22470.0050 30512.0857 89.3969
v 22470.0050 30512.0857 89.3969
v 22470.0050 30512.0857 89.3969
v 22470.0050 30512.0857 89.3969
v 22477.4261 30512.0925 89.3970
v 22477.4261 30512.0925 89.3970
v 22477.4261 30512.0925 89.3970
v 22477.4261 30512.0925 89.3970
v 22477.4261 30512.0925 89.3970
v 22477.4261 30512.0925 89.3970
v 22477.4261 30512.0925 89.3970
v 22477.4261 30512.0925 89.3970
v 22478.0590 30528.2723 89.3970
v 22478.0590 30528.2723 89.3970
v 22478.0590 30528.2723 89.3970
v 22478.0590 30528.2723 89.3970
v 22478.0590 30528.2723 89.3970
v 22478.0590 30528.2723 89.3970
v 22478.0590 30528.2723 89.3970
v 22478.0590 30528.2723 79.5569
v 22478.0590 30528.2723 79.5569
v 22478.0590 30528.2723 79.5569
v 22478.0590 30528.2723 79.5569
v 22478.0590 30528.2723 79.5569
v 22478.0590 30528.2723 79.5569
v 22478.0590 30528.2723 79.5569
v 22478.0589 30510.9021 79.5570
v 22478.0589 30510.9021 79.5570
v 22478.0589 30510.9021 79.5570
v 22478.3154 30510.9039 79.5570
v 22478.3154 30510.9039 79.5570
v 22478.3154 30510.9039 79.5570
v 22478.3154 30510.9039 79.5570
v 22478.3154 30510.9039 79.5570
v 22478.3154 30510.9039 79.5570
v 22495.5657 30528.1670 79.5571
v 22495.5657 30528.1670 79.5571
v 22495.5657 30528.1670 79.5571
v 22495.5657 30528.1670 79.5571
v 22495.5657 30528.1670 79.5571
v 22495.5657 30528.1670 79.5571
v 22481.6051 30540.5701 79.5570
v 22481.6051 30540.5701 79.5570
v 22481.6051 30540.5701 79.5570
v 22481.6051 30540.5701 79.5570
v 22481.6051 30540.5701 79.5570
v 22481.6051 30540.5701 79.5570
v 22481.6051 30540.5701 79.5570
v 22481.6051 30540.5701 79.5570
v 22481.5983 30538.1785 90.1920
v 22481.5983 30538.1785 90.1920
v 22481.5983 30538.1785 90.1920
v 22481.5983 30538.1785 90.1920
v 22478.0566 30540.5402 88.7070
v 22478.0566 30540.5402 88.7070
v 22478.0566 30540.5402 88.7070
v 22478.0566 30540.5402 88.7070
v 22478.0566 30540.5402 88.7070
v 22478.0566 30540.5402 88.7070
v 22478.0566 30540.5402 88.7070
v 22478.0566 30540.5402 88.7070
v 22478.0566 30540.5402 88.7070
v 22478.0566 30540.5402 88.7070
v 22464.7472 30540.4284 88.7069
v 22464.7472 30540.4284 88.7069
v 22464.7472 30540.4284 88.7069
v 22464.7472 30540.4284 88.7069
v 22464.7472 30540.4284 88.7069
v 22462.1312 30556.8077 88.7070
v 22462.1312 30556.8077 88.7070
v 22462.1312 30556.8077 88.7070
v 22462.1312 30556.8077 88.7070
v 22462.1312 30556.8077 88.7070
v 22462.1312 30556.8077 88.7070
v 22462.1312 30556.8077 88.7070
v 22462.1312 30556.8077 88.7070
v 22462.1312 30556.8077 88.7070
v 22461.4974 30558.4335 88.7070
v 22461.4974 30558.4335 88.7070
v 22461.4974 30558.4335 88.7070
v 22461.4974 30558.4335 88.7070
v 22461.4974 30558.4335 88.7070
v 22461.4974 30558.4335 88.7070
v 22461.4974 30558.4335 88.7070
v 22461.4955 30556.8085 88.7070
v 22461.4955 30556.8085 88.7070
v 22461.4955 30556.8085 88.7070
v 22461.4955 30556.8085 88.7070
v 22461.4955 30556.8085 88.7070
v 22454.1195 30556.8183 88.7069
v 22454.1195 30556.8183 88.7069
v 22454.1195 30556.8183 88.7069
v 22454.1195 30556.8183 88.7069
v 22454.1195 30556.8183 88.7069
v 22454.1195 30556.8183 88.7069
v 22454.1195 30556.8183 88.7069
v 22454.1195 30556.8183 88.7069
v 22454.1195 30556.8183 88.7069
v 22453.4935 30556.8192 88.7069
v 22453.4935 30556.8192 88.7069
v 22453.4935 30556.8192 88.7069
v 22453.4935 30556.8192 88.7069
v 22453.4935 30556.8192 88.7069
v 22453.4935 30556.8192 88.7069
v 22446.1013 30556.8294 88.7069
v 22446.1013 30556.8294 88.7069
v 22446.1013 30556.8294 88.7069
v 22446.1013 30556.8294 88.7069
v 22446.1013 30556.8294 88.7069
v 22446.1013 30556.8294 88.7069
v 22446.1013 30556.8294 88.7069
v 22446.1013 30556.8294 88.7069
v 22446.1013 30556.8294 88.7069
v 22445.5416 30556.8312 88.7069
v 22445.5416 30556.8312 88.7069
v 22445.5416 30556.8312 88.7069
v 22445.5416 30556.8312 88.7069
v 22445.5416 30556.8312 88.7069
v 22445.5416 30556.8312 88.7069
v 22438.0967 30556.8416 88.7069
v 22438.0967 30556.8416 88.7069
v 22438.0967 30556.8416 88.7069
v 22438.0967 30556.8416 88.7069
v 22438.0967 30556.8416 88.7069
v 22438.0967 30556.8416 88.7069
v 22438.0967 30556.8416 88.7069
v 22438.0967 30556.8416 88.7069
v 22438.0967 30556.8416 88.7069
v 22437.4930 30558.5048 88.7070
v 22437.4930 30558.5048 88.7070
v 22437.4930 30558.5048 88.7070
v 22437.4930 30558.5048 88.7070
v 22437.4930 30558.5048 88.7070
v 22437.4930 30558.5048 88.7070
v 22437.4924 30558.0118 80.9570
v 22437.4924 30558.0118 80.9570
v 22437.4924 30558.0118 80.9570
v 22437.4924 30558.0118 80.9570
v 22437.4924 30558.0118 80.9570
v 22437.4924 30558.0118 80.9570
v 22437.4924 30558.0118 80.9570
v 22437.4912 30556.8450 79.5569
v 22437.4912 30556.8450 79.5569
v 22437.4912 30556.8450 79.5569
v 22437.4912 30556.8450 79.5569
v 22437.4912 30556.8450 79.5569
v 22437.4912 30556.8450 79.5569
v 22437.4924 30558.0118 79.5570
v 22437.4924 30558.0118 79.5570
v 22437.4924 30558.0118 79.5570
v 22430.1094 30556.8551 79.5570
v 22430.1094 30556.8551 79.5570
v 22430.1094 30556.8551 79.5570
v 22430.1094 30556.8551 79.5570
v 22430.1107 30557.9982 79.5570
v 22430.1107 30557.9982 79.5570
v 22430.1107 30557.9982 79.5570
v 22430.1107 30557.9982 79.5570
v 22430.1107 30557.9982 79.5570
v 22430.1107 30557.9982 79.5570
v 22430.1107 30557.9981 80.9570
v 22430.1107 30557.9981 80.9570
v 22430.1107 30557.9981 80.9570
v 22430.1107 30557.9981 80.9570
v 22430.1112 30558.4758 80.9570
v 22430.1112 30558.4758 80.9570
v 22430.1112 30558.4758 80.9570
v 22430.1112 30558.4758 80.9570
v 22430.1112 30558.4758 80.9570
v 22430.1112 30558.4758 80.9570
v 22430.1112 30558.4758 80.9570
v 22430.1112 30558.4758 88.7070
v 22430.1112 30558.4758 88.7070
v 22430.1112 30558.4758 88.7070
v 22430.1112 30558.4758 88.7070
v 22429.5212 30558.4766 80.9570
v 22429.5212 30558.4766 80.9570
v 22429.5212 30558.4766 80.9570
v 22429.5212 30558.4766 80.9570
v 22429.5212 30558.4766 80.9570
v 22429.5212 30558.4766 80.9570
v 22429.5207 30557.9971 80.9570
v 22429.5207 30557.9971 80.9570
v 22429.5207 30557.9971 80.9570
v 22429.5207 30557.9971 80.9570
v 22429.5207 30557.9971 80.9570
v 22429.5207 30557.9971 80.9570
v 22429.5207 30557.9971 80.9570
v 22429.5207 30557.9971 79.5570
v 22429.5207 30557.9971 79.5570
v 22429.5207 30557.9971 79.5570
v 22429.5207 30557.9971 79.5570
v 22429.5195 30556.8581 79.5570
v 22429.5195 30556.8581 79.5570
v 22429.5195 30556.8581 79.5570
v 22429.5195 30556.8581 79.5570
v 22429.5195 30556.8581 79.5570
v 22422.1279 30556.8682 79.5570
v 22422.1279 30556.8682 79.5570
v 22422.1279 30556.8682 79.5570
v 22422.1279 30556.8682 79.5570
v 22422.1279 30556.8682 79.5570
v 22422.1291 30557.9834 79.5570
v 22422.1291 30557.9834 79.5570
v 22422.1291 30557.9834 79.5570
v 22422.1291 30557.9834 79.5570
v 22422.1291 30557.9834 79.5570
v 22422.1291 30557.9834 80.9570
v 22422.1291 30557.9834 80.9570
v 22422.1291 30557.9834 80.9570
v 22422.1291 30557.9834 80.9570
v 22422.1297 30558.5279 80.9570
v 22422.1297 30558.5279 80.9570
v 22422.1297 30558.5279 80.9570
v 22422.1297 30558.5279 80.9570
v 22422.1297 30558.5279 80.9570
v 22422.1297 30558.5279 80.9570
v 22422.1297 30558.5279 80.9570
v 22422.1297 30558.5279 80.9570
v 22422.1298 30558.5278 88.7070
v 22422.1298 30558.5278 88.7070
v 22422.1298 30558.5278 88.7070
v 22422.1298 30558.5278 88.7070
v 22421.5456 30558.5287 80.9570
v 22421.5456 30558.5287 80.9570
v 22421.5456 30558.5287 80.9570
v 22421.5456 30558.5287 80.9570
v 22421.5456 30558.5287 80.9570
v 22421.5456 30558.5287 80.9570
v 22421.5445 30557.7657 80.9570
v 22421.5445 30557.7657 80.9570
v 22421.5445 30557.7657 80.9570
v 22421.5445 30557.7657 80.9570
v 22421.5445 30557.7657 80.9570
v 22421.5445 30557.7657 80.9570
v 22421.5445 30557.7657 80.9570
v 22421.5445 30557.7657 79.5570
v 22421.5445 30557.7657 79.5570
v 22421.5445 30557.7657 79.5570
v 22421.5445 30557.7657 79.5570
v 22421.5445 30557.7657 79.5570
v 22421.5445 30557.7657 79.5570
v 22418.0772 30540.4593 79.5569
v 22418.0772 30540.4593 79.5569
v 22418.0772 30540.4593 79.5569
v 22418.0772 30540.4593 79.5569
v 22418.0772 30540.4593 84.8419
v 22418.0772 30540.4593 84.8419
v 22418.0772 30540.4593 84.8419
v 22418.0772 30540.4593 84.8419
v 22418.0772 30540.4593 84.8419
v 22418.0772 30540.4593 84.8419
v 22409.7245 30540.4386 84.8420
v 22409.7245 30540.4386 84.8420
v 22409.7245 30540.4386 84.8420
v 22409.7245 30540.4386 84.8420
v 22409.7245 30540.4386 84.8420
v 22409.7245 30540.4386 84.8420
v 22409.7245 30540.4386 84.8420
v 22409.7245 30540.4386 84.8420
v 22409.7545 30528.3900 84.8420
v 22409.7545 30528.3900 84.8420
v 22409.7545 30528.3900 84.8420
v 22409.7545 30528.3900 84.8420
v 22417.9195 30528.4102 84.8419
v 22417.9195 30528.4102 84.8419
v 22417.9195 30528.4102 84.8419
v 22417.9195 30528.4102 84.8419
v 22417.9195 30528.4102 84.8419
v 22417.9195 30528.4102 84.8419
v 22417.9195 30528.4102 84.8419
v 22417.9194 30528.4102 79.5569
v 22417.9194 30528.4102 79.5569
v 22417.9194 30528.4102 79.5569
v 22417.9194 30528.4102 79.5569
v 22417.9217 30528.1827 79.5569
v 22417.9217 30528.1827 79.5569
v 22417.9217 30528.1827 79.5569
v 22417.9217 30528.1827 79.5569
v 22417.9217 30528.1827 79.5569
v 22417.9217 30528.1827 79.5569
v 22421.3206 30528.1689 89.3969
v 22421.3206 30528.1689 89.3969
v 22421.3206 30528.1689 89.3969
v 22421.3206 30528.1689 89.3969
v 22421.3206 30528.1689 89.3969
v 22421.3206 30528.1689 89.3969
v 22421.3206 30528.1689 89.3969
v 22421.3206 30528.1689 89.3969
v 22429.4867 30528.1357 89.3969
v 22429.4867 30528.1357 89.3969
v 22429.4867 30528.1357 89.3969
v 22429.4867 30528.1357 89.3969
v 22429.4867 30528.1357 89.3969
v 22429.4867 30528.1357 89.3969
v 22429.5121 30513.6896 89.3969
v 22429.5121 30513.6896 89.3969
v 22429.5121 30513.6896 89.3969
v 22429.5121 30513.6896 89.3969
v 22429.5121 30513.6896 89.3969
v 22429.5121 30513.6896 89.3969
v 22429.5121 30513.6896 89.3969
v 22470.0175 30513.7609 89.3969
v 22470.0175 30513.7609 89.3969
v 22470.0175 30513.7609 89.3969
v 22470.0175 30513.7609 89.3969
v 22470.0175 30513.7609 89.3969
v 22470.0175 30513.7609 89.3969
v 22470.0175 30513.7609 89.3969
v 22470.0175 30513.7609 89.3969
v 22470.0175 30513.7609 89.3969
v 22470.0175 30513.7609 89.3969
v 22470.0175 30513.7609 89.3969
v 22470.0175 30513.7609 89.3969
v 22470.0175 30513.7609 89.3969
v 22470.0175 30513.7609 89.3969
v 22470.0175 30513.7609 89.3969
v 22470.0175 30513.7609 89.3969
v 22470.0175 30513.7609 89.3969
v 22470.0175 30513.7609 89.3969
v 22470.0175 30513.7609 89.3969
v 22469.9907 30528.2914 89.3969
v 22469.9907 30528.2914 89.3969
v 22469.9907 30528.2914 89.3969
v 22469.9907 30528.2914 89.3969
v 22469.9907 30528.2914 89.3969
v 22469.9908 30528.2914 79.5569
v 22469.9908 30528.2914 79.5569
v 22469.9908 30528.2914 79.5569
v 22469.9908 30528.2914 79.5569
v 22469.9908 30528.2914 79.5569
v 22469.9906 30528.4004 79.5569
v 22469.9906 30528.4004 79.5569
v 22469.9906 30528.4004 79.5569
v 22481.5706 30528.3681 79.5570
v 22481.5706 30528.3681 79.5570
v 22481.5706 30528.3681 79.5570
v 22481.5706 30528.3681 79.5570
v 22481.5706 30528.3681 79.5570
v 22481.5706 30528.3681 79.5570
v 22481.5706 30528.3681 79.5570
v 22481.5706 30528.3681 79.5570
v 22481.5706 30528.3681 79.5570
v 22481.5706 30528.3681 90.1920
v 22481.5706 30528.3681 90.1920
v 22481.5706 30528.3681 90.1920
v 22481.5706 30528.3681 90.1920
v 22481.5706 30528.3681 90.1920
v 22481.5706 30528.3681 90.1920
v 22481.5706 30528.3681 90.1920
v 22481.5706 30528.3681 90.1920
v 22481.5706 30528.3681 90.1920
v 22481.5706 30528.3681 90.1920
v 22481.5706 30528.3681 90.1920
v 22481.5706 30528.3681 90.1920
v 22481.5706 30528.3681 90.1920
v 22481.5706 30528.3681 90.1920
v 22481.5706 30528.3681 90.1920
v 22481.5706 30528.3681 90.1920
v 22481.5706 30528.3681 90.1920
v 22481.5706 30528.3681 90.1920
v 22467.6068 30530.7299 90.1919
v 22467.6068 30530.7299 90.1919
v 22467.6068 30530.7299 90.1919
v 22467.6068 30530.7299 90.1919
v 22467.6068 30530.7299 90.1919
v 22467.6068 30530.7299 90.1919
v 22467.6068 30530.7299 90.1919
v 22464.9935 30533.9392 90.1919
v 22464.9935 30533.9392 90.1919
v 22464.9935 30533.9392 90.1919
v 22464.9935 30533.9392 90.1919
v 22464.9935 30533.9392 90.1919
v 22464.9935 30533.9392 90.1919
v 22464.9935 30533.9392 90.1919
v 22464.9935 30533.9392 90.1919
v 22464.7472 30540.4284 90.1919
v 22464.7472 30540.4284 90.1919
v 22464.7472 30540.4284 90.1919
v 22464.7472 30540.4284 90.1919
v 22464.7472 30540.4284 90.1919
v 22464.7472 30540.4284 90.1919
v 22464.7472 30540.4284 90.1919
v 22464.7472 30540.4284 90.1919
v 22464.7472 30540.4284 90.1919
v 22464.7440 30540.0899 79.5569
v 22464.7440 30540.0899 79.5569
v 22464.7440 30540.0899 79.5569
v 22464.7440 30540.0899 79.5569
v 22434.5466 30540.0691 79.5569
v 22434.5466 30540.0691 79.5569
v 22434.5466 30540.0691 79.5569
v 22434.5466 30540.0691 79.5569
v 22434.5466 30540.0691 79.5569
v 22434.5466 30540.0691 79.5569
v 22434.5517 30540.3200 79.5569
v 22434.5517 30540.3200 79.5569
v 22434.5517 30540.3200 79.5569
v 22464.7459 30540.2866 79.5569
v 22464.7459 30540.2866 79.5569
v 22464.7459 30540.2866 79.5569
v 22464.7459 30540.2866 79.5569
v 22464.7459 30540.2866 79.5569
v 22464.7458 30540.2866 88.7069
v 22464.7458 30540.2866 88.7069
v 22464.7458 30540.2866 88.7069
v 22464.7458 30540.2866 88.7069
v 22464.7458 30540.2866 88.7069
v 22464.7458 30540.2866 88.7069
v 22464.7458 30540.2866 88.7069
v 22464.7458 30540.2866 88.7069
v 22464.7458 30540.2866 88.7069
v 22464.7458 30540.2866 88.7069
v 22464.7458 30540.2866 88.7069
v 22464.7458 30540.2866 88.7069
v 22464.7458 30540.2866 88.7069
v 22464.7458 30540.2866 88.7069
v 22464.7458 30540.2866 88.7069
v 22464.7458 30540.2866 88.7069
v 22437.4912 30556.8449 88.7069
v 22437.4912 30556.8449 88.7069
v 22437.4912 30556.8449 88.7069
v 22437.4912 30556.8449 88.7069
v 22437.4912 30556.8449 88.7069
v 22437.4912 30556.8449 88.7069
v 22437.4912 30556.8449 88.7069
v 22430.1094 30556.8551 88.7070
v 22430.1094 30556.8551 88.7070
v 22430.1094 30556.8551 88.7070
v 22430.1094 30556.8551 88.7070
v 22430.1094 30556.8551 88.7070
v 22430.1094 30556.8551 88.7070
v 22430.1094 30556.8551 88.7070
v 22430.1094 30556.8551 88.7070
v 22429.5213 30558.4766 88.7070
v 22429.5213 30558.4766 88.7070
v 22429.5213 30558.4766 88.7070
v 22429.5213 30558.4766 88.7070
v 22429.5213 30558.4766 88.7070
v 22429.5213 30558.4766 88.7070
v 22429.5213 30558.4766 88.7070
v 22429.5195 30556.8580 88.7070
v 22429.5195 30556.8580 88.7070
v 22429.5195 30556.8580 88.7070
v 22429.5195 30556.8580 88.7070
v 22429.5195 30556.8580 88.7070
v 22422.1279 30556.8681 88.7070
v 22422.1279 30556.8681 88.7070
v 22422.1279 30556.8681 88.7070
v 22422.1279 30556.8681 88.7070
v 22422.1279 30556.8681 88.7070
v 22422.1279 30556.8681 88.7070
v 22422.1279 30556.8681 88.7070
v 22422.1279 30556.8681 88.7070
v 22422.1279 30556.8681 88.7070
v 22421.5456 30558.5286 88.7070
v 22421.5456 30558.5286 88.7070
v 22421.5456 30558.5286 88.7070
v 22421.5456 30558.5286 88.7070
v 22421.5456 30558.5286 88.7070
v 22421.5456 30558.5286 88.7070
v 22421.5203 30540.4234 79.5569
v 22421.5203 30540.4234 79.5569
v 22421.5203 30540.4234 79.5569
v 22421.5203 30540.4234 79.5569
v 22421.5203 30540.4234 79.5569
v 22418.0773 30540.4373 79.5569
v 22418.0773 30540.4373 79.5569
v 22418.0773 30540.4373 79.5569
v 22418.0773 30540.4373 79.5569
v 22418.0773 30540.4373 79.5569
v 22418.0773 30540.4373 79.5569
v 22418.0773 30540.4373 84.8419
v 22418.0773 30540.4373 84.8419
v 22418.0773 30540.4373 84.8419
v 22418.0773 30540.4373 84.8419
v 22417.8020 30540.4384 84.8419
v 22417.8020 30540.4384 84.8419
v 22417.8020 30540.4384 84.8419
v 22417.8020 30540.4384 84.8419
v 22417.8020 30540.4384 84.8419
v 22417.8020 30540.4384 84.8419
v 22417.8020 30540.4384 84.8419
v 22417.8020 30540.4384 84.8419
v 22429.4867 30528.1357 89.9019
v 22429.4867 30528.1357 89.9019
v 22429.4867 30528.1357 89.9019
v 22429.4867 30528.1357 89.9019
v 22429.4867 30528.1357 89.9019
v 22429.4867 30528.1357 89.9019
v 22429.4867 30528.1357 89.9019
v 22429.5121 30513.6896 89.9019
v 22429.5121 30513.6896 89.9019
v 22429.5121 30513.6896 89.9019
v 22429.5121 30513.6896 89.9019
v 22429.5121 30513.6896 89.9019
v 22470.0175 30513.7609 89.9019
v 22470.0175 30513.7609 89.9019
v 22470.0175 30513.7609 89.9019
v 22470.0175 30513.7609 89.9019
v 22470.0175 30513.7609 89.9019
v 22470.0175 30513.7609 89.9019
v 22469.9905 30528.4004 89.9019
v 22469.9905 30528.4004 89.9019
v 22469.9905 30528.4004 89.9019
v 22469.9905 30528.4004 89.9019
v 22469.9905 30528.4004 89.9019
v 22469.9905 30528.4004 89.9019
v 22469.9905 30528.4004 89.9019
v 22469.9905 30528.4004 89.9019
v 22469.9905 30528.4004 89.9019
v 22464.6319 30528.4153 90.1919
v 22464.6319 30528.4153 90.1919
v 22464.6319 30528.4153 90.1919
v 22464.6319 30528.4153 90.1919
v 22464.6319 30528.4153 90.1919
v 22464.6319 30528.4153 90.1919
v 22464.6319 30528.4153 90.1919
v 22464.6319 30528.4153 90.1919
v 22464.6319 30528.4153 89.2519
v 22464.6319 30528.4153 89.2519
v 22464.6319 30528.4153 89.2519
v 22464.6319 30528.4153 89.2519
v 22464.6319 30528.4153 89.2519
v 22464.6319 30528.4153 89.2519
v 22464.6319 30528.4153 89.2519
v 22464.6319 30528.4153 89.2519
v 22463.6382 30528.9819 89.2519
v 22463.6382 30528.9819 89.2519
v 22463.6382 30528.9819 89.2519
v 22463.6382 30528.9819 89.2519
v 22463.6382 30528.9819 89.2519
v 22463.6382 30528.9819 89.2519
v 22463.6382 30528.9819 89.2519
v 22435.5257 30529.2690 89.2519
v 22435.5257 30529.2690 89.2519
v 22435.5257 30529.2690 89.2519
v 22435.5257 30529.2690 89.2519
v 22435.5257 30529.2690 89.2519
v 22435.5257 30529.2690 89.2519
v 22435.5257 30529.2690 89.2519
v 22434.5297 30539.2232 89.2519
v 22434.5297 30539.2232 89.2519
v 22434.5297 30539.2232 89.2519
v 22434.5297 30539.2232 89.2519
v 22434.5297 30539.2232 89.2519
v 22434.5297 30539.2232 89.2519
v 22434.5467 30540.0691 89.2519
v 22434.5467 30540.0691 89.2519
v 22434.5467 30540.0691 89.2519
v 22434.5467 30540.0691 89.2519
v 22434.5467 30540.0691 89.2519
v 22434.5467 30540.0691 89.2519
v 22434.5467 30540.0691 89.2519
v 22434.5517 30540.3200 88.7069
v 22434.5517 30540.3200 88.7069
v 22434.5517 30540.3200 88.7069
v 22434.5517 30540.3200 88.7069
v 22434.5517 30540.3200 88.7069
v 22434.5517 30540.3200 88.7069
v 22434.5517 30540.3200 88.7069
v 22434.5527 30540.3707 88.7069
v 22434.5527 30540.3707 88.7069
v 22434.5527 30540.3707 88.7069
v 22434.5527 30540.3707 88.7069
v 22434.5527 30540.3707 88.7069
v 22434.5527 30540.3707 88.7069
v 22434.5527 30540.3707 88.7069
v 22434.5527 30540.3707 88.7069
v 22434.5527 30540.3707 88.7069
v 22421.5203 30540.4234 88.7069
v 22421.5203 30540.4234 88.7069
v 22421.5203 30540.4234 88.7069
v 22421.5203 30540.4234 88.7069
v 22421.5203 30540.4234 88.7069
v 22421.5203 30540.4234 88.7069
v 22421.5203 30540.4234 88.7069
v 22421.5203 30540.4234 88.7069
v 22421.5203 30540.4234 88.7069
v 22417.8020 30540.4384 90.2769
v 22417.8020 30540.4384 90.2769
v 22417.8020 30540.4384 90.2769
v 22417.8020 30540.4384 90.2769
v 22417.8020 30540.4384 90.2769
v 22417.8020 30540.4384 90.2769
v 22427.3145 30540.0125 90.2769
v 22427.3145 30540.0125 90.2769
v 22427.3145 30540.0125 90.2769
v 22427.3145 30540.0125 90.2769
v 22427.3145 30540.0125 90.2769
v 22427.3145 30540.0125 90.2769
v 22427.3145 30540.0125 90.2769
v 22427.3145 30540.0125 90.2769
v 22427.3145 30540.0125 90.2769
v 22427.3145 30540.0125 90.2769
v 22427.3145 30540.0125 90.2769
v 22434.0796 30540.0443 90.2769
v 22434.0796 30540.0443 90.2769
v 22434.0796 30540.0443 90.2769
v 22434.0796 30540.0443 90.2769
v 22434.0796 30540.0443 90.2769
v 22434.0796 30540.0443 90.2769
v 22434.1086 30533.9501 90.2769
v 22434.1086 30533.9501 90.2769
v 22434.1086 30533.9501 90.2769
v 22434.1086 30533.9501 90.2769
v 22434.1086 30533.9501 90.2769
v 22434.1086 30533.9501 90.2769
v 22434.1086 30533.9501 90.2769
v 22434.1086 30533.9501 90.2769
v 22434.1086 30533.9501 90.2769
v 22434.3074 30528.1162 90.2769
v 22434.3074 30528.1162 90.2769
v 22434.3074 30528.1162 90.2769
v 22434.3074 30528.1162 90.2769
v 22434.3074 30528.1162 90.2769
v 22434.3074 30528.1162 90.2769
v 22434.3074 30528.1162 90.2769
v 22434.3074 30528.1162 90.2769
v 22434.3074 30528.1162 90.2769
v 22434.3074 30528.1162 90.2769
v 22434.3074 30528.1162 90.2769
v 22434.3074 30528.1162 89.9019
v 22434.3074 30528.1162 89.9019
v 22434.3074 30528.1162 89.9019
v 22434.3074 30528.1162 89.9019
v 22434.3074 30528.1162 89.9019
v 22434.3074 30528.1162 89.9019
v 22434.3121 30528.3488 89.9019
v 22434.3121 30528.3488 89.9019
v 22434.3121 30528.3488 89.9019
v 22434.3121 30528.3488 89.9019
v 22434.3121 30528.3488 89.9019
v 22467.6980 30528.4068 89.9019
v 22467.6980 30528.4068 89.9019
v 22467.6980 30528.4068 89.9019
v 22467.6980 30528.4068 89.9019
v 22467.6980 30528.4068 89.9019
v 22467.6980 30528.4068 89.9019
v 22467.6980 30528.4068 89.9019
v 22467.6980 30528.4068 89.9019
v 22467.6980 30528.4068 89.9019
v 22464.9840 30528.4021 89.2519
v 22464.9840 30528.4021 89.2519
v 22464.9840 30528.4021 89.2519
v 22464.9840 30528.4021 89.2519
v 22464.9840 30528.4021 89.2519
v 22464.9840 30528.4021 89.2519
v 22464.9840 30528.4021 89.2519
v 22464.9840 30528.4021 89.2519
v 22440.8933 30528.3603 89.2519
v 22440.8933 30528.3603 89.2519
v 22440.8933 30528.3603 89.2519
v 22440.8933 30528.3603 89.2519
v 22440.8933 30528.3603 89.2519
v 22440.8933 30528.3603 89.2519
v 22440.8933 30528.3603 89.2519
v 22434.3320 30528.3758 89.2519
v 22434.3320 30528.3758 89.2519
v 22434.3320 30528.3758 89.2519
v 22434.3320 30528.3758 89.2519
v 22434.3320 30528.3758 89.2519
v 22434.3320 30528.3758 89.2519
v 22434.3313 30529.2812 89.2519
v 22434.3313 30529.2812 89.2519
v 22434.3313 30529.2812 89.2519
v 22434.3313 30529.2812 89.2519
v 22434.3318 30528.3758 79.5569
v 22434.3318 30528.3758 79.5569
v 22434.3318 30528.3758 79.5569
v 22434.3318 30528.3758 79.5569
v 22434.3318 30528.3758 79.5569
v 22434.3318 30528.3758 79.5569
v 22434.3310 30529.2977 79.5569
v 22434.3310 30529.2977 79.5569
v 22434.3310 30529.2977 79.5569
v 22434.3126 30528.3758 79.5569
v 22434.3126 30528.3758 79.5569
v 22434.3126 30528.3758 79.5569
v 22434.3126 30528.3758 79.5569
v 22434.3312 30529.3070 89.2519
v 22434.3312 30529.3070 89.2519
v 22434.3312 30529.3070 89.2519
v 22434.3312 30529.3070 89.2519
v 22434.3312 30529.3070 89.2519
v 22434.3312 30529.3070 89.2519
v 22434.3312 30529.3070 89.2519
v 22434.5527 30540.3707 90.2769
v 22434.5527 30540.3707 90.2769
v 22434.5527 30540.3707 90.2769
v 22434.5527 30540.3707 90.2769
v 22434.5527 30540.3707 90.2769
v 22434.5527 30540.3707 90.2769
v 22434.5527 30540.3707 90.2769
v 22434.5527 30540.3707 90.2769
v 22434.5527 30540.3707 90.2769
v 22434.5527 30540.3707 90.2769
v 22434.5527 30540.3707 90.2769
v 22434.5527 30540.3707 90.2769
v 22434.5527 30540.3707 90.2769
v 22434.5527 30540.3707 90.2769
v 22434.5527 30540.3707 90.2769
v 22434.3121 30528.3488 89.3969
v 22434.3121 30528.3488 89.3969
v 22434.3121 30528.3488 89.3969
v 22434.3121 30528.3488 89.3969
v 22434.3121 30528.3488 89.3969
v 22440.8933 30528.3603 89.3969
v 22440.8933 30528.3603 89.3969
v 22440.8933 30528.3603 89.3969
v 22440.8933 30528.3603 89.3969
v 22440.8933 30528.3603 89.3969
v 22434.3126 30528.3758 89.3969
v 22434.3126 30528.3758 89.3969
v 22434.3126 30528.3758 89.3969
v 22434.3126 30528.3758 89.3969
v 22434.3126 30528.3758 89.3969
v 22434.3126 30528.3758 89.3969
v 22434.3126 30528.3758 89.3969
v 22434.3126 30528.3758 89.3969
v 22464.9840 30528.4021 79.5569
v 22464.9840 30528.4021 79.5569
v 22464.9840 30528.4021 79.5569
v 22467.6981 30528.4068 79.5569
v 22467.6981 30528.4068 79.5569
v 22467.6981 30528.4068 79.5569
v 22467.6981 30528.4068 79.5569
v 22467.6981 30528.4068 79.5569
v 22464.9840 30528.4144 79.5569
v 22464.9840 30528.4144 79.5569
v 22464.9840 30528.4144 79.5569
v 22464.9840 30528.4144 79.5569
v 22464.9840 30528.4144 89.2519
v 22464.9840 30528.4144 89.2519
v 22464.9840 30528.4144 89.2519
v 22464.9840 30528.4144 89.2519
v 22464.9840 30528.4144 89.2519
v 22464.9840 30528.4144 89.2519
v 22425.3890 30532.5142 91.3469
v 22425.3890 30532.5142 91.3469
v 22425.3890 30532.5142 91.3469
v 22425.3890 30532.5142 91.3469
v 22425.3890 30532.5142 91.3469
v 22425.3890 30532.5142 91.3469
v 22425.3845 30533.1276 91.6919
v 22425.3845 30533.1276 91.6919
v 22425.3845 30533.1276 91.6919
v 22425.3845 30533.1276 91.6919
v 22425.3845 30533.1276 91.6919
v 22425.3931 30531.9639 91.6919
v 22425.3931 30531.9639 91.6919
v 22425.3931 30531.9639 91.6919
v 22425.3931 30531.9639 91.6919
v 22425.3931 30531.9639 91.6919
v 22424.5994 30533.1219 91.6919
v 22424.5994 30533.1219 91.6919
v 22424.5994 30533.1219 91.6919
v 22424.5994 30533.1219 91.6919
v 22424.5994 30533.1219 91.6919
v 22424.5994 30533.1219 91.6919
v 22422.9533 30531.9461 91.6919
v 22422.9533 30531.9461 91.6919
v 22422.9533 30531.9461 91.6919
v 22422.9533 30531.9461 91.6919
v 22422.9533 30531.9461 91.6919
v 22422.9533 30531.9461 91.6919
v 22422.9533 30531.9461 91.3469
v 22422.9533 30531.9461 91.3469
v 22422.9533 30531.9461 91.3469
v 22422.9533 30531.9461 91.3469
v 22422.9533 30531.9461 91.3469
v 22422.9533 30531.9461 91.3469
v 22422.9530 30531.9923 91.3469
v 22422.9530 30531.9923 91.3469
v 22422.9530 30531.9923 91.3469
v 22422.9530 30531.9923 91.3469
v 22422.9530 30531.9923 91.3469
v 22422.4338 30531.8728 91.3469
v 22422.4338 30531.8728 91.3469
v 22422.4338 30531.8728 91.3469
v 22422.4338 30531.8728 91.3469
v 22422.4338 30531.8728 91.3469
v 22422.4338 30531.8728 91.3469
v 22422.4338 30531.8728 90.2769
v 22422.4338 30531.8728 90.2769
v 22422.4338 30531.8728 90.2769
v 22422.4338 30531.8728 90.2769
v 22422.4338 30531.8728 90.2769
v 22422.9530 30531.9923 90.2769
v 22422.9530 30531.9923 90.2769
v 22422.9530 30531.9923 90.2769
v 22422.9530 30531.9923 90.2769
v 22422.9424 30533.4380 91.6919
v 22422.9424 30533.4380 91.6919
v 22422.9424 30533.4380 91.6919
v 22422.9424 30533.4380 91.6919
v 22422.9424 30533.4380 91.6919
v 22422.9424 30533.4380 91.6919
v 22424.5971 30533.4501 91.6919
v 22424.5971 30533.4501 91.6919
v 22424.5971 30533.4501 91.6919
v 22424.5971 30533.4501 91.6919
v 22424.5971 30533.4501 91.6919
v 22424.5971 30533.4501 91.6919
v 22424.5971 30533.4501 90.2769
v 22424.5971 30533.4501 90.2769
v 22424.5971 30533.4501 90.2769
v 22424.5971 30533.4501 90.2769
v 22424.5971 30533.4501 90.2769
v 22424.5971 30533.4501 90.2769
v 22424.5994 30533.1219 90.2769
v 22424.5994 30533.1219 90.2769
v 22424.5994 30533.1219 90.2769
v 22424.5994 30533.1219 90.2769
v 22424.5994 30533.1219 90.2769
v 22425.3845 30533.1276 90.2769
v 22425.3845 30533.1276 90.2769
v 22425.3845 30533.1276 90.2769
v 22425.3845 30533.1276 90.2769
v 22425.3845 30533.1276 90.2769
v 22425.3890 30532.5142 90.2769
v 22425.3890 30532.5142 90.2769
v 22425.3890 30532.5142 90.2769
v 22425.3890 30532.5142 90.2769
v 22425.3890 30532.5142 90.2769
v 22430.3399 30531.4705 91.3469
v 22430.3399 30531.4705 91.3469
v 22430.3399 30531.4705 91.3469
v 22430.3399 30531.4705 91.3469
v 22429.8167 30531.4694 90.2769
v 22429.8167 30531.4694 90.2769
v 22429.8167 30531.4694 90.2769
v 22429.8167 30531.4694 90.2769
v 22429.8167 30531.4694 90.2769
v 22429.8167 30531.4694 91.3469
v 22429.8167 30531.4694 91.3469
v 22429.8167 30531.4694 91.3469
v 22429.8167 30531.4694 91.3469
v 22429.8167 30531.4694 91.3469
v 22429.8167 30531.4694 91.3469
v 22429.8143 30532.5240 90.2769
v 22429.8143 30532.5240 90.2769
v 22429.8143 30532.5240 90.2769
v 22429.8143 30532.5240 90.2769
v 22429.8143 30532.5240 90.2769
v 22429.8143 30532.5240 90.2769
v 22429.8143 30532.5240 91.3469
v 22429.8143 30532.5240 91.3469
v 22429.8143 30532.5240 91.3469
v 22429.8143 30532.5240 91.3469
v 22429.8143 30532.5240 91.3469
v 22429.8143 30532.5240 91.3469
v 22425.3931 30531.9639 91.3469
v 22425.3931 30531.9639 91.3469
v 22425.3931 30531.9639 91.3469
v 22425.3931 30531.9639 91.3469
v 22425.3931 30531.9639 91.3469
v 22425.3931 30531.9639 91.3469
v 22425.3931 30531.9639 91.3469
v 22425.3931 30531.9639 91.3469
v 22425.3931 30531.9639 91.3469
v 22423.7987 30530.7420 91.3469
v 22423.7987 30530.7420 91.3469
v 22423.7987 30530.7420 91.3469
v 22423.7987 30530.7420 91.3469
v 22423.7987 30530.7420 91.3469
v 22423.7987 30530.7420 91.3469
v 22423.7985 30530.7511 91.3469
v 22423.7985 30530.7511 91.3469
v 22423.7985 30530.7511 91.3469
v 22423.7985 30530.7511 91.3469
v 22423.7985 30530.7511 91.3469
v 22423.7985 30530.7511 91.3469
v 22423.7985 30530.7511 91.3469
v 22423.7985 30530.7511 91.3469
v 22422.0736 30531.4466 91.3469
v 22422.0736 30531.4466 91.3469
v 22422.0736 30531.4466 91.3469
v 22422.0736 30531.4466 91.3469
v 22422.0736 30531.4466 91.3469
v 22422.0736 30531.4466 91.3469
v 22423.7985 30530.7511 91.6569
v 22423.7985 30530.7511 91.6569
v 22423.7985 30530.7511 91.6569
v 22423.7985 30530.7511 91.6569
v 22421.9091 30530.7241 91.3469
v 22421.9091 30530.7241 91.3469
v 22421.9091 30530.7241 91.3469
v 22421.9091 30530.7241 91.3469
v 22421.9091 30530.7241 91.3469
v 22421.9091 30530.7241 91.3469
v 22421.9091 30530.7241 91.3469
v 22421.9083 30531.0883 91.3469
v 22421.9083 30531.0883 91.3469
v 22421.9083 30531.0883 91.3469
v 22421.9083 30531.0883 91.3469
v 22421.9091 30530.7241 90.2769
v 22421.9091 30530.7241 90.2769
v 22421.9091 30530.7241 90.2769
v 22421.9091 30530.7241 90.2769
v 22421.9083 30531.0883 90.2769
v 22421.9083 30531.0883 90.2769
v 22421.9083 30531.0883 90.2769
v 22421.9083 30531.0883 90.2769
v 22421.9083 30531.0883 90.2769
v 22421.9083 30531.0883 90.2769
v 22422.0736 30531.4466 90.2769
v 22422.0736 30531.4466 90.2769
v 22422.0736 30531.4466 90.2769
v 22422.0736 30531.4466 90.2769
v 22422.0736 30531.4466 90.2769
v 22422.0736 30531.4466 90.2769
v 22422.9424 30533.4380 90.2769
v 22422.9424 30533.4380 90.2769
v 22422.9424 30533.4380 90.2769
v 22422.9424 30533.4380 90.2769
v 22422.9424 30533.4380 90.2769
v 22422.9424 30533.4380 90.2769
v 22422.9424 30533.4380 90.2769
v 22423.7620 30533.4440 90.2769
v 22423.7620 30533.4440 90.2769
v 22423.7620 30533.4440 90.2769
v 22423.7620 30533.4440 90.2769
v 22423.7620 30533.4440 90.2769
v 22424.5682 30533.9061 90.2769
v 22424.5682 30533.9061 90.2769
v 22424.5682 30533.9061 90.2769
v 22424.5682 30533.9061 90.2769
v 22424.5682 30533.9061 90.2769
v 22424.5682 30533.9061 90.2769
v 22429.8111 30533.9303 90.2769
v 22429.8111 30533.9303 90.2769
v 22429.8111 30533.9303 90.2769
v 22429.8111 30533.9303 90.2769
v 22429.8111 30533.9303 90.2769
v 22429.8111 30533.9303 90.2769
v 22429.8111 30533.9303 90.2769
v 22429.8111 30533.9303 90.2769
v 22430.3339 30533.9327 90.2769
v 22430.3339 30533.9327 90.2769
v 22430.3339 30533.9327 90.2769
v 22430.3339 30533.9327 90.2769
v 22430.3339 30533.9327 90.2769
v 22430.3339 30533.9327 90.2769
v 22430.3339 30533.9327 90.2769
v 22431.9382 30532.0922 90.9069
v 22431.9382 30532.0922 90.9069
v 22431.9382 30532.0922 90.9069
v 22431.9382 30532.0922 90.9069
v 22431.9382 30532.0922 90.9069
v 22431.9382 30532.0922 90.9069
v 22431.9362 30532.3853 90.2769
v 22431.9362 30532.3853 90.2769
v 22431.9362 30532.3853 90.2769
v 22431.9362 30532.3853 90.2769
v 22431.9362 30532.3853 90.2769
v 22431.9362 30532.3853 90.9069
v 22431.9362 30532.3853 90.9069
v 22431.9362 30532.3853 90.9069
v 22431.9362 30532.3853 90.9069
v 22431.9362 30532.3853 90.9069
v 22431.9362 30532.3853 90.9069
v 22431.9362 30532.3853 90.9069
v 22430.7983 30532.3932 90.2769
v 22430.7983 30532.3932 90.2769
v 22430.7983 30532.3932 90.2769
v 22430.8015 30531.9195 90.2769
v 22430.8015 30531.9195 90.2769
v 22430.8015 30531.9195 90.2769
v 22430.8015 30531.9195 90.2769
v 22430.8015 30531.9195 90.2769
v 22430.7983 30532.3932 90.9069
v 22430.7983 30532.3932 90.9069
v 22430.7983 30532.3932 90.9069
v 22430.7983 30532.3932 90.9069
v 22430.7983 30532.3932 90.9069
v 22430.7983 30532.3932 90.9069
v 22430.7983 30532.3932 90.9069
v 22430.8015 30531.9195 90.9069
v 22430.8015 30531.9195 90.9069
v 22430.8015 30531.9195 90.9069
v 22430.8015 30531.9195 90.9069
v 22430.8015 30531.9195 90.9069
v 22430.3651 30533.6994 90.2769
v 22430.3651 30533.6994 90.2769
v 22430.3651 30533.6994 90.2769
v 22430.3662 30533.8613 91.3019
v 22430.3662 30533.8613 91.3019
v 22430.3662 30533.8613 91.3019
v 22430.3662 30533.8613 91.3019
v 22430.3662 30533.8613 91.3019
v 22430.3662 30533.8613 91.3019
v 22430.3662 30533.8613 90.2769
v 22430.3662 30533.8613 90.2769
v 22430.3662 30533.8613 90.2769
v 22430.3662 30533.8613 90.2769
v 22430.3662 30533.8613 90.2769
v 22430.3662 30533.8613 90.2769
v 22430.3662 30533.8613 90.2769
v 22430.3662 30533.8613 90.2769
v 22431.0476 30533.8566 90.2769
v 22431.0476 30533.8566 90.2769
v 22431.0476 30533.8566 90.2769
v 22431.0476 30533.8566 90.2769
v 22432.2848 30533.8480 91.3019
v 22432.2848 30533.8480 91.3019
v 22432.2848 30533.8480 91.3019
v 22432.2848 30533.8480 91.3019
v 22432.2848 30533.8480 91.3019
v 22432.2746 30532.3830 91.3019
v 22432.2746 30532.3830 91.3019
v 22432.2746 30532.3830 91.3019
v 22432.2746 30532.3830 91.3019
v 22432.2746 30532.3830 91.3019
v 22432.2746 30532.3830 91.3019
v 22432.2746 30532.3830 91.3019
v 22432.2746 30532.3830 91.3019
v 22430.3561 30532.3963 91.3019
v 22430.3561 30532.3963 91.3019
v 22430.3561 30532.3963 91.3019
v 22430.3561 30532.3963 91.3019
v 22432.2746 30532.3830 90.2769
v 22432.2746 30532.3830 90.2769
v 22432.2746 30532.3830 90.2769
v 22432.2746 30532.3830 90.2769
v 22432.2746 30532.3830 90.2769
v 22431.9382 30532.0922 90.2769
v 22431.9382 30532.0922 90.2769
v 22431.9382 30532.0922 90.2769
v 22431.9382 30532.0922 90.2769
v 22431.9382 30532.0922 90.2769
v 22433.1611 30532.1009 90.9069
v 22433.1611 30532.1009 90.9069
v 22433.1611 30532.1009 90.9069
v 22433.1611 30532.1009 90.9069
v 22433.1673 30531.1868 90.9069
v 22433.1673 30531.1868 90.9069
v 22433.1673 30531.1868 90.9069
v 22433.1673 30531.1868 90.9069
v 22433.1673 30531.1868 90.9069
v 22431.3550 30531.1744 90.9069
v 22431.3550 30531.1744 90.9069
v 22431.3550 30531.1744 90.9069
v 22431.3550 30531.1744 90.9069
v 22431.3550 30531.1744 90.9069
v 22431.3550 30531.1744 90.9069
v 22431.0217 30531.5234 90.9069
v 22431.0217 30531.5234 90.9069
v 22431.0217 30531.5234 90.9069
v 22431.0217 30531.5234 90.9069
v 22431.0217 30531.5234 90.9069
v 22431.0217 30531.5234 90.2769
v 22431.0217 30531.5234 90.2769
v 22431.0217 30531.5234 90.2769
v 22431.0217 30531.5234 90.2769
v 22431.0217 30531.5234 90.2769
v 22431.0217 30531.5234 90.2769
v 22430.3561 30532.3963 90.2769
v 22430.3561 30532.3963 90.2769
v 22430.3561 30532.3963 90.2769
v 22430.3561 30532.3963 90.2769
v 22430.3561 30532.3963 90.2769
v 22430.3561 30532.3963 90.2769
v 22430.3561 30532.3963 90.2769
v 22430.3561 30532.3963 90.2769
v 22430.3561 30532.3963 90.2769
v 22430.3561 30532.3963 90.2769
v 22430.3399 30531.4705 90.2769
v 22430.3399 30531.4705 90.2769
v 22430.3399 30531.4705 90.2769
v 22430.3399 30531.4705 90.2769
v 22430.3399 30531.4705 90.2769
v 22430.3399 30531.4705 90.2769
v 22430.3399 30531.4705 90.2769
v 22430.3433 30530.0692 91.3469
v 22430.3433 30530.0692 91.3469
v 22430.3433 30530.0692 91.3469
v 22430.3433 30530.0692 91.3469
v 22430.3433 30530.0692 91.3469
v 22425.6876 30530.0595 91.3469
v 22425.6876 30530.0595 91.3469
v 22425.6876 30530.0595 91.3469
v 22425.6876 30530.0595 91.3469
v 22425.6876 30530.0595 91.3469
v 22425.6876 30530.0595 91.3469
v 22425.6876 30530.0595 91.3469
v 22425.2976 30530.7447 91.3469
v 22425.2976 30530.7447 91.3469
v 22425.2976 30530.7447 91.3469
v 22425.2976 30530.7447 91.3469
v 22425.2976 30530.7447 91.3469
v 22425.2976 30530.7447 90.2769
v 22425.2976 30530.7447 90.2769
v 22425.2976 30530.7447 90.2769
v 22425.2976 30530.7447 90.2769
v 22425.2976 30530.7447 90.2769
v 22423.7987 30530.7420 90.2769
v 22423.7987 30530.7420 90.2769
v 22423.7987 30530.7420 90.2769
v 22423.7987 30530.7420 90.2769
v 22423.8230 30529.0421 91.6569
v 22423.8230 30529.0421 91.6569
v 22423.8230 30529.0421 91.6569
v 22423.8230 30529.0421 91.6569
v 22423.8230 30529.0421 91.6569
v 22423.8230 30529.0421 91.6569
v 22423.8230 30529.0421 91.6569
v 22421.5514 30529.0097 91.6569
v 22421.5514 30529.0097 91.6569
v 22421.5514 30529.0097 91.6569
v 22421.5514 30529.0097 91.6569
v 22421.5270 30530.7187 91.6569
v 22421.5270 30530.7187 91.6569
v 22421.5270 30530.7187 91.6569
v 22421.5270 30530.7187 91.6569
v 22421.5270 30530.7187 91.6569
v 22421.5270 30530.7187 91.6569
v 22421.5270 30530.7187 90.2769
v 22421.5270 30530.7187 90.2769
v 22421.5270 30530.7187 90.2769
v 22421.5270 30530.7187 90.2769
v 22421.5270 30530.7187 90.2769
v 22421.5270 30530.7187 90.2769
v 22421.5270 30530.7187 90.2769
v 22421.5270 30530.7187 90.2769
v 22418.1096 30531.1993 79.5569
v 22418.1096 30531.1993 79.5569
v 22418.1096 30531.1993 79.5569
v 22418.1096 30531.1993 79.5569
v 22421.4560 30531.1783 79.5569
v 22421.4560 30531.1783 79.5569
v 22421.4560 30531.1783 79.5569
v 22421.4560 30531.1783 79.5569
v 22421.4560 30531.1783 79.5569
v 22418.1471 30537.1741 79.5569
v 22418.1471 30537.1741 79.5569
v 22418.1471 30537.1741 79.5569
v 22418.1471 30537.1741 79.5569
v 22421.4935 30537.1531 79.5569
v 22421.4935 30537.1531 79.5569
v 22421.4935 30537.1531 79.5569
v 22421.4935 30537.1531 79.5569
v 22421.4935 30537.1531 79.5569
v 22421.4561 30531.1783 90.2769
v 22421.4561 30531.1783 90.2769
v 22421.4561 30531.1783 90.2769
v 22421.4561 30531.1783 90.2769
v 22421.4561 30531.1783 90.2769
v 22421.4561 30531.1783 90.2769
v 22418.1096 30531.1993 90.2769
v 22418.1096 30531.1993 90.2769
v 22418.1096 30531.1993 90.2769
v 22418.1096 30531.1993 90.2769
v 22418.1096 30531.1993 90.2769
v 22418.1096 30531.1993 90.2769
v 22418.1471 30537.1741 90.2769
v 22418.1471 30537.1741 90.2769
v 22418.1471 30537.1741 90.2769
v 22418.1471 30537.1741 90.2769
v 22418.1471 30537.1741 90.2769
v 22418.1471 30537.1741 90.2769
v 22418.1471 30537.1741 90.2769
v 22418.1471 30537.1741 90.2769
v 22421.4936 30537.1530 90.2769
v 22421.4936 30537.1530 90.2769
v 22421.4936 30537.1530 90.2769
v 22421.4936 30537.1530 90.2769
v 22421.4936 30537.1530 90.2769
v 22421.4936 30537.1530 90.2769
v 22424.5530 30537.2090 90.2769
v 22424.5530 30537.2090 90.2769
v 22424.5530 30537.2090 90.2769
v 22424.5530 30537.2090 90.2769
v 22424.5530 30537.2090 90.2769
v 22424.5530 30537.2090 90.2769
v 22424.5530 30537.2090 90.2769
v 22424.5530 30537.2090 90.2769
v 22424.5530 30537.2090 90.2769
v 22424.5530 30537.2090 90.2769
v 22424.5530 30537.2090 90.2769
v 22424.5530 30537.2090 90.2769
v 22424.5659 30534.3951 90.2769
v 22424.5659 30534.3951 90.2769
v 22424.5659 30534.3951 90.2769
v 22424.5659 30534.3951 90.2769
v 22424.5529 30537.2090 79.5569
v 22424.5529 30537.2090 79.5569
v 22424.5529 30537.2090 79.5569
v 22424.5529 30537.2090 79.5569
v 22427.3279 30537.2223 90.2769
v 22427.3279 30537.2223 90.2769
v 22427.3279 30537.2223 90.2769
v 22427.3279 30537.2223 79.5569
v 22427.3279 30537.2223 79.5569
v 22427.3279 30537.2223 79.5569
v 22427.3279 30537.2223 79.5569
v 22427.3279 30537.2223 79.5569
v 22427.3279 30537.2223 79.5569
v 22427.3279 30537.2223 79.5569
v 22427.3279 30537.2223 79.5569
v 22427.3279 30537.2223 79.5569
v 22431.8801 30538.5945 79.5569
v 22431.8801 30538.5945 79.5569
v 22431.8801 30538.5945 79.5569
v 22431.8801 30538.5945 79.5569
v 22431.8801 30538.5945 79.5569
v 22431.8801 30538.5945 79.5569
v 22431.8801 30538.5945 87.1619
v 22431.8801 30538.5945 87.1619
v 22431.8801 30538.5945 87.1619
v 22431.8801 30538.5945 87.1619
v 22431.8801 30538.5945 87.1619
v 22431.8801 30538.5945 87.1619
v 22428.3861 30538.5692 87.1619
v 22428.3861 30538.5692 87.1619
v 22428.3861 30538.5692 87.1619
v 22428.3861 30538.5692 87.1619
v 22428.3796 30539.4764 87.1619
v 22428.3796 30539.4764 87.1619
v 22428.3796 30539.4764 87.1619
v 22428.3796 30539.4764 87.1619
v 22428.3796 30539.4764 87.1619
v 22428.3796 30539.4764 87.1619
v 22431.8735 30539.5016 87.1619
v 22431.8735 30539.5016 87.1619
v 22431.8735 30539.5016 87.1619
v 22431.8735 30539.5016 87.1619
v 22428.3809 30539.2858 79.5569
v 22428.3809 30539.2858 79.5569
v 22428.3809 30539.2858 79.5569
v 22428.3796 30539.4764 79.5569
v 22428.3796 30539.4764 79.5569
v 22428.3796 30539.4764 79.5569
v 22428.3796 30539.4764 79.5569
v 22428.3796 30539.4764 79.5569
v 22428.3796 30539.4764 79.5569
v 22428.3796 30539.4764 79.5569
v 22428.3796 30539.4764 79.5569
v 22428.3796 30539.4764 79.5569
v 22431.8735 30539.5016 79.5569
v 22431.8735 30539.5016 79.5569
v 22431.8735 30539.5016 79.5569
v 22431.8735 30539.5016 79.5569
v 22431.8735 30539.5016 79.5569
v 22431.8753 30539.2502 79.5569
v 22431.8753 30539.2502 79.5569
v 22431.8753 30539.2502 79.5569
v 22431.8753 30539.2502 79.5569
v 22431.8753 30539.2502 79.5569
v 22432.6736 30539.2402 79.5569
v 22432.6736 30539.2402 79.5569
v 22432.6736 30539.2402 79.5569
v 22432.6736 30539.2402 79.5569
v 22432.6736 30539.2402 79.5569
v 22432.6736 30539.2402 79.5569
v 22432.6736 30539.2402 79.5569
v 22432.6736 30539.2402 79.5569
v 22433.6414 30539.2358 87.0269
v 22433.6414 30539.2358 87.0269
v 22433.6414 30539.2358 87.0269
v 22433.6414 30539.2358 87.0269
v 22433.6414 30539.2358 87.0269
v 22433.6414 30539.2358 87.0269
v 22432.6736 30539.2402 87.0269
v 22432.6736 30539.2402 87.0269
v 22432.6736 30539.2402 87.0269
v 22432.6736 30539.2402 87.0269
v 22433.6367 30538.1948 87.0269
v 22433.6367 30538.1948 87.0269
v 22433.6367 30538.1948 87.0269
v 22433.6367 30538.1948 87.0269
v 22433.6367 30538.1948 87.0269
v 22433.6367 30538.1948 87.0269
v 22433.6257 30535.7759 87.8169
v 22433.6257 30535.7759 87.8169
v 22433.6257 30535.7759 87.8169
v 22433.6367 30538.1948 87.8169
v 22433.6367 30538.1948 87.8169
v 22433.6367 30538.1948 87.8169
v 22433.6367 30538.1948 87.8169
v 22433.6367 30538.1948 87.8169
v 22433.6367 30538.1948 87.8169
v 22432.6579 30535.7803 87.8169
v 22432.6579 30535.7803 87.8169
v 22432.6579 30535.7803 87.8169
v 22432.6579 30535.7803 87.8169
v 22432.6579 30535.7803 87.8169
v 22432.6689 30538.1992 87.8169
v 22432.6689 30538.1992 87.8169
v 22432.6689 30538.1992 87.8169
v 22432.6689 30538.1992 87.8169
v 22432.6689 30538.1992 87.0269
v 22432.6689 30538.1992 87.0269
v 22432.6689 30538.1992 87.0269
v 22432.6689 30538.1992 87.0269
v 22432.6689 30538.1992 87.0269
v 22432.6689 30538.1992 87.0269
v 22433.0086 30539.2387 79.5569
v 22433.0086 30539.2387 79.5569
v 22433.0086 30539.2387 79.5569
v 22433.0086 30539.2387 79.5569
v 22433.6414 30539.2358 79.5569
v 22433.6414 30539.2358 79.5569
v 22433.6414 30539.2358 79.5569
v 22433.6414 30539.2358 79.5569
v 22433.6414 30539.2358 79.5569
v 22433.6414 30539.2322 79.5569
v 22433.6414 30539.2322 79.5569
v 22433.6414 30539.2322 79.5569
v 22433.6414 30539.2322 79.5569
v 22433.6414 30539.2322 79.5569
v 22433.6257 30535.7759 79.5569
v 22433.6257 30535.7759 79.5569
v 22433.6257 30535.7759 79.5569
v 22433.6257 30535.7759 79.5569
v 22433.6257 30535.7759 79.5569
v 22433.6257 30535.7759 79.5569
v 22433.6257 30535.7759 79.5569
v 22432.6579 30535.7804 79.5569
v 22432.6579 30535.7804 79.5569
v 22432.6579 30535.7804 79.5569
v 22432.6579 30535.7804 79.5569
v 22432.6579 30535.7804 79.5569
v 22432.6579 30535.7804 79.5569
v 22432.6579 30535.7804 79.5569
v 22432.6579 30535.7804 79.5569
v 22428.3861 30538.5693 79.5569
v 22428.3861 30538.5693 79.5569
v 22428.3861 30538.5693 79.5569
v 22428.3861 30538.5693 79.5569
v 22428.3861 30538.5693 79.5569
v 22428.3861 30538.5693 79.5569
v 22428.3861 30538.5693 79.5569
v 22428.3861 30538.5693 79.5569
v 22427.3179 30539.2967 79.5569
v 22427.3179 30539.2967 79.5569
v 22427.3179 30539.2967 79.5569
v 22427.3179 30539.2967 79.5569
v 22427.3145 30540.0126 79.5569
v 22427.3145 30540.0126 79.5569
v 22427.3145 30540.0126 79.5569
v 22427.3145 30540.0126 79.5569
v 22434.0796 30540.0443 79.5569
v 22434.0796 30540.0443 79.5569
v 22434.0796 30540.0443 79.5569
v 22434.0796 30540.0443 79.5569
v 22434.0796 30540.0443 79.5569
v 22434.0796 30540.0443 79.5569
v 22434.0796 30540.0443 79.5569
v 22434.0796 30540.0443 79.5569
v 22434.0796 30540.0443 79.5569
v 22434.0796 30540.0443 79.5569
v 22434.0796 30540.0443 79.5569
v 22434.0835 30539.2277 79.5569
v 22434.0835 30539.2277 79.5569
v 22434.0835 30539.2277 79.5569
v 22434.1086 30533.9501 79.5569
v 22434.1086 30533.9501 79.5569
v 22434.1086 30533.9501 79.5569
v 22434.1086 30533.9501 79.5569
v 22434.1086 30533.9501 79.5569
v 22434.1086 30533.9501 79.5569
v 22434.1086 30533.9501 79.5569
v 22434.1086 30533.9501 79.5569
v 22434.1086 30533.9501 79.5569
v 22434.1086 30533.9501 79.5569
v 22434.1086 30533.9501 79.5569
v 22424.5682 30533.9061 79.5569
v 22424.5682 30533.9061 79.5569
v 22424.5682 30533.9061 79.5569
v 22424.5682 30533.9061 79.5569
v 22424.5682 30533.9061 79.5569
v 22424.5682 30533.9061 79.5569
v 22424.5682 30533.9061 79.5569
v 22424.5682 30533.9061 79.5569
v 22424.5682 30533.9061 79.5569
v 22431.3993 30533.9376 90.2769
v 22431.3993 30533.9376 90.2769
v 22431.3993 30533.9376 90.2769
v 22431.3993 30533.9376 90.2769
v 22431.3993 30533.9376 90.2769
v 22431.3993 30533.9376 90.2769
v 22432.2848 30533.8480 90.2769
v 22432.2848 30533.8480 90.2769
v 22432.2848 30533.8480 90.2769
v 22432.2848 30533.8480 90.2769
v 22432.2848 30533.8480 90.2769
v 22432.2848 30533.8480 90.2769
v 22432.2848 30533.8480 90.2769
v 22433.1611 30532.1009 90.2769
v 22433.1611 30532.1009 90.2769
v 22433.1611 30532.1009 90.2769
v 22433.1611 30532.1009 90.2769
v 22433.1611 30532.1009 90.2769
v 22433.1611 30532.1009 90.2769
v 22433.1611 30532.1009 90.2769
v 22433.1673 30531.1868 90.2769
v 22433.1673 30531.1868 90.2769
v 22433.1673 30531.1868 90.2769
v 22433.1673 30531.1868 90.2769
v 22433.1673 30531.1868 90.2769
v 22433.1673 30531.1868 90.2769
v 22431.3550 30531.1744 90.2769
v 22431.3550 30531.1744 90.2769
v 22431.3550 30531.1744 90.2769
v 22431.3550 30531.1744 90.2769
v 22431.3550 30531.1744 90.2769
v 22431.3550 30531.1744 90.2769
v 22430.3433 30530.0692 90.2769
v 22430.3433 30530.0692 90.2769
v 22430.3433 30530.0692 90.2769
v 22430.3433 30530.0692 90.2769
v 22430.3433 30530.0692 90.2769
v 22430.3433 30530.0692 90.2769
v 22430.3433 30530.0692 90.2769
v 22430.3433 30530.0692 90.2769
v 22425.6876 30530.0595 90.2769
v 22425.6876 30530.0595 90.2769
v 22425.6876 30530.0595 90.2769
v 22425.6876 30530.0595 90.2769
v 22425.6876 30530.0595 90.2769
v 22425.6876 30530.0595 90.2769
v 22423.8230 30529.0421 90.2769
v 22423.8230 30529.0421 90.2769
v 22423.8230 30529.0421 90.2769
v 22423.8230 30529.0421 90.2769
v 22423.8230 30529.0421 90.2769
v 22423.8230 30529.0421 90.2769
v 22423.8230 30529.0421 90.2769
v 22421.5514 30529.0097 90.2769
v 22421.5514 30529.0097 90.2769
v 22421.5514 30529.0097 90.2769
v 22421.5514 30529.0097 90.2769
v 22421.5514 30529.0097 90.2769
v 22421.5514 30529.0097 90.2769
v 22421.5514 30529.0097 90.2769
v 22421.5514 30529.0097 90.2769
v 22417.9217 30528.1827 90.2769
v 22417.9217 30528.1827 90.2769
v 22417.9217 30528.1827 90.2769
v 22417.9217 30528.1827 90.2769
v 22417.9217 30528.1827 90.2769
v 22417.9217 30528.1827 90.2769
v 22417.9217 30528.1827 90.2769
v 22417.9217 30528.1827 90.2769
v 22417.9217 30528.1827 90.2769
v 22417.9217 30528.1827 90.2769
v 22417.9217 30528.1827 90.2769
v 22453.9386 30536.4595 84.9319
v 22453.9386 30536.4595 84.9319
v 22453.9386 30536.4595 84.9319
v 22453.9261 30532.2853 84.9319
v 22453.9261 30532.2853 84.9319
v 22453.9261 30532.2853 84.9319
v 22453.9261 30532.2853 84.9319
v 22453.9261 30532.2853 84.9319
v 22453.9261 30532.2853 84.9319
v 22463.7146 30536.4316 84.9319
v 22463.7146 30536.4316 84.9319
v 22463.7146 30536.4316 84.9319
v 22463.7146 30536.4316 84.9319
v 22463.7146 30536.4316 84.9319
v 22463.7146 30536.4316 84.9319
v 22463.7401 30538.9256 89.2519
v 22463.7401 30538.9256 89.2519
v 22463.7401 30538.9256 89.2519
v 22463.7401 30538.9256 89.2519
v 22463.7401 30538.9256 89.2519
v 22463.7401 30538.9256 89.2519
v 22463.7401 30538.9256 89.2519
v 22463.7401 30538.9256 89.2519
v 22463.6718 30532.2566 84.9319
v 22463.6718 30532.2566 84.9319
v 22463.6718 30532.2566 84.9319
v 22463.6718 30532.2566 84.9319
v 22463.6718 30532.2566 84.9319
v 22463.6718 30532.2566 84.9319
v 22463.6384 30528.9819 0.0001
v 22463.6384 30528.9819 0.0001
v 22463.6384 30528.9819 0.0001
v 22463.6720 30532.2567 0.0001
v 22463.6720 30532.2567 0.0001
v 22463.6720 30532.2567 0.0001
v 22453.9262 30532.2854 0.0000
v 22453.9262 30532.2854 0.0000
v 22453.9387 30536.4597 0.0000
v 22453.9387 30536.4597 0.0000
v 22453.9387 30536.4597 0.0000
v 22453.9387 30536.4597 0.0000
v 22463.7148 30536.4318 0.0001
v 22463.7148 30536.4318 0.0001
v 22463.7148 30536.4318 0.0001
v 22463.7404 30538.9258 0.0001
v 22463.7404 30538.9258 0.0001
v 22463.7404 30538.9258 0.0001
v 22435.5255 30529.2691 0.0000
v 22435.5255 30529.2691 0.0000
v 22435.5255 30529.2691 0.0000
v 22435.5255 30529.2691 0.0000
v 22435.6266 30539.2122 0.0000
v 22435.6266 30539.2122 0.0000
v 22435.6267 30539.2120 89.2519
v 22435.6267 30539.2120 89.2519
v 22435.6267 30539.2120 89.2519
v 22435.6267 30539.2120 89.2519
v 22435.6267 30539.2120 89.2519
v 22435.6267 30539.2120 89.2519
v 22435.6267 30539.2120 89.2519
v 22464.7439 30540.0898 89.2519
v 22464.7439 30540.0898 89.2519
v 22464.7439 30540.0898 89.2519
v 22464.7439 30540.0898 89.2519
v 22464.7439 30540.0898 89.2519
v 22464.7439 30540.0898 89.2519
v 22464.7439 30540.0898 89.2519
v 22464.7439 30540.0898 89.2519
v 22468.6731 30530.7155 90.7269
v 22468.6731 30530.7155 90.7269
v 22468.6731 30530.7155 90.7269
v 22468.6731 30530.7155 90.7269
v 22468.6954 30532.3715 90.7269
v 22468.6954 30532.3715 90.7269
v 22468.6954 30532.3715 90.7269
v 22468.6954 30532.3715 90.7269
v 22468.6954 30532.3715 90.7269
v 22468.6954 30532.3715 90.7269
v 22468.6954 30532.3715 90.7269
v 22467.6289 30532.3667 90.7269
v 22467.6289 30532.3667 90.7269
v 22467.6289 30532.3667 90.7269
v 22467.6289 30532.3667 90.7269
v 22467.6289 30532.3667 90.7269
v 22467.1853 30532.3647 91.2369
v 22467.1853 30532.3647 91.2369
v 22467.1853 30532.3647 91.2369
v 22467.1853 30532.3647 91.2369
v 22467.1853 30532.3647 91.2369
v 22467.1853 30532.3647 91.2369
v 22469.1688 30532.3736 91.2369
v 22469.1688 30532.3736 91.2369
v 22469.1688 30532.3736 91.2369
v 22469.1688 30532.3736 91.2369
v 22469.1688 30532.3736 91.2369
v 22469.1688 30532.3736 91.2369
v 22467.1787 30533.8184 91.2369
v 22467.1787 30533.8184 91.2369
v 22467.1787 30533.8184 91.2369
v 22467.1787 30533.8184 91.2369
v 22467.1787 30533.8184 91.2369
v 22469.1622 30533.8274 91.2369
v 22469.1622 30533.8274 91.2369
v 22469.1622 30533.8274 91.2369
v 22469.1622 30533.8274 91.2369
v 22469.1622 30533.8274 90.1919
v 22469.1622 30533.8274 90.1919
v 22469.1622 30533.8274 90.1919
v 22469.1622 30533.8274 90.1919
v 22469.1622 30533.8274 90.1919
v 22469.1688 30532.3736 90.1919
v 22469.1688 30532.3736 90.1919
v 22469.1688 30532.3736 90.1919
v 22469.1688 30532.3736 90.1919
v 22469.1688 30532.3736 90.1919
v 22469.1688 30532.3736 90.1919
v 22468.6954 30532.3715 90.1919
v 22468.6954 30532.3715 90.1919
v 22468.6954 30532.3715 90.1919
v 22468.6954 30532.3715 90.1919
v 22468.6731 30530.7155 90.1919
v 22468.6731 30530.7155 90.1919
v 22468.6731 30530.7155 90.1919
v 22468.6731 30530.7155 90.1919
v 22468.6731 30530.7155 90.1919
v 22468.6731 30530.7155 90.1919
v 22467.6068 30530.7299 90.7269
v 22467.6068 30530.7299 90.7269
v 22467.6068 30530.7299 90.7269
v 22467.6068 30530.7299 90.7269
v 22467.6068 30530.7299 90.7269
v 22467.6289 30532.3667 90.1919
v 22467.6289 30532.3667 90.1919
v 22467.6289 30532.3667 90.1919
v 22467.6289 30532.3667 90.1919
v 22467.6289 30532.3667 90.1919
v 22467.1853 30532.3647 90.1919
v 22467.1853 30532.3647 90.1919
v 22467.1853 30532.3647 90.1919
v 22467.1853 30532.3647 90.1919
v 22467.1853 30532.3647 90.1919
v 22467.1853 30532.3647 90.1919
v 22467.1787 30533.8184 90.1919
v 22467.1787 30533.8184 90.1919
v 22467.1787 30533.8184 90.1919
v 22467.1787 30533.8184 90.1919
v 22467.1787 30533.8184 90.1919
v 22467.1787 30533.8184 90.1919
v 22469.3644 30533.9146 90.1919
v 22469.3644 30533.9146 90.1919
v 22469.3644 30533.9146 90.1919
v 22469.3644 30533.9146 90.1919
v 22469.3644 30533.9146 90.1919
v 22469.3644 30533.9146 90.1919
v 22469.3644 30533.9146 90.1919
v 22469.3644 30533.9146 90.1919
v 22469.3644 30533.9146 90.1919
v 22469.3644 30533.9146 90.1919
v 22469.3644 30533.9146 85.4619
v 22469.3644 30533.9146 85.4619
v 22469.3644 30533.9146 85.4619
v 22469.3644 30533.9146 85.4619
v 22469.3644 30533.9146 85.4619
v 22469.3949 30539.3624 85.4619
v 22469.3949 30539.3624 85.4619
v 22469.3949 30539.3624 85.4619
v 22469.3949 30539.3624 85.4619
v 22465.0239 30539.3621 85.4619
v 22465.0239 30539.3621 85.4619
v 22465.0239 30539.3621 85.4619
v 22465.0239 30539.3621 85.4619
v 22465.0239 30539.3621 85.4619
v 22465.0239 30539.3621 85.4619
v 22469.3949 30539.3624 79.5569
v 22469.3949 30539.3624 79.5569
v 22469.3949 30539.3624 79.5569
v 22469.3949 30539.3624 79.5569
v 22469.3949 30539.3624 79.5569
v 22469.3949 30539.3624 79.5569
v 22465.0239 30539.3621 79.5569
v 22465.0239 30539.3621 79.5569
v 22465.0239 30539.3621 79.5569
v 22465.0239 30539.3621 79.5569
v 22465.0284 30540.1704 79.5569
v 22465.0284 30540.1704 79.5569
v 22465.0284 30540.1704 79.5569
v 22465.0284 30540.1704 79.5569
v 22469.3993 30540.1459 79.5569
v 22469.3993 30540.1459 79.5569
v 22469.3993 30540.1459 79.5569
v 22469.3993 30540.1459 79.5569
v 22469.3993 30540.1459 90.1919
v 22469.3993 30540.1459 90.1919
v 22469.3993 30540.1459 90.1919
v 22469.3993 30540.1459 90.1919
v 22469.3993 30540.1459 90.1919
v 22469.3993 30540.1459 90.1919
v 22469.3993 30540.1459 90.1919
v 22469.3993 30540.1459 90.1919
v 22469.3993 30540.1459 90.1919
v 22469.3993 30540.1459 90.1919
v 22470.8083 30538.4823 90.1919
v 22470.8083 30538.4823 90.1919
v 22470.8083 30538.4823 90.1919
v 22470.8083 30538.4823 90.1919
v 22470.8083 30538.4823 91.6519
v 22470.8083 30538.4823 91.6519
v 22470.8083 30538.4823 91.6519
v 22470.8083 30538.4823 91.6519
v 22470.8083 30538.4823 91.6519
v 22470.8083 30538.4823 91.6519
v 22470.8083 30538.4823 91.6519
v 22470.7918 30539.9277 91.6519
v 22470.7918 30539.9277 91.6519
v 22470.7918 30539.9277 91.6519
v 22470.7918 30539.9277 91.6519
v 22470.7918 30539.9277 91.6519
v 22475.5478 30539.9815 91.6519
v 22475.5478 30539.9815 91.6519
v 22475.5478 30539.9815 91.6519
v 22475.5478 30539.9815 91.6519
v 22475.5478 30539.9815 91.6519
v 22475.5478 30539.9815 91.6519
v 22474.4907 30537.5097 91.6519
v 22474.4907 30537.5097 91.6519
v 22474.4907 30537.5097 91.6519
v 22474.4907 30537.5097 91.6519
v 22474.4907 30537.5097 91.6519
v 22475.5523 30538.7999 91.6520
v 22475.5523 30538.7999 91.6520
v 22475.5523 30538.7999 91.6520
v 22475.5523 30538.7999 91.6520
v 22475.5523 30538.7999 91.6520
v 22475.5523 30538.7999 91.6520
v 22475.5523 30538.7999 91.6520
v 22475.5523 30538.7999 90.1920
v 22475.5523 30538.7999 90.1920
v 22475.5523 30538.7999 90.1920
v 22474.4907 30537.5098 90.1919
v 22474.4907 30537.5098 90.1919
v 22474.4907 30537.5098 90.1919
v 22474.4907 30537.5098 90.1919
v 22474.4907 30537.5098 90.1919
v 22474.4907 30537.5098 90.1919
v 22474.4907 30537.5098 90.1919
v 22474.4907 30537.5098 90.1919
v 22470.1083 30537.4600 91.6519
v 22470.1083 30537.4600 91.6519
v 22470.1083 30537.4600 91.6519
v 22470.1083 30537.4600 91.6519
v 22470.1083 30537.4600 91.6519
v 22470.0965 30538.4738 91.6519
v 22470.0965 30538.4738 91.6519
v 22470.0965 30538.4738 91.6519
v 22470.0965 30538.4738 91.6519
v 22470.0965 30538.4738 90.1919
v 22470.0965 30538.4738 90.1919
v 22470.0965 30538.4738 90.1919
v 22470.0965 30538.4738 90.1919
v 22470.0965 30538.4738 90.1919
v 22470.0965 30538.4738 90.1919
v 22470.7918 30539.9277 90.1919
v 22470.7918 30539.9277 90.1919
v 22470.7918 30539.9277 90.1919
v 22470.7918 30539.9277 90.1919
v 22470.7918 30539.9277 90.1919
v 22470.7918 30539.9277 90.1919
v 22475.5478 30539.9815 90.1920
v 22475.5478 30539.9815 90.1920
v 22475.5478 30539.9815 90.1920
v 22475.5478 30539.9815 90.1920
v 22475.5478 30539.9815 90.1920
v 22475.5463 30540.3838 92.0720
v 22475.5463 30540.3838 92.0720
v 22475.5463 30540.3838 92.0720
v 22475.5463 30540.3838 92.0720
v 22475.5463 30540.3838 92.0720
v 22475.5463 30540.3838 92.0720
v 22475.5463 30540.3838 92.0720
v 22475.5547 30538.1556 92.0720
v 22475.5547 30538.1556 92.0720
v 22475.5547 30538.1556 92.0720
v 22475.5547 30538.1556 92.0720
v 22478.0231 30540.3932 92.0720
v 22478.0231 30540.3932 92.0720
v 22478.0231 30540.3932 92.0720
v 22478.0231 30540.3932 92.0720
v 22478.0316 30538.1650 92.0720
v 22478.0316 30538.1650 92.0720
v 22478.0316 30538.1650 92.0720
v 22478.0316 30538.1650 92.0720
v 22478.0316 30538.1650 92.0720
v 22478.0316 30538.1650 92.0720
v 22475.5547 30538.1556 90.1919
v 22475.5547 30538.1556 90.1919
v 22475.5547 30538.1556 90.1919
v 22475.5547 30538.1556 90.1919
v 22475.5547 30538.1556 90.1919
v 22475.5547 30538.1556 90.1919
v 22475.5547 30538.1556 90.1919
v 22476.4174 30535.2712 90.1919
v 22476.4174 30535.2712 90.1919
v 22476.4174 30535.2712 90.1919
v 22476.4174 30535.2712 90.1919
v 22476.4174 30535.2712 90.1919
v 22476.4174 30535.2712 90.1919
v 22476.4174 30535.2712 90.1919
v 22476.4174 30535.2712 90.6119
v 22476.4174 30535.2712 90.6119
v 22476.4174 30535.2712 90.6119
v 22476.4174 30535.2712 90.6119
v 22476.4174 30535.2712 90.6119
v 22476.4636 30533.3358 90.6119
v 22476.4636 30533.3358 90.6119
v 22476.4636 30533.3358 90.6119
v 22476.4636 30533.3358 90.6119
v 22474.4278 30533.2868 90.6119
v 22474.4278 30533.2868 90.6119
v 22474.4278 30533.2868 90.6119
v 22474.4278 30533.2868 90.6119
v 22474.4278 30533.2868 90.6119
v 22474.3816 30535.2223 90.6119
v 22474.3816 30535.2223 90.6119
v 22474.3816 30535.2223 90.6119
v 22474.3816 30535.2223 90.6119
v 22474.3816 30535.2223 90.1919
v 22474.3816 30535.2223 90.1919
v 22474.3816 30535.2223 90.1919
v 22474.3816 30535.2223 90.1919
v 22474.3816 30535.2223 90.1919
v 22474.3816 30535.2223 90.1919
v 22470.1083 30537.4600 90.1919
v 22470.1083 30537.4600 90.1919
v 22470.1083 30537.4600 90.1919
v 22470.1083 30537.4600 90.1919
v 22470.1083 30537.4600 90.1919
v 22470.1083 30537.4600 90.1919
v 22470.1083 30537.4600 90.1919
v 22470.1083 30537.4600 90.1919
v 22475.5463 30540.3838 90.1920
v 22475.5463 30540.3838 90.1920
v 22475.5463 30540.3838 90.1920
v 22475.5463 30540.3838 90.1920
v 22475.5463 30540.3838 90.1920
v 22475.5463 30540.3838 90.1920
v 22475.5463 30540.3838 90.1920
v 22475.5463 30540.3838 90.1920
v 22478.0231 30540.3932 90.1920
v 22478.0231 30540.3932 90.1920
v 22478.0231 30540.3932 90.1920
v 22478.0231 30540.3932 90.1920
v 22478.0231 30540.3932 90.1920
v 22478.0231 30540.3932 90.1920
v 22480.0083 30537.6189 90.1920
v 22480.0083 30537.6189 90.1920
v 22480.0083 30537.6189 90.1920
v 22480.0083 30537.6189 90.1920
v 22480.0083 30537.6189 91.2220
v 22480.0083 30537.6189 91.2220
v 22480.0083 30537.6189 91.2220
v 22480.0083 30537.6189 91.2220
v 22480.0083 30537.6189 91.2220
v 22480.0083 30537.6189 91.2220
v 22480.0083 30537.6189 91.2220
v 22479.9842 30535.8244 90.1920
v 22479.9842 30535.8244 90.1920
v 22479.9842 30535.8244 90.1920
v 22479.9842 30535.8244 90.1920
v 22479.9842 30535.8244 91.2220
v 22479.9842 30535.8244 91.2220
v 22479.9842 30535.8244 91.2220
v 22479.9842 30535.8244 91.2220
v 22479.9842 30535.8244 91.2220
v 22479.9842 30535.8244 91.2220
v 22479.9842 30535.8244 91.2220
v 22479.9842 30535.8244 91.2220
v 22479.9842 30535.8244 91.2220
v 22479.2933 30537.6280 91.2220
v 22479.2933 30537.6280 91.2220
v 22479.2933 30537.6280 91.2220
v 22479.2933 30537.6280 91.2220
v 22479.2933 30537.6280 91.2220
v 22479.1761 30537.6295 91.3870
v 22479.1761 30537.6295 91.3870
v 22479.1761 30537.6295 91.3870
v 22479.1761 30537.6295 91.3870
v 22479.1761 30537.6295 91.3870
v 22479.1761 30537.6295 91.3870
v 22479.1761 30537.6295 91.3870
v 22480.2298 30537.6161 91.3870
v 22480.2298 30537.6161 91.3870
v 22480.2298 30537.6161 91.3870
v 22480.2298 30537.6161 91.3870
v 22479.1985 30539.3548 91.3870
v 22479.1985 30539.3548 91.3870
v 22479.1985 30539.3548 91.3870
v 22479.1985 30539.3548 91.3870
v 22480.2522 30539.3414 91.3870
v 22480.2522 30539.3414 91.3870
v 22480.2522 30539.3414 91.3870
v 22480.2522 30539.3414 91.3870
v 22480.2522 30539.3414 91.3870
v 22480.2522 30539.3414 91.3870
v 22480.2298 30537.6161 90.1920
v 22480.2298 30537.6161 90.1920
v 22480.2298 30537.6161 90.1920
v 22480.2298 30537.6161 90.1920
v 22480.2298 30537.6161 90.1920
v 22480.2298 30537.6161 90.1920
v 22480.4489 30535.8117 90.1920
v 22480.4489 30535.8117 90.1920
v 22480.4489 30535.8117 90.1920
v 22480.4489 30535.8117 90.1920
v 22480.4489 30535.8117 90.1920
v 22480.4489 30535.8117 90.1920
v 22480.4489 30535.8117 90.1920
v 22480.4489 30535.8117 90.1920
v 22480.4489 30535.8117 91.2220
v 22480.4489 30535.8117 91.2220
v 22480.4489 30535.8117 91.2220
v 22480.4489 30535.8117 91.2220
v 22480.4434 30537.3045 91.4120
v 22480.4434 30537.3045 91.4120
v 22480.4434 30537.3045 91.4120
v 22480.4434 30537.3045 91.4120
v 22480.4434 30537.3045 91.4120
v 22480.4434 30537.3045 91.4120
v 22480.4434 30537.3045 91.4120
v 22481.5620 30534.3699 91.4120
v 22481.5620 30534.3699 91.4120
v 22481.5620 30534.3699 91.4120
v 22481.5620 30534.3699 91.4120
v 22481.5513 30537.3086 91.4120
v 22481.5513 30537.3086 91.4120
v 22481.5513 30537.3086 91.4120
v 22481.5513 30537.3086 91.4120
v 22480.4542 30534.3658 91.4120
v 22480.4542 30534.3658 91.4120
v 22480.4542 30534.3658 91.4120
v 22480.4542 30534.3658 91.4120
v 22480.4542 30534.3658 91.4120
v 22480.4542 30534.3658 91.4120
v 22480.4518 30535.0114 91.2220
v 22480.4518 30535.0114 91.2220
v 22480.4518 30535.0114 91.2220
v 22480.4518 30535.0114 91.2220
v 22480.4518 30535.0114 91.2220
v 22480.4518 30535.0114 91.2220
v 22480.4518 30535.0114 91.2220
v 22480.4518 30535.0114 91.2220
v 22479.6604 30535.0287 91.2220
v 22479.6604 30535.0287 91.2220
v 22479.6604 30535.0287 91.2220
v 22479.6604 30535.0287 91.2220
v 22479.4046 30535.2084 91.2220
v 22479.4046 30535.2084 91.2220
v 22479.4046 30535.2084 91.2220
v 22479.4046 30535.2084 91.2220
v 22479.4046 30535.2084 91.2220
v 22479.2503 30535.6374 91.2220
v 22479.2503 30535.6374 91.2220
v 22479.2503 30535.6374 91.2220
v 22479.2503 30535.6374 91.2220
v 22479.2503 30535.6374 91.2220
v 22479.2503 30535.6374 91.2220
v 22479.2934 30537.6280 90.1920
v 22479.2934 30537.6280 90.1920
v 22479.2934 30537.6280 90.1920
v 22479.2934 30537.6280 90.1920
v 22479.2934 30537.6280 90.1920
v 22479.1761 30537.6295 90.1920
v 22479.1761 30537.6295 90.1920
v 22479.1761 30537.6295 90.1920
v 22479.1761 30537.6295 90.1920
v 22479.1761 30537.6295 90.1920
v 22479.1761 30537.6295 90.1920
v 22479.1985 30539.3548 90.1920
v 22479.1985 30539.3548 90.1920
v 22479.1985 30539.3548 90.1920
v 22479.1985 30539.3548 90.1920
v 22479.1985 30539.3548 90.1920
v 22479.1985 30539.3548 90.1920
v 22479.1985 30539.3548 90.1920
v 22480.2522 30539.3414 90.1920
v 22480.2522 30539.3414 90.1920
v 22480.2522 30539.3414 90.1920
v 22480.2522 30539.3414 90.1920
v 22480.2522 30539.3414 90.1920
v 22480.2522 30539.3414 90.1920
v 22480.4434 30537.3045 90.1920
v 22480.4434 30537.3045 90.1920
v 22480.4434 30537.3045 90.1920
v 22480.4434 30537.3045 90.1920
v 22480.4434 30537.3045 90.1920
v 22481.5513 30537.3086 90.1920
v 22481.5513 30537.3086 90.1920
v 22481.5513 30537.3086 90.1920
v 22481.5513 30537.3086 90.1920
v 22481.5513 30537.3086 90.1920
v 22481.5513 30537.3086 90.1920
v 22481.5620 30534.3699 90.1920
v 22481.5620 30534.3699 90.1920
v 22481.5620 30534.3699 90.1920
v 22481.5620 30534.3699 90.1920
v 22481.5620 30534.3699 90.1920
v 22481.5620 30534.3699 90.1920
v 22480.4542 30534.3658 90.1920
v 22480.4542 30534.3658 90.1920
v 22480.4542 30534.3658 90.1920
v 22480.4542 30534.3658 90.1920
v 22480.4542 30534.3658 90.1920
v 22480.4542 30534.3658 90.1920
v 22480.4518 30535.0114 90.1920
v 22480.4518 30535.0114 90.1920
v 22480.4518 30535.0114 90.1920
v 22479.6604 30535.0287 90.1920
v 22479.6604 30535.0287 90.1920
v 22479.6604 30535.0287 90.1920
v 22479.6604 30535.0287 90.1920
v 22479.6604 30535.0287 90.1920
v 22479.6604 30535.0287 90.1920
v 22479.6604 30535.0287 90.1920
v 22479.4046 30535.2084 90.1920
v 22479.4046 30535.2084 90.1920
v 22479.4046 30535.2084 90.1920
v 22479.4046 30535.2084 90.1920
v 22479.4046 30535.2084 90.1920
v 22479.2503 30535.6374 90.1920
v 22479.2503 30535.6374 90.1920
v 22479.2503 30535.6374 90.1920
v 22479.2503 30535.6374 90.1920
v 22479.2503 30535.6374 90.1920
v 22479.2503 30535.6374 90.1920
v 22478.0316 30538.1650 90.1920
v 22478.0316 30538.1650 90.1920
v 22478.0316 30538.1650 90.1920
v 22478.0316 30538.1650 90.1920
v 22478.0316 30538.1650 90.1920
v 22478.0316 30538.1650 90.1920
v 22478.0316 30538.1650 90.1920
v 22478.0316 30538.1650 90.1920
v 22478.0316 30538.1650 90.1920
v 22476.4636 30533.3358 90.1919
v 22476.4636 30533.3358 90.1919
v 22476.4636 30533.3358 90.1919
v 22476.4636 30533.3358 90.1919
v 22476.4636 30533.3358 90.1919
v 22476.4636 30533.3358 90.1919
v 22474.4278 30533.2868 90.1919
v 22474.4278 30533.2868 90.1919
v 22474.4278 30533.2868 90.1919
v 22474.4278 30533.2868 90.1919
v 22474.4278 30533.2868 90.1919
v 22474.4278 30533.2868 90.1919
v 22474.4278 30533.2868 90.1919
v 22464.9936 30533.9392 85.4619
v 22464.9936 30533.9392 85.4619
v 22464.9936 30533.9392 85.4619
v 22464.9936 30533.9392 85.4619
v 22464.9936 30533.9392 85.4619
v 22465.0284 30540.1704 90.1919
v 22465.0284 30540.1704 90.1919
v 22465.0284 30540.1704 90.1919
v 22465.0284 30540.1704 90.1919
v 22465.0284 30540.1704 90.1919
v 22465.0284 30540.1704 90.1919
v 22465.0284 30540.1704 90.1919
v 22465.0284 30540.1704 90.1919
v 22465.0284 30540.1704 90.1919
v 22465.0284 30540.1704 90.1919
v 22481.6050 30540.5700 90.1920
v 22481.6050 30540.5700 90.1920
v 22481.6050 30540.5700 90.1920
v 22481.6050 30540.5700 90.1920
v 22481.6050 30540.5700 90.1920
v 22481.6050 30540.5700 90.1920
v 22481.6050 30540.5700 90.1920
v 22481.6050 30540.5700 90.1920
v 22481.6050 30540.5700 90.1920
v 22481.6050 30540.5700 90.1920
v 22481.6050 30540.5700 90.1920
v 22481.6050 30540.5700 90.1920
v 22481.6050 30540.5700 90.1920
v 22408.0420 30531.7440 81.6470
v 22408.0420 30531.7440 81.6470
v 22408.0420 30531.7440 81.6470
v 22408.0420 30531.7440 81.6470
v 22408.0420 30531.7440 81.6470
v 22408.0420 30531.7440 81.6470
v 22408.0167 30529.9649 81.6470
v 22408.0167 30529.9649 81.6470
v 22408.0167 30529.9649 81.6470
v 22408.0167 30529.9649 79.5570
v 22408.0167 30529.9649 79.5570
v 22408.0167 30529.9649 79.5570
v 22408.0167 30529.9649 79.5570
v 22408.0167 30529.9649 79.5570
v 22408.0167 30529.9649 79.5570
v 22406.4988 30529.9865 81.6470
v 22406.4988 30529.9865 81.6470
v 22406.4988 30529.9865 81.6470
v 22406.4988 30529.9865 81.6470
v 22406.4988 30529.9865 81.6470
v 22406.5241 30531.7656 81.6470
v 22406.5241 30531.7656 81.6470
v 22406.5241 30531.7656 81.6470
v 22406.5241 30531.7656 81.6470
v 22406.5241 30531.7656 79.5570
v 22406.5241 30531.7656 79.5570
v 22406.5241 30531.7656 79.5570
v 22406.5241 30531.7656 79.5570
v 22406.5241 30531.7656 79.5570
v 22406.5241 30531.7656 79.5570
v 22408.0420 30531.7440 79.5570
v 22408.0420 30531.7440 79.5570
v 22408.0420 30531.7440 79.5570
v 22408.0420 30531.7440 79.5570
v 22408.0420 30531.7440 79.5570
v 22408.0420 30531.7440 79.5570
v 22410.2276 30528.3186 82.0120
v 22410.2276 30528.3186 82.0120
v 22410.2276 30528.3186 82.0120
v 22410.2276 30528.3186 82.0120
v 22408.5971 30528.3515 82.0120
v 22408.5971 30528.3515 82.0120
v 22408.5971 30528.3515 82.0120
v 22408.5971 30528.3515 82.0120
v 22408.5971 30528.3515 82.0120
v 22408.5971 30528.3515 82.0120
v 22408.5971 30528.3515 82.0120
v 22410.2276 30528.3186 79.5570
v 22410.2276 30528.3186 79.5570
v 22410.2276 30528.3186 79.5570
v 22410.2276 30528.3186 79.5570
v 22410.2276 30528.3186 79.5570
v 22408.5971 30528.3515 79.5570
v 22408.5971 30528.3515 79.5570
v 22408.5971 30528.3515 79.5570
v 22408.5971 30528.3515 79.5570
v 22408.5971 30528.3515 79.5570
v 22408.5971 30528.3515 79.5570
v 22408.5971 30528.3515 79.5570
v 22408.5971 30528.3515 79.5570
v 22408.6161 30529.2945 82.0120
v 22408.6161 30529.2945 82.0120
v 22408.6161 30529.2945 82.0120
v 22408.6161 30529.2945 82.0120
v 22408.6161 30529.2945 79.5570
v 22408.6161 30529.2945 79.5570
v 22408.6161 30529.2945 79.5570
v 22408.6161 30529.2945 79.5570
v 22408.6161 30529.2945 79.5570
v 22408.6161 30529.2945 79.5570
v 22408.6161 30529.2945 79.5570
v 22406.4988 30529.9865 79.5570
v 22406.4988 30529.9865 79.5570
v 22406.4988 30529.9865 79.5570
v 22406.4988 30529.9865 79.5570
v 22406.4988 30529.9865 79.5570
v 22406.4988 30529.9865 79.5570
v 22406.4988 30529.9865 79.5570
v 22406.4988 30529.9865 79.5570
v 22468.3438 30584.0630 0.0002
v 22468.3438 30584.0630 0.0002
v 22468.3438 30584.0630 0.0002
v 22466.2201 30584.0450 0.0002
v 22466.2201 30584.0450 0.0002
v 22466.2201 30584.0450 0.0002
v 22468.3437 30584.0628 22.8472
v 22468.3437 30584.0628 22.8472
v 22468.3437 30584.0628 22.8472
v 22468.3437 30584.0628 22.8472
v 22468.3437 30584.0628 22.8472
v 22465.2380 30584.0365 22.8472
v 22465.2380 30584.0365 22.8472
v 22465.2380 30584.0365 22.8472
v 22465.2380 30584.0365 22.8472
v 22469.2761 30601.2528 22.8474
v 22469.2761 30601.2528 22.8474
v 22469.2761 30601.2528 22.8474
v 22469.2761 30601.2528 22.8474
v 22469.2761 30601.2528 22.8474
v 22469.2761 30601.2528 22.8474
v 22469.2761 30601.2528 22.8474
v 22466.2200 30584.0448 22.8472
v 22466.2200 30584.0448 22.8472
v 22466.2200 30584.0448 22.8472
v 22466.2200 30584.0448 22.8472
v 22466.2200 30584.0448 22.8472
v 22466.2200 30584.0448 22.8472
v 22466.2200 30584.0448 22.8472
v 22466.2291 30582.9620 0.0002
v 22466.2291 30582.9620 0.0002
v 22466.2291 30582.9620 0.0002
v 22466.2290 30582.9618 22.8472
v 22466.2290 30582.9618 22.8472
v 22466.2290 30582.9618 22.8472
v 22466.2290 30582.9618 22.8472
v 22466.2290 30582.9618 22.8472
v 22466.2290 30582.9618 22.8472
v 22468.3528 30582.9801 0.0002
v 22468.3528 30582.9801 0.0002
v 22468.3528 30582.9801 0.0002
v 22468.3527 30582.9799 22.8472
v 22468.3527 30582.9799 22.8472
v 22468.3527 30582.9799 22.8472
v 22468.3527 30582.9799 22.8472
v 22468.3527 30582.9799 22.8472
v 22468.3527 30582.9799 22.8472
v 22468.3527 30582.9799 22.8472
v 22469.2978 30582.9879 22.8472
v 22469.2978 30582.9879 22.8472
v 22469.2978 30582.9879 22.8472
v 22469.2978 30582.9879 22.8472
v 22469.2760 30601.2527 23.1474
v 22469.2760 30601.2527 23.1474
v 22469.2760 30601.2527 23.1474
v 22469.2760 30601.2527 23.1474
v 22469.2760 30601.2527 23.1474
v 22469.2760 30601.2527 23.1474
v 22469.2760 30601.2527 23.1474
v 22469.3263 30559.1210 23.1470
v 22469.3263 30559.1210 23.1470
v 22469.3263 30559.1210 23.1470
v 22469.3263 30559.1210 23.1470
v 22470.2615 30600.8666 25.4924
v 22470.2615 30600.8666 25.4924
v 22470.2615 30600.8666 25.4924
v 22470.2615 30600.8666 25.4924
v 22470.2615 30600.8666 25.4924
v 22465.2177 30601.2481 27.2473
v 22465.2177 30601.2481 27.2473
v 22465.2177 30601.2481 27.2473
v 22465.2177 30601.2481 27.2473
v 22469.2757 30601.2529 27.2474
v 22469.2757 30601.2529 27.2474
v 22469.2757 30601.2529 27.2474
v 22469.2757 30601.2529 27.2474
v 22469.2757 30601.2529 27.2474
v 22464.1240 30600.8593 25.4923
v 22464.1240 30600.8593 25.4923
v 22464.1240 30600.8593 25.4923
v 22464.1240 30600.8593 25.4923
v 22464.1240 30600.8593 25.4923
v 22465.2175 30601.2480 23.1473
v 22465.2175 30601.2480 23.1473
v 22465.2175 30601.2480 23.1473
v 22465.2175 30601.2480 23.1473
v 22465.2175 30601.2480 23.1473
v 22465.2175 30601.2480 23.1473
v 22465.2175 30601.2480 22.8473
v 22465.2175 30601.2480 22.8473
v 22465.2175 30601.2480 22.8473
v 22465.2175 30601.2480 22.8473
v 22465.2175 30601.2480 22.8473
v 22465.2175 30601.2480 22.8473
v 22465.2678 30559.1135 22.8470
v 22465.2678 30559.1135 22.8470
v 22465.2678 30559.1135 22.8470
v 22465.2678 30559.1135 22.8470
v 22465.2678 30559.1135 22.8470
v 22465.2678 30559.1135 22.8470
v 22465.2678 30559.1135 22.8470
v 22465.2678 30559.1135 22.8470
v 22469.3263 30559.1210 22.8470
v 22469.3263 30559.1210 22.8470
v 22469.3263 30559.1210 22.8470
v 22469.3263 30559.1210 22.8470
v 22469.3263 30559.1210 22.8470
v 22469.3263 30559.1210 22.8470
v 22469.3263 30559.1210 22.8470
v 22469.3263 30559.1210 22.8470
v 22478.3126 30559.1376 22.8470
v 22478.3126 30559.1376 22.8470
v 22478.3126 30559.1376 22.8470
v 22478.3126 30559.1376 22.8470
v 22478.3126 30559.1376 22.8470
v 22478.3126 30559.1376 22.8470
v 22470.3113 30559.1228 25.4920
v 22470.3113 30559.1228 25.4920
v 22470.3113 30559.1228 25.4920
v 22470.3113 30559.1228 25.4920
v 22470.3113 30559.1228 25.4920
v 22470.3113 30559.1228 25.4920
v 22469.3260 30559.1210 27.2470
v 22469.3260 30559.1210 27.2470
v 22469.3260 30559.1210 27.2470
v 22469.3260 30559.1210 27.2470
v 22469.3260 30559.1210 27.2470
v 22469.3260 30559.1210 27.2470
v 22469.3260 30559.1210 27.2470
v 22465.2680 30559.1135 27.2470
v 22465.2680 30559.1135 27.2470
v 22465.2680 30559.1135 27.2470
v 22465.2680 30559.1135 27.2470
v 22464.1738 30559.1115 25.4920
v 22464.1738 30559.1115 25.4920
v 22464.1738 30559.1115 25.4920
v 22464.1738 30559.1115 25.4920
v 22464.1738 30559.1115 25.4920
v 22465.2678 30559.1135 23.1470
v 22465.2678 30559.1135 23.1470
v 22465.2678 30559.1135 23.1470
v 22465.2678 30559.1135 23.1470
v 22465.2678 30559.1135 23.1470
v 22465.2678 30559.1135 23.1470
v 22421.3245 30559.0322 22.8470
v 22421.3245 30559.0322 22.8470
v 22421.3245 30559.0322 22.8470
v 22421.3245 30559.0322 22.8470
v 22421.3245 30559.0322 22.8470
v 22421.3245 30559.0322 22.8470
v 22421.3244 30559.0323 0.0000
v 22421.3244 30559.0323 0.0000
v 22478.3127 30559.1378 0.0001
v 22478.3127 30559.1378 0.0001
v 22478.3127 30559.1378 0.0001
v 22478.3127 30559.1378 0.0001
v 22478.3127 30559.1378 0.0001
v 22496.3580 30541.0353 0.0003
v 22496.3580 30541.0353 0.0003
v 22496.3580 30541.0353 0.0003
v 22496.3580 30541.0353 0.0003
v 22469.4633 30558.0710 79.5570
v 22469.4633 30558.0710 79.5570
v 22469.4633 30558.0710 79.5570
v 22469.4612 30556.7979 79.5570
v 22469.4612 30556.7979 79.5570
v 22469.4612 30556.7979 79.5570
v 22469.4612 30556.7979 79.5570
v 22469.4612 30556.7979 79.5570
v 22469.4612 30556.7979 79.5570
v 22469.4633 30558.0710 80.9570
v 22469.4633 30558.0710 80.9570
v 22469.4633 30558.0710 80.9570
v 22469.4633 30558.0710 80.9570
v 22469.4633 30558.0710 80.9570
v 22469.4633 30558.0710 80.9570
v 22469.4633 30558.0710 80.9570
v 22469.4639 30558.5077 88.7070
v 22469.4639 30558.5077 88.7070
v 22469.4639 30558.5077 88.7070
v 22469.4639 30558.5077 88.7070
v 22469.4639 30558.5077 88.7070
v 22469.4639 30558.5077 88.7070
v 22469.4640 30558.5078 80.9570
v 22469.4640 30558.5078 80.9570
v 22469.4640 30558.5078 80.9570
v 22469.4640 30558.5078 80.9570
v 22469.4640 30558.5078 80.9570
v 22469.4640 30558.5078 80.9570
v 22470.1161 30558.5062 88.7070
v 22470.1161 30558.5062 88.7070
v 22470.1161 30558.5062 88.7070
v 22470.1161 30558.5062 88.7070
v 22470.1161 30558.5062 80.9570
v 22470.1161 30558.5062 80.9570
v 22470.1161 30558.5062 80.9570
v 22470.1161 30558.5062 80.9570
v 22470.1161 30558.5062 80.9570
v 22470.1161 30558.5062 80.9570
v 22470.1161 30558.5062 80.9570
v 22477.4796 30558.0858 80.9570
v 22477.4796 30558.0858 80.9570
v 22477.4796 30558.0858 80.9570
v 22477.4796 30558.0858 80.9570
v 22477.4796 30558.0858 80.9570
v 22477.4796 30558.0858 80.9570
v 22477.4796 30558.0858 80.9570
v 22477.4796 30558.0858 79.5570
v 22477.4796 30558.0858 79.5570
v 22477.4796 30558.0858 79.5570
v 22477.4776 30556.7854 79.5570
v 22477.4776 30556.7854 79.5570
v 22477.4776 30556.7854 79.5570
v 22477.4776 30556.7854 79.5570
v 22477.4776 30556.7854 79.5570
v 22477.4776 30556.7854 79.5570
v 22470.1135 30556.7967 79.5570
v 22470.1135 30556.7967 79.5570
v 22470.1135 30556.7967 79.5570
v 22470.1135 30556.7967 79.5570
v 22470.1154 30558.0722 79.5570
v 22470.1154 30558.0722 79.5570
v 22470.1154 30558.0722 79.5570
v 22470.1154 30558.0722 79.5570
v 22470.1154 30558.0722 79.5570
v 22470.1154 30558.0722 79.5570
v 22470.1154 30558.0722 80.9570
v 22470.1154 30558.0722 80.9570
v 22470.1154 30558.0722 80.9570
v 22470.1154 30558.0722 80.9570
v 22477.4802 30558.5061 80.9570
v 22477.4802 30558.5061 80.9570
v 22477.4802 30558.5061 80.9570
v 22477.4802 30558.5061 80.9570
v 22477.4802 30558.5061 80.9570
v 22477.4802 30558.5061 80.9570
v 22478.0748 30558.5049 80.9570
v 22478.0748 30558.5049 80.9570
v 22478.0748 30558.5049 80.9570
v 22478.0748 30558.5049 80.9570
v 22478.0748 30558.5049 80.9570
v 22478.0742 30557.8889 80.9570
v 22478.0742 30557.8889 80.9570
v 22478.0742 30557.8889 80.9570
v 22478.0742 30557.8889 80.9570
v 22478.0742 30557.8889 80.9570
v 22495.3160 30540.5924 80.9571
v 22495.3160 30540.5924 80.9571
v 22495.3160 30540.5924 80.9571
v 22495.3160 30540.5924 80.9571
v 22495.3160 30540.5924 80.9571
v 22495.3160 30540.5924 80.9571
v 22495.3160 30540.5924 80.9571
v 22473.5209 30500.8193 28.5120
v 22473.5209 30500.8193 28.5120
v 22473.5209 30500.8193 28.5120
v 22473.5209 30500.8193 28.5120
v 22477.9723 30505.6864 28.5120
v 22477.9723 30505.6864 28.5120
v 22477.9723 30505.6864 28.5120
v 22477.9723 30505.6864 28.5120
v 22477.9723 30505.6864 28.5120
v 22477.9723 30505.6864 28.5120
v 22477.9723 30505.6864 28.5120
v 22457.9494 30500.8668 28.5119
v 22457.9494 30500.8668 28.5119
v 22457.9494 30500.8668 28.5119
v 22457.9494 30500.8668 28.5119
v 22457.9494 30500.8668 28.5119
v 22453.5357 30505.2439 28.5119
v 22453.5357 30505.2439 28.5119
v 22453.5357 30505.2439 28.5119
v 22453.5357 30505.2439 28.5119
v 22453.5357 30505.2439 28.5119
v 22453.5728 30509.6881 28.5119
v 22453.5728 30509.6881 28.5119
v 22453.5728 30509.6881 28.5119
v 22453.5728 30509.6881 28.5119
v 22453.5728 30509.6881 28.5119
v 22453.5728 30509.6881 28.5119
v 22478.0066 30509.8516 28.5120
v 22478.0066 30509.8516 28.5120
v 22478.0066 30509.8516 28.5120
v 22478.0066 30509.8516 28.5120
v 22478.0066 30509.8516 28.5120
v 22478.0066 30509.8516 28.5120
v 22478.0066 30509.8516 28.5120
v 22478.0589 30510.3261 80.9570
v 22478.0589 30510.3261 80.9570
v 22478.0589 30510.3261 80.9570
v 22478.0589 30510.3261 80.9570
v 22478.0589 30510.3261 80.9570
v 22478.0589 30510.3261 80.9570
v 22478.0589 30509.8521 80.9570
v 22478.0589 30509.8521 80.9570
v 22478.0589 30509.8521 80.9570
v 22478.0589 30509.8521 80.9570
v 22478.0589 30509.8521 80.9570
v 22478.0589 30509.8521 80.9570
v 22478.0589 30509.8521 80.9570
v 22478.0589 30509.8521 80.9570
v 22478.0589 30509.8521 80.9570
v 22478.0589 30509.8521 80.9570
v 22478.0589 30509.8521 80.9570
v 22478.0589 30509.8521 80.9570
v 22478.0589 30509.8521 80.9570
v 22478.0589 30509.8521 80.9570
v 22478.0589 30509.8521 80.9570
v 22478.0589 30509.8521 80.9570
v 22478.0589 30509.8521 80.9570
v 22478.0589 30509.8521 80.9570
v 22478.0589 30509.8521 80.9570
v 22478.7534 30509.8568 80.9570
v 22478.7534 30509.8568 80.9570
v 22478.7534 30509.8568 80.9570
v 22478.7534 30509.8568 80.9570
v 22478.7534 30509.8568 80.9570
v 22478.7534 30509.8568 80.9570
v 22478.7534 30509.8568 80.9570
v 22478.7534 30509.8568 80.9570
v 22478.7534 30509.8568 80.9570
v 22478.7534 30509.8568 80.9570
v 22478.7535 30509.8567 59.6020
v 22478.7535 30509.8567 59.6020
v 22478.7535 30509.8567 59.6020
v 22478.7535 30509.8567 59.6020
v 22478.7535 30509.8567 59.6020
v 22478.7535 30509.8567 59.6020
v 22483.6307 30514.7376 76.1020
v 22483.6307 30514.7376 76.1020
v 22483.6307 30514.7376 76.1020
v 22483.6307 30514.7376 76.1020
v 22483.6307 30514.7376 76.1020
v 22490.1522 30514.6547 76.1020
v 22490.1522 30514.6547 76.1020
v 22490.1522 30514.6547 76.1020
v 22490.1522 30514.6547 76.1020
v 22490.2370 30521.3489 76.1020
v 22490.2370 30521.3489 76.1020
v 22490.2370 30521.3489 76.1020
v 22490.2370 30521.3489 76.1020
v 22490.2370 30521.3489 76.1020
v 22490.2370 30521.3489 76.1020
v 22490.1523 30514.6546 59.6020
v 22490.1523 30514.6546 59.6020
v 22490.1523 30514.6546 59.6020
v 22490.1523 30514.6546 59.6020
v 22490.2371 30521.3489 59.6020
v 22490.2371 30521.3489 59.6020
v 22490.2371 30521.3489 59.6020
v 22490.2371 30521.3489 59.6020
v 22490.2371 30521.3489 59.6020
v 22492.4264 30523.5395 26.4905
v 22492.4264 30523.5395 26.4905
v 22492.4264 30523.5395 26.4905
v 22492.4264 30523.5395 26.4905
v 22492.4264 30523.5395 26.4905
v 22492.4264 30523.5395 26.4905
v 22493.9205 30504.4020 24.6180
v 22493.9205 30504.4020 24.6180
v 22493.9205 30504.4020 24.6180
v 22493.9205 30504.4020 24.6180
v 22494.7016 30506.9356 24.7657
v 22494.7016 30506.9356 24.7657
v 22494.7016 30506.9356 24.7657
v 22494.7016 30506.9356 24.7657
v 22494.7016 30506.9356 24.7657
v 22492.9339 30502.2244 24.6173
v 22492.9339 30502.2244 24.6173
v 22492.9339 30502.2244 24.6173
v 22492.9339 30502.2244 24.6173
v 22492.9339 30502.2244 24.6173
v 22492.9339 30502.2244 24.6173
v 22492.9339 30502.2244 24.6173
v 22492.9339 30502.2244 24.6173
v 22492.9339 30502.2244 24.6173
v 22494.7176 30510.3442 24.9148
v 22494.7176 30510.3442 24.9148
v 22494.7176 30510.3442 24.9148
v 22494.7176 30510.3442 24.9148
v 22494.7176 30510.3442 24.9148
v 22494.7176 30510.3442 24.9148
v 22489.1791 30497.8723 24.6161
v 22489.1791 30497.8723 24.6161
v 22489.1791 30497.8723 24.6161
v 22489.1791 30497.8723 24.6161
v 22491.2961 30500.0533 24.6167
v 22491.2961 30500.0533 24.6167
v 22491.2961 30500.0533 24.6167
v 22491.2961 30500.0533 24.6167
v 22491.2961 30500.0533 24.6167
v 22491.2961 30500.0533 24.6167
v 22483.1925 30504.6282 24.6203
v 22483.1925 30504.6282 24.6203
v 22483.1925 30504.6282 24.6203
v 22483.1925 30504.6282 24.6203
v 22483.1925 30504.6282 24.6203
v 22485.0153 30506.7086 24.6208
v 22485.0153 30506.7086 24.6208
v 22485.0153 30506.7086 24.6208
v 22485.0153 30506.7086 24.6208
v 22485.0153 30506.7086 24.6208
v 22485.0153 30506.7086 24.6208
v 22485.6393 30508.0293 24.8269
v 22485.6393 30508.0293 24.8269
v 22485.6393 30508.0293 24.8269
v 22485.6393 30508.0293 24.8269
v 22485.6393 30508.0293 24.8269
v 22485.6769 30509.3067 24.9379
v 22485.6769 30509.3067 24.9379
v 22485.6769 30509.3067 24.9379
v 22485.6769 30509.3067 24.9379
v 22485.6769 30509.3067 24.9379
v 22485.6769 30509.3067 24.9379
v 22485.6769 30509.3067 24.9379
v 22485.6769 30509.3067 24.9379
v 22494.4880 30525.6027 26.6983
v 22494.4880 30525.6027 26.6983
v 22494.4880 30525.6027 26.6983
v 22494.4880 30525.6027 26.6983
v 22494.4880 30525.6027 26.6983
v 22494.4880 30525.6027 26.6983
v 22485.5538 30516.6618 25.7323
v 22485.5538 30516.6618 25.7323
v 22485.5538 30516.6618 25.7323
v 22485.5538 30516.6618 25.7323
v 22485.5538 30516.6618 25.7323
v 22483.6308 30514.7376 59.6020
v 22483.6308 30514.7376 59.6020
v 22483.6308 30514.7376 59.6020
v 22483.6308 30514.7376 59.6020
v 22483.6308 30514.7376 59.6020
v 22483.6308 30514.7376 59.6020
v 22483.6308 30514.7376 59.6020
v 22496.6244 30527.7411 80.9571
v 22496.6244 30527.7411 80.9571
v 22496.6244 30527.7411 80.9571
v 22496.6244 30527.7411 80.9571
v 22496.6244 30527.7411 80.9571
v 22496.6244 30527.7411 80.9571
v 22496.6244 30527.7411 80.9571
v 22496.6244 30527.7411 80.9571
v 22496.6244 30527.7411 80.9571
v 22496.6244 30527.7411 80.9571
v 22496.6245 30527.7411 76.1021
v 22496.6245 30527.7411 76.1021
v 22496.6245 30527.7411 76.1021
v 22496.3573 30541.0351 80.9571
v 22496.3573 30541.0351 80.9571
v 22496.3573 30541.0351 80.9571
v 22496.3573 30541.0351 80.9571
v 22496.3573 30541.0351 80.9571
v 22496.3573 30541.0351 80.9571
v 22496.3573 30541.0351 80.9571
v 22496.6251 30527.7411 0.0003
v 22496.6251 30527.7411 0.0003
v 22496.6251 30527.7411 0.0003
v 22496.6251 30527.7411 0.0003
v 22494.4882 30525.6027 0.0003
v 22494.4882 30525.6027 0.0003
v 22494.4882 30525.6027 0.0003
v 22494.7178 30510.3442 0.0004
v 22494.7178 30510.3442 0.0004
v 22494.7178 30510.3442 0.0004
v 22494.7018 30506.9355 0.0004
v 22494.7018 30506.9355 0.0004
v 22494.7018 30506.9355 0.0004
v 22493.9207 30504.4020 0.0004
v 22493.9207 30504.4020 0.0004
v 22493.9207 30504.4020 0.0004
v 22492.9340 30502.2243 0.0004
v 22492.9340 30502.2243 0.0004
v 22492.9340 30502.2243 0.0004
v 22491.2963 30500.0532 0.0004
v 22491.2963 30500.0532 0.0004
v 22491.2963 30500.0532 0.0004
v 22489.1793 30497.8722 0.0004
v 22489.1793 30497.8722 0.0004
v 22489.1793 30497.8722 0.0004
v 22483.1927 30504.6281 0.0003
v 22483.1927 30504.6281 0.0003
v 22483.1927 30504.6281 0.0003
v 22485.0155 30506.7086 0.0003
v 22485.0155 30506.7086 0.0003
v 22485.0155 30506.7086 0.0003
v 22485.6395 30508.0293 0.0003
v 22485.6395 30508.0293 0.0003
v 22485.6395 30508.0293 0.0003
v 22485.6770 30509.3066 0.0003
v 22485.6770 30509.3066 0.0003
v 22485.6770 30509.3066 0.0003
v 22485.5539 30516.6617 0.0003
v 22485.5539 30516.6617 0.0003
v 22485.5539 30516.6617 0.0003
v 22485.5539 30516.6617 0.0003
v 22485.5539 30516.6617 0.0003
v 22485.5539 30516.6617 0.0003
v 22478.7538 30509.8566 0.0003
v 22478.7538 30509.8566 0.0003
v 22478.7538 30509.8566 0.0003
v 22478.0067 30509.8516 0.0002
v 22478.0067 30509.8516 0.0002
v 22477.9724 30505.6863 0.0003
v 22477.9724 30505.6863 0.0003
v 22477.9724 30505.6863 0.0003
v 22473.5210 30500.8192 0.0003
v 22473.5210 30500.8192 0.0003
v 22473.5210 30500.8192 0.0003
v 22457.9495 30500.8667 0.0002
v 22457.9495 30500.8667 0.0002
v 22457.9495 30500.8667 0.0002
v 22453.5357 30505.2438 0.0002
v 22453.5357 30505.2438 0.0002
v 22453.5357 30505.2438 0.0002
v 22453.5728 30509.6880 0.0001
v 22453.5728 30509.6880 0.0001
v 22453.5728 30509.6880 0.0001
v 22421.1565 30509.4711 0.0001
v 22421.1565 30509.4711 0.0001
v 22421.1565 30509.4711 0.0001
v 22403.1426 30527.7016 0.0001
v 22403.1426 30527.7016 0.0001
v 22403.1426 30527.7016 0.0001
v 22403.1432 30527.7016 80.9570
v 22403.1432 30527.7016 80.9570
v 22403.1432 30527.7016 80.9570
v 22403.1432 30527.7016 80.9570
v 22403.1432 30527.7016 80.9570
v 22403.1937 30540.8622 0.0001
v 22403.1937 30540.8622 0.0001
v 22403.1937 30540.8622 0.0001
v 22403.1937 30540.8622 0.0001
v 22391.9540 30553.6528 24.0237
v 22391.9540 30553.6528 24.0237
v 22391.9540 30553.6528 24.0237
v 22391.9540 30553.6528 24.0237
v 22391.9540 30553.6528 24.0237
v 22391.5022 30550.8824 24.0237
v 22391.5022 30550.8824 24.0237
v 22391.5022 30550.8824 24.0237
v 22391.5022 30550.8824 24.0237
v 22391.5022 30550.8824 24.0237
v 22391.9540 30553.6528 26.8021
v 22391.9540 30553.6528 26.8021
v 22391.9540 30553.6528 26.8021
v 22391.9540 30553.6528 26.8021
v 22391.5023 30550.8823 26.7176
v 22391.5023 30550.8823 26.7176
v 22391.5023 30550.8823 26.7176
v 22391.5023 30550.8823 26.7176
v 22391.5023 30550.8823 26.7176
v 22394.8227 30550.3373 24.3799
v 22394.8227 30550.3373 24.3799
v 22394.8227 30550.3373 24.3799
v 22394.8227 30550.3373 24.3799
v 22394.8227 30550.3373 24.3799
v 22394.8227 30550.3373 24.3799
v 22397.4262 30550.0879 24.3676
v 22397.4262 30550.0879 24.3676
v 22397.4262 30550.0879 24.3676
v 22397.4262 30550.0879 24.3676
v 22396.3981 30550.0787 24.3730
v 22396.3981 30550.0787 24.3730
v 22396.3981 30550.0787 24.3730
v 22396.3981 30550.0787 24.3730
v 22396.3981 30550.0787 24.3730
v 22396.3981 30550.0787 24.3730
v 22397.9480 30541.3610 24.4155
v 22397.9480 30541.3610 24.4155
v 22397.9480 30541.3610 24.4155
v 22397.9480 30541.3610 24.4155
v 22397.9480 30541.3610 24.4155
v 22397.9480 30541.3610 24.4155
v 22397.9480 30541.3610 24.4155
v 22379.5500 30536.7800 24.8771
v 22379.5500 30536.7800 24.8771
v 22379.5500 30536.7800 24.8771
v 22379.5500 30536.7800 24.8771
v 22387.0069 30532.2241 24.8771
v 22387.0069 30532.2241 24.8771
v 22387.0069 30532.2241 24.8771
v 22387.0069 30532.2241 24.8771
v 22387.0069 30532.2241 24.8771
v 22383.4586 30543.2268 24.8769
v 22383.4586 30543.2268 24.8769
v 22383.4586 30543.2268 24.8769
v 22383.4586 30543.2268 24.8769
v 22383.4586 30543.2268 24.8769
v 22383.4586 30543.2268 24.8769
v 22390.3084 30537.6995 24.8764
v 22390.3084 30537.6995 24.8764
v 22390.3084 30537.6995 24.8764
v 22390.3084 30537.6995 24.8764
v 22390.3084 30537.6995 24.8764
v 22390.3084 30537.6995 24.8764
v 22386.9519 30547.4155 24.3889
v 22386.9519 30547.4155 24.3889
v 22386.9519 30547.4155 24.3889
v 22386.9519 30547.4155 24.3889
v 22386.9519 30547.4155 24.3889
v 22392.2876 30539.8398 24.3893
v 22392.2876 30539.8398 24.3893
v 22392.2876 30539.8398 24.3893
v 22392.2876 30539.8398 24.3893
v 22392.2876 30539.8398 24.3893
v 22392.2876 30539.8398 24.3893
v 22393.0915 30550.3984 24.3887
v 22393.0915 30550.3984 24.3887
v 22393.0915 30550.3984 24.3887
v 22393.0915 30550.3984 24.3887
v 22393.0915 30550.3984 24.3887
v 22393.0915 30550.3984 24.3887
v 22393.0915 30550.3984 24.3887
v 22393.0915 30550.3984 24.3887
v 22394.2074 30540.9330 24.3893
v 22394.2074 30540.9330 24.3893
v 22394.2074 30540.9330 24.3893
v 22394.2074 30540.9330 24.3893
v 22394.2074 30540.9330 24.3893
v 22394.8227 30550.3373 24.0236
v 22394.8227 30550.3373 24.0236
v 22394.8227 30550.3373 24.0236
v 22394.8227 30550.3373 24.0236
v 22394.8227 30550.3373 24.0236
v 22394.8227 30550.3373 24.0236
v 22394.8227 30550.3373 24.0236
v 22394.8227 30550.3373 24.0236
v 22394.8227 30550.3373 24.0236
v 22394.8227 30550.3373 24.0236
v 22398.8325 30551.9003 21.5675
v 22398.8325 30551.9003 21.5675
v 22398.8325 30551.9003 21.5675
v 22398.8325 30551.9003 21.5675
v 22398.8325 30551.9003 21.5675
v 22398.8325 30551.9003 21.5675
v 22398.8327 30551.8018 21.5021
v 22398.8327 30551.8018 21.5021
v 22398.8327 30551.8018 21.5021
v 22398.8327 30551.8018 21.5021
v 22400.6730 30551.8601 21.5021
v 22400.6730 30551.8601 21.5021
v 22400.6730 30551.8601 21.5021
v 22400.6730 30551.8601 21.5021
v 22400.6730 30551.8601 21.5021
v 22400.6730 30551.8601 21.5021
v 22400.6730 30551.8601 21.5021
v 22398.8336 30551.3465 21.5021
v 22398.8336 30551.3465 21.5021
v 22398.8336 30551.3465 21.5021
v 22398.8336 30551.3465 21.5021
v 22398.8336 30551.3465 21.5021
v 22398.8336 30551.3465 21.5021
v 22398.8336 30551.3465 21.5021
v 22398.7866 30551.3464 24.0236
v 22398.7866 30551.3464 24.0236
v 22398.7866 30551.3464 24.0236
v 22398.7866 30551.3464 24.0236
v 22398.7866 30551.3464 24.0236
v 22398.7866 30551.3464 24.0236
v 22398.7635 30551.3464 21.5021
v 22398.7635 30551.3464 21.5021
v 22398.7635 30551.3464 21.5021
v 22398.7635 30551.3464 21.5021
v 22398.7635 30551.3464 21.5021
v 22398.7635 30551.3464 21.5021
v 22398.7635 30551.3464 21.5021
v 22398.8336 30551.3465 24.0236
v 22398.8336 30551.3465 24.0236
v 22398.8336 30551.3465 24.0236
v 22398.8336 30551.3465 24.0236
v 22398.8336 30551.3465 24.0236
v 22398.8336 30551.3465 24.0236
v 22398.8320 30552.1238 24.0236
v 22398.8320 30552.1238 24.0236
v 22398.8320 30552.1238 24.0236
v 22398.8320 30552.1238 24.0236
v 22398.8320 30552.1238 24.0236
v 22398.8320 30552.1238 24.0236
v 22398.8320 30552.1238 21.7123
v 22398.8320 30552.1238 21.7123
v 22398.8320 30552.1238 21.7123
v 22398.8320 30552.1238 21.7123
v 22398.9565 30554.2538 23.0921
v 22398.9565 30554.2538 23.0921
v 22398.9565 30554.2538 23.0921
v 22398.9565 30554.2538 23.0921
v 22398.9565 30554.2538 23.0921
v 22398.9565 30554.2538 23.0921
v 22398.9565 30554.2538 23.0921
v 22397.1986 30556.1907 23.0921
v 22397.1986 30556.1907 23.0921
v 22397.1986 30556.1907 23.0921
v 22397.2000 30554.2525 23.0921
v 22397.2000 30554.2525 23.0921
v 22397.2000 30554.2525 23.0921
v 22397.2000 30554.2525 23.0921
v 22397.2000 30554.2525 23.0921
v 22397.2000 30554.2525 23.0921
v 22397.2000 30554.2525 23.0921
v 22397.2000 30554.2525 23.0921
v 22400.7713 30556.1932 23.0921
v 22400.7713 30556.1932 23.0921
v 22400.7713 30556.1932 23.0921
v 22400.7713 30556.1932 23.0921
v 22400.7713 30556.1932 23.0921
v 22400.7713 30556.1932 23.0921
v 22400.7727 30554.2551 23.0921
v 22400.7727 30554.2551 23.0921
v 22400.7727 30554.2551 23.0921
v 22400.7727 30554.2551 23.0921
v 22400.7727 30554.2551 23.0921
v 22400.7727 30554.2551 23.0921
v 22400.7727 30554.2551 23.0921
v 22400.6730 30551.8601 18.6971
v 22400.6730 30551.8601 18.6971
v 22400.6730 30551.8601 18.6971
v 22400.6730 30551.8601 18.6971
v 22400.7228 30550.2877 18.6971
v 22400.7228 30550.2877 18.6971
v 22400.7228 30550.2877 18.6971
v 22400.7228 30550.2877 18.6971
v 22400.7228 30550.2877 18.6971
v 22400.7228 30550.2877 18.6971
v 22400.7228 30550.2877 21.5021
v 22400.7228 30550.2877 21.5021
v 22400.7228 30550.2877 21.5021
v 22400.7228 30550.2877 21.5021
v 22400.7228 30550.2877 21.5021
v 22398.7978 30550.2633 21.5021
v 22398.7978 30550.2633 21.5021
v 22398.7978 30550.2633 21.5021
v 22398.7978 30550.2633 21.5021
v 22398.7978 30550.2633 21.5021
v 22398.7978 30550.2633 21.5021
v 22398.7978 30550.2633 21.5021
v 22398.7978 30550.2633 21.5021
v 22398.7978 30550.2633 21.5021
v 22398.7635 30551.3464 18.6971
v 22398.7635 30551.3464 18.6971
v 22398.7635 30551.3464 18.6971
v 22398.7635 30551.3464 18.6971
v 22398.7635 30551.3464 18.6971
v 22398.7978 30550.2633 18.6971
v 22398.7978 30550.2633 18.6971
v 22398.7978 30550.2633 18.6971
v 22397.4167 30550.2457 18.6971
v 22397.4167 30550.2457 18.6971
v 22397.4167 30550.2457 18.6971
v 22397.4167 30550.2457 18.6971
v 22397.4167 30550.2457 18.6971
v 22397.4167 30550.2457 18.6971
v 22397.4167 30550.2457 18.6971
v 22397.2202 30551.3433 18.6971
v 22397.2202 30551.3433 18.6971
v 22397.2202 30551.3433 18.6971
v 22397.2202 30551.3433 18.6971
v 22397.2202 30551.3433 18.6971
v 22397.2202 30551.3433 18.6971
v 22397.2202 30551.3433 18.6971
v 22397.2202 30551.3433 18.6971
v 22397.2202 30551.3433 18.6971
v 22397.2186 30552.1204 18.6971
v 22397.2186 30552.1204 18.6971
v 22397.2186 30552.1204 18.6971
v 22397.2186 30552.1204 18.6971
v 22397.1999 30554.2525 18.6971
v 22397.1999 30554.2525 18.6971
v 22397.1999 30554.2525 18.6971
v 22397.1999 30554.2525 18.6971
v 22397.1999 30554.2525 18.6971
v 22397.2186 30552.1204 24.0236
v 22397.2186 30552.1204 24.0236
v 22397.2186 30552.1204 24.0236
v 22397.2186 30552.1204 24.0236
v 22397.2186 30552.1204 24.0236
v 22397.2202 30551.3432 24.0236
v 22397.2202 30551.3432 24.0236
v 22397.2202 30551.3432 24.0236
v 22397.2202 30551.3432 24.0236
v 22397.2202 30551.3432 24.0236
v 22397.2202 30551.3432 24.0236
v 22397.2202 30551.3432 24.0236
v 22397.2202 30551.3432 24.0236
v 22397.4167 30550.2457 24.0236
v 22397.4167 30550.2457 24.0236
v 22397.4167 30550.2457 24.0236
v 22397.4167 30550.2457 24.0236
v 22397.4167 30550.2457 24.0236
v 22397.4167 30550.2457 24.0236
v 22397.4167 30550.2457 24.0236
v 22398.7233 30550.2623 24.0236
v 22398.7233 30550.2623 24.0236
v 22398.7233 30550.2623 24.0236
v 22398.7233 30550.2623 24.0236
v 22396.8296 30550.2665 18.6971
v 22396.8296 30550.2665 18.6971
v 22396.8296 30550.2665 18.6971
v 22396.8296 30550.2665 18.6971
v 22396.8296 30550.2665 18.6971
v 22396.8296 30550.2665 18.6971
v 22396.8595 30558.4375 18.6971
v 22396.8595 30558.4375 18.6971
v 22396.8595 30558.4375 18.6971
v 22396.8595 30558.4375 18.6971
v 22396.8595 30558.4375 18.6971
v 22396.8595 30558.4375 18.6971
v 22396.8595 30558.4375 18.6971
v 22397.1985 30556.1907 18.6971
v 22397.1985 30556.1907 18.6971
v 22397.1985 30556.1907 18.6971
v 22397.1985 30556.1907 18.6971
v 22397.1985 30556.1907 18.6971
v 22397.1985 30556.1907 18.6971
v 22397.1985 30556.1907 18.6971
v 22400.7713 30556.1933 18.6971
v 22400.7713 30556.1933 18.6971
v 22400.7713 30556.1933 18.6971
v 22400.7713 30556.1933 18.6971
v 22400.7713 30556.1933 18.6971
v 22400.7727 30554.2551 18.6971
v 22400.7727 30554.2551 18.6971
v 22400.7727 30554.2551 18.6971
v 22400.7727 30554.2551 18.6971
v 22400.7727 30554.2551 18.6971
v 22400.7727 30554.2551 18.6971
v 22412.7513 30550.4404 18.6970
v 22412.7513 30550.4404 18.6970
v 22412.7513 30550.4404 18.6970
v 22412.7513 30550.4404 18.6970
v 22412.7513 30550.4404 18.6970
v 22412.7513 30550.4404 24.0235
v 22412.7513 30550.4404 24.0235
v 22412.7513 30550.4404 24.0235
v 22412.7513 30550.4404 24.0235
v 22412.7513 30550.4404 24.0235
v 22412.7513 30550.4404 24.0235
v 22412.7513 30550.4404 24.0235
v 22412.7513 30550.4404 24.0235
v 22412.7513 30550.4404 24.0235
v 22398.8591 30552.5864 24.0236
v 22398.8591 30552.5864 24.0236
v 22398.8591 30552.5864 24.0236
v 22398.8591 30552.5864 24.0236
v 22398.8591 30552.5864 24.0236
v 22398.8591 30552.5864 24.0236
v 22398.8591 30552.5864 24.0236
v 22397.2146 30552.5835 24.0236
v 22397.2146 30552.5835 24.0236
v 22397.2146 30552.5835 24.0236
v 22397.2146 30552.5835 24.0236
v 22397.2146 30552.5835 24.0236
v 22397.2146 30552.5835 24.0236
v 22397.2146 30552.5835 24.0236
v 22397.2127 30552.7962 24.0236
v 22397.2127 30552.7962 24.0236
v 22397.2127 30552.7962 24.0236
v 22397.2127 30552.7962 24.0236
v 22396.7840 30552.7930 24.0236
v 22396.7840 30552.7930 24.0236
v 22396.7840 30552.7930 24.0236
v 22396.7840 30552.7930 24.0236
v 22396.7840 30552.7930 24.0236
v 22396.7840 30552.7930 24.0236
v 22396.7840 30552.7930 24.0236
v 22396.7840 30552.7930 24.0236
v 22396.7840 30552.7930 26.2028
v 22396.7840 30552.7930 26.2028
v 22396.7840 30552.7930 26.2028
v 22396.7840 30552.7930 26.2028
v 22396.7840 30552.7930 26.2028
v 22396.7840 30552.7930 26.2028
v 22396.3981 30550.0787 26.1494
v 22396.3981 30550.0787 26.1494
v 22396.3981 30550.0787 26.1494
v 22396.3981 30550.0787 26.1494
v 22396.3981 30550.0787 26.1494
v 22396.3981 30550.0787 26.1494
v 22396.3981 30550.0787 26.1494
v 22396.3981 30550.0787 26.1494
v 22412.5342 30550.2228 24.4784
v 22412.5342 30550.2228 24.4784
v 22412.5342 30550.2228 24.4784
v 22412.5342 30550.2228 24.4784
v 22412.5342 30550.2228 24.4784
v 22397.5259 30550.0888 24.3686
v 22397.5259 30550.0888 24.3686
v 22397.5259 30550.0888 24.3686
v 22397.5259 30550.0888 24.3686
v 22397.5259 30550.0888 24.3686
v 22403.5227 30541.4685 24.4711
v 22403.5227 30541.4685 24.4711
v 22403.5227 30541.4685 24.4711
v 22403.5227 30541.4685 24.4711
v 22403.5227 30541.4685 24.4711
v 22403.5227 30541.4685 24.4711
v 22403.5227 30541.4685 24.4711
v 22403.5225 30541.4686 0.0001
v 22403.5225 30541.4686 0.0001
v 22403.5225 30541.4686 0.0001
v 22397.9478 30541.3611 0.0001
v 22397.9478 30541.3611 0.0001
v 22397.9478 30541.3611 0.0001
v 22394.2072 30540.9330 0.0002
v 22394.2072 30540.9330 0.0002
v 22394.2072 30540.9330 0.0002
v 22392.2874 30539.8398 0.0002
v 22392.2874 30539.8398 0.0002
v 22392.2874 30539.8398 0.0002
v 22390.3082 30537.6996 0.0002
v 22390.3082 30537.6996 0.0002
v 22390.3082 30537.6996 0.0002
v 22387.0067 30532.2241 0.0002
v 22387.0067 30532.2241 0.0002
v 22387.0067 30532.2241 0.0002
v 22379.5497 30536.7801 0.0003
v 22379.5497 30536.7801 0.0003
v 22379.5497 30536.7801 0.0003
v 22383.4583 30543.2269 0.0002
v 22383.4583 30543.2269 0.0002
v 22383.4583 30543.2269 0.0002
v 22386.9517 30547.4156 0.0002
v 22386.9517 30547.4156 0.0002
v 22386.9517 30547.4156 0.0002
v 22386.9517 30547.4156 0.0002
v 22393.0913 30550.3985 0.0002
v 22393.0913 30550.3985 0.0002
v 22393.0913 30550.3985 0.0002
v 22396.8294 30550.2665 0.0001
v 22396.8294 30550.2665 0.0001
v 22396.8294 30550.2665 0.0001
v 22396.8593 30558.4376 0.0001
v 22396.8593 30558.4376 0.0001
v 22396.8593 30558.4376 0.0001
v 22420.6435 30558.3500 0.0000
v 22420.6435 30558.3500 0.0000
v 22420.6435 30558.3500 0.0000
v 22420.6435 30558.3500 0.0000
v 22420.6435 30558.3500 0.0000
v 22420.6436 30558.3499 18.6970
v 22420.6436 30558.3499 18.6970
v 22420.6436 30558.3499 18.6970
v 22420.6436 30558.3499 18.6970
v 22420.6436 30558.3499 18.6970
v 22420.6436 30558.3499 18.6970
v 22420.6436 30558.3499 18.6970
v 22420.6436 30558.3499 18.6970
v 22415.2359 30552.9303 24.0235
v 22415.2359 30552.9303 24.0235
v 22415.2359 30552.9303 24.0235
v 22415.2359 30552.9303 24.0235
v 22415.2359 30552.9303 24.0235
v 22415.2359 30552.9303 24.0235
v 22415.2359 30552.9303 24.0235
v 22415.2359 30552.9303 24.0235
v 22415.2359 30552.9303 24.0235
v 22415.2359 30552.9303 26.0287
v 22415.2359 30552.9303 26.0287
v 22415.2359 30552.9303 26.0287
v 22415.2359 30552.9303 26.0287
v 22415.2359 30552.9303 26.0287
v 22415.2359 30552.9303 26.0287
v 22415.1468 30552.8410 26.0276
v 22415.1468 30552.8410 26.0276
v 22415.1468 30552.8410 26.0276
v 22415.1468 30552.8410 26.0276
v 22412.5342 30550.2228 26.0450
v 22412.5342 30550.2228 26.0450
v 22412.5342 30550.2228 26.0450
v 22412.5342 30550.2228 26.0450
v 22412.5342 30550.2228 26.0450
v 22404.0853 30541.7555 24.4733
v 22404.0853 30541.7555 24.4733
v 22404.0853 30541.7555 24.4733
v 22404.0853 30541.7555 24.4733
v 22404.0853 30541.7555 24.4733
v 22404.0853 30541.7555 24.4733
v 22403.6795 30541.3488 24.4350
v 22403.6795 30541.3488 24.4350
v 22403.6795 30541.3488 24.4350
v 22403.6795 30541.3488 24.4350
v 22403.6795 30541.3488 24.4350
v 22403.6795 30541.3488 24.4350
v 22403.6795 30541.3488 24.4350
v 22403.6793 30541.3489 0.0001
v 22403.6793 30541.3489 0.0001
v 22403.1942 30540.8620 80.9570
v 22403.1942 30540.8620 80.9570
v 22403.1942 30540.8620 80.9570
v 22403.1942 30540.8620 80.9570
v 22403.1942 30540.8620 80.9570
v 22403.1942 30540.8620 80.9570
v 22404.1948 30528.1311 80.9570
v 22404.1948 30528.1311 80.9570
v 22404.1948 30528.1311 80.9570
v 22404.1948 30528.1311 80.9570
v 22404.1948 30528.1311 80.9570
v 22404.1948 30528.1311 80.9570
v 22404.1948 30528.1311 80.9570
v 22421.1568 30509.4713 80.9569
v 22421.1568 30509.4713 80.9569
v 22421.1568 30509.4713 80.9569
v 22421.1568 30509.4713 80.9569
v 22421.1568 30509.4713 80.9569
v 22421.1568 30509.4713 80.9569
v 22421.1568 30509.4713 80.9569
v 22421.1568 30509.4713 80.9569
v 22421.1568 30509.4713 80.9569
v 22421.1568 30509.4713 80.9569
v 22421.3569 30510.2946 80.9569
v 22421.3569 30510.2946 80.9569
v 22421.3569 30510.2946 80.9569
v 22421.3569 30510.2946 80.9569
v 22421.3569 30510.2946 80.9569
v 22422.0222 30510.2965 80.9569
v 22422.0222 30510.2965 80.9569
v 22422.0222 30510.2965 80.9569
v 22422.0222 30510.2965 80.9569
v 22422.0222 30510.2965 80.9569
v 22422.0222 30510.2965 80.9569
v 22422.0222 30510.2965 80.9569
v 22422.0222 30510.2965 89.3969
v 22422.0222 30510.2965 89.3969
v 22422.0222 30510.2965 89.3969
v 22422.0222 30510.2965 89.3969
v 22422.0219 30510.5271 80.9569
v 22422.0219 30510.5271 80.9569
v 22422.0219 30510.5271 80.9569
v 22422.0219 30510.5271 80.9569
v 22422.0219 30510.5271 80.9569
v 22422.0219 30510.5271 80.9569
v 22422.0219 30510.5271 80.9569
v 22422.0219 30510.5271 79.5569
v 22422.0219 30510.5271 79.5569
v 22422.0219 30510.5271 79.5569
v 22422.0202 30512.0332 79.5569
v 22422.0202 30512.0332 79.5569
v 22422.0202 30512.0332 79.5569
v 22422.0202 30512.0332 79.5569
v 22422.0202 30512.0332 79.5569
v 22429.4226 30512.0395 79.5569
v 22429.4226 30512.0395 79.5569
v 22429.4226 30512.0395 79.5569
v 22429.4226 30512.0395 79.5569
v 22429.4228 30510.5766 79.5569
v 22429.4228 30510.5766 79.5569
v 22429.4228 30510.5766 79.5569
v 22429.4228 30510.5766 79.5569
v 22429.4228 30510.5766 79.5569
v 22429.4228 30510.5766 79.5569
v 22429.4228 30510.5766 80.9569
v 22429.4228 30510.5766 80.9569
v 22429.4228 30510.5766 80.9569
v 22429.4228 30510.5766 80.9569
v 22429.4228 30510.5766 80.9569
v 22429.4229 30510.3167 80.9569
v 22429.4229 30510.3167 80.9569
v 22429.4229 30510.3167 80.9569
v 22429.4229 30510.3167 80.9569
v 22429.4229 30510.3167 80.9569
v 22429.4229 30510.3167 80.9569
v 22430.0561 30510.3167 80.9569
v 22430.0561 30510.3167 80.9569
v 22430.0561 30510.3167 80.9569
v 22430.0561 30510.3167 80.9569
v 22430.0561 30510.3167 80.9569
v 22430.0561 30510.3167 80.9569
v 22430.0561 30510.3167 80.9569
v 22430.0561 30510.5808 80.9569
v 22430.0561 30510.5808 80.9569
v 22430.0561 30510.5808 80.9569
v 22430.0561 30510.5808 80.9569
v 22430.0561 30510.5808 80.9569
v 22430.0561 30510.5808 80.9569
v 22430.0561 30510.5808 80.9569
v 22430.0561 30510.5808 79.5569
v 22430.0561 30510.5808 79.5569
v 22430.0561 30510.5808 79.5569
v 22430.0561 30510.5808 79.5569
v 22430.0559 30512.0395 79.5569
v 22430.0559 30512.0395 79.5569
v 22430.0559 30512.0395 79.5569
v 22430.0559 30512.0395 79.5569
v 22437.3575 30512.0541 79.5569
v 22437.3575 30512.0541 79.5569
v 22437.3575 30512.0541 79.5569
v 22437.3575 30512.0541 79.5569
v 22437.3575 30512.0541 79.5569
v 22437.3593 30510.6297 79.5569
v 22437.3593 30510.6297 79.5569
v 22437.3593 30510.6297 79.5569
v 22437.3593 30510.6297 79.5569
v 22437.3593 30510.6297 79.5569
v 22437.3593 30510.6297 80.9569
v 22437.3593 30510.6297 80.9569
v 22437.3593 30510.6297 80.9569
v 22437.3593 30510.6297 80.9569
v 22437.3593 30510.6297 80.9569
v 22437.3597 30510.2769 80.9569
v 22437.3597 30510.2769 80.9569
v 22437.3597 30510.2769 80.9569
v 22437.3597 30510.2769 80.9569
v 22437.3597 30510.2769 80.9569
v 22437.3597 30510.2769 80.9569
v 22438.0330 30510.2777 80.9569
v 22438.0330 30510.2777 80.9569
v 22438.0330 30510.2777 80.9569
v 22438.0330 30510.2777 80.9569
v 22438.0330 30510.2777 80.9569
v 22438.0330 30510.2777 80.9569
v 22438.0330 30510.2777 80.9569
v 22437.3597 30510.2769 89.3969
v 22437.3597 30510.2769 89.3969
v 22437.3597 30510.2769 89.3969
v 22437.3597 30510.2769 89.3969
v 22437.3597 30510.2769 89.3969
v 22438.0330 30510.2778 89.3969
v 22438.0330 30510.2778 89.3969
v 22438.0330 30510.2778 89.3969
v 22438.0330 30510.2778 89.3969
v 22438.0326 30510.6342 80.9569
v 22438.0326 30510.6342 80.9569
v 22438.0326 30510.6342 80.9569
v 22438.0326 30510.6342 80.9569
v 22438.0326 30510.6342 80.9569
v 22438.0326 30510.6342 80.9569
v 22438.0326 30510.6342 80.9569
v 22438.0326 30510.6342 79.5569
v 22438.0326 30510.6342 79.5569
v 22438.0326 30510.6342 79.5569
v 22438.0308 30512.0549 79.5569
v 22438.0308 30512.0549 79.5569
v 22438.0308 30512.0549 79.5569
v 22438.0308 30512.0549 79.5569
v 22438.0308 30512.0549 79.5569
v 22445.3958 30512.0620 79.5569
v 22445.3958 30512.0620 79.5569
v 22445.3958 30512.0620 79.5569
v 22445.3958 30512.0620 79.5569
v 22445.3973 30510.6835 79.5569
v 22445.3973 30510.6835 79.5569
v 22445.3973 30510.6835 79.5569
v 22445.3973 30510.6835 79.5569
v 22445.3973 30510.6835 79.5569
v 22445.3973 30510.6835 79.5569
v 22445.3973 30510.6835 80.9569
v 22445.3973 30510.6835 80.9569
v 22445.3973 30510.6835 80.9569
v 22445.3973 30510.6835 80.9569
v 22445.3973 30510.6835 80.9569
v 22445.3978 30510.2694 80.9569
v 22445.3978 30510.2694 80.9569
v 22445.3978 30510.2694 80.9569
v 22445.3978 30510.2694 80.9569
v 22445.3978 30510.2694 80.9569
v 22445.3978 30510.2694 80.9569
v 22446.0338 30510.2702 80.9569
v 22446.0338 30510.2702 80.9569
v 22446.0338 30510.2702 80.9569
v 22446.0338 30510.2702 80.9569
v 22446.0338 30510.2702 80.9569
v 22446.0338 30510.2702 80.9569
v 22446.0338 30510.2702 80.9569
v 22445.3978 30510.2694 89.3969
v 22445.3978 30510.2694 89.3969
v 22445.3978 30510.2694 89.3969
v 22445.3978 30510.2694 89.3969
v 22445.3978 30510.2694 89.3969
v 22446.0338 30510.2702 89.3969
v 22446.0338 30510.2702 89.3969
v 22446.0338 30510.2702 89.3969
v 22446.0338 30510.2702 89.3969
v 22446.0334 30510.6878 80.9569
v 22446.0334 30510.6878 80.9569
v 22446.0334 30510.6878 80.9569
v 22446.0334 30510.6878 80.9569
v 22446.0334 30510.6878 80.9569
v 22446.0334 30510.6878 80.9569
v 22446.0334 30510.6878 80.9569
v 22446.0334 30510.6878 79.5569
v 22446.0334 30510.6878 79.5569
v 22446.0334 30510.6878 79.5569
v 22446.0318 30512.0628 79.5569
v 22446.0318 30512.0628 79.5569
v 22446.0318 30512.0628 79.5569
v 22446.0318 30512.0628 79.5569
v 22446.0318 30512.0628 79.5569
v 22453.4165 30512.0700 79.5569
v 22453.4165 30512.0700 79.5569
v 22453.4165 30512.0700 79.5569
v 22453.4165 30512.0700 79.5569
v 22453.4178 30510.7372 79.5569
v 22453.4178 30510.7372 79.5569
v 22453.4178 30510.7372 79.5569
v 22453.4178 30510.7372 79.5569
v 22453.4178 30510.7372 79.5569
v 22453.4178 30510.7372 79.5569
v 22453.4178 30510.7372 80.9569
v 22453.4178 30510.7372 80.9569
v 22453.4178 30510.7372 80.9569
v 22453.4178 30510.7372 80.9569
v 22453.4178 30510.7372 80.9569
v 22453.4182 30510.3140 80.9569
v 22453.4182 30510.3140 80.9569
v 22453.4182 30510.3140 80.9569
v 22453.4182 30510.3140 80.9569
v 22453.4182 30510.3140 80.9569
v 22453.4182 30510.3140 80.9569
v 22454.0465 30510.3146 80.9569
v 22454.0465 30510.3146 80.9569
v 22454.0465 30510.3146 80.9569
v 22454.0465 30510.3146 80.9569
v 22454.0465 30510.3146 80.9569
v 22454.0465 30510.3146 80.9569
v 22454.0465 30510.3146 80.9569
v 22453.4182 30510.3140 89.3969
v 22453.4182 30510.3140 89.3969
v 22453.4182 30510.3140 89.3969
v 22453.4182 30510.3140 89.3969
v 22453.4182 30510.3140 89.3969
v 22454.0465 30510.3147 89.3969
v 22454.0465 30510.3147 89.3969
v 22454.0465 30510.3147 89.3969
v 22454.0465 30510.3147 89.3969
v 22454.0461 30510.7414 80.9569
v 22454.0461 30510.7414 80.9569
v 22454.0461 30510.7414 80.9569
v 22454.0461 30510.7414 80.9569
v 22454.0461 30510.7414 80.9569
v 22454.0461 30510.7414 80.9569
v 22454.0461 30510.7414 80.9569
v 22454.0461 30510.7414 79.5569
v 22454.0461 30510.7414 79.5569
v 22454.0461 30510.7414 79.5569
v 22454.0448 30512.0707 79.5569
v 22454.0448 30512.0707 79.5569
v 22454.0448 30512.0707 79.5569
v 22454.0448 30512.0707 79.5569
v 22454.0448 30512.0707 79.5569
v 22461.4189 30512.0777 79.5569
v 22461.4189 30512.0777 79.5569
v 22461.4189 30512.0777 79.5569
v 22461.4189 30512.0777 79.5569
v 22461.4200 30510.7908 79.5569
v 22461.4200 30510.7908 79.5569
v 22461.4200 30510.7908 79.5569
v 22461.4200 30510.7908 79.5569
v 22461.4200 30510.7908 79.5569
v 22461.4200 30510.7908 79.5569
v 22461.4200 30510.7908 80.9569
v 22461.4200 30510.7908 80.9569
v 22461.4200 30510.7908 80.9569
v 22461.4200 30510.7908 80.9569
v 22461.4200 30510.7908 80.9569
v 22461.4205 30510.3033 80.9569
v 22461.4205 30510.3033 80.9569
v 22461.4205 30510.3033 80.9569
v 22461.4205 30510.3033 80.9569
v 22461.4205 30510.3033 80.9569
v 22461.4205 30510.3033 80.9569
v 22462.0564 30510.3039 80.9569
v 22462.0564 30510.3039 80.9569
v 22462.0564 30510.3039 80.9569
v 22462.0564 30510.3039 80.9569
v 22462.0564 30510.3039 80.9569
v 22462.0564 30510.3039 80.9569
v 22462.0564 30510.3039 80.9569
v 22461.4204 30510.3033 89.3969
v 22461.4204 30510.3033 89.3969
v 22461.4204 30510.3033 89.3969
v 22461.4204 30510.3033 89.3969
v 22461.4204 30510.3033 89.3969
v 22462.0564 30510.3039 89.3969
v 22462.0564 30510.3039 89.3969
v 22462.0564 30510.3039 89.3969
v 22462.0564 30510.3039 89.3969
v 22462.0560 30510.7950 80.9569
v 22462.0560 30510.7950 80.9569
v 22462.0560 30510.7950 80.9569
v 22462.0560 30510.7950 80.9569
v 22462.0560 30510.7950 80.9569
v 22462.0560 30510.7950 80.9569
v 22462.0560 30510.7950 80.9569
v 22462.0560 30510.7950 79.5569
v 22462.0560 30510.7950 79.5569
v 22462.0560 30510.7950 79.5569
v 22462.0549 30512.0783 79.5569
v 22462.0549 30512.0783 79.5569
v 22462.0549 30512.0783 79.5569
v 22462.0549 30512.0783 79.5569
v 22462.0549 30512.0783 79.5569
v 22469.3845 30512.0851 79.5569
v 22469.3845 30512.0851 79.5569
v 22469.3845 30512.0851 79.5569
v 22469.3845 30512.0851 79.5569
v 22469.3854 30510.8441 79.5569
v 22469.3854 30510.8441 79.5569
v 22469.3854 30510.8441 79.5569
v 22469.3854 30510.8441 79.5569
v 22469.3854 30510.8441 79.5569
v 22469.3854 30510.8441 79.5569
v 22469.3854 30510.8441 80.9569
v 22469.3854 30510.8441 80.9569
v 22469.3854 30510.8441 80.9569
v 22469.3854 30510.8441 80.9569
v 22469.3854 30510.8441 80.9569
v 22469.3858 30510.3126 80.9569
v 22469.3858 30510.3126 80.9569
v 22469.3858 30510.3126 80.9569
v 22469.3858 30510.3126 80.9569
v 22469.3858 30510.3126 80.9569
v 22469.3858 30510.3126 80.9569
v 22470.0064 30510.3132 80.9569
v 22470.0064 30510.3132 80.9569
v 22470.0064 30510.3132 80.9569
v 22470.0064 30510.3132 80.9569
v 22470.0064 30510.3132 80.9569
v 22470.0064 30510.3132 80.9569
v 22470.0064 30510.3132 80.9569
v 22470.0063 30510.3132 89.3969
v 22470.0063 30510.3132 89.3969
v 22470.0063 30510.3132 89.3969
v 22470.0063 30510.3132 89.3969
v 22470.0060 30510.8482 80.9569
v 22470.0060 30510.8482 80.9569
v 22470.0060 30510.8482 80.9569
v 22470.0060 30510.8482 80.9569
v 22470.0060 30510.8482 80.9569
v 22470.0060 30510.8482 80.9569
v 22470.0060 30510.8482 80.9569
v 22470.0060 30510.8482 79.5569
v 22470.0060 30510.8482 79.5569
v 22470.0060 30510.8482 79.5569
v 22470.0050 30512.0857 79.5569
v 22470.0050 30512.0857 79.5569
v 22470.0050 30512.0857 79.5569
v 22470.0050 30512.0857 79.5569
v 22470.0050 30512.0857 79.5569
v 22477.4262 30512.0925 79.5570
v 22477.4262 30512.0925 79.5570
v 22477.4262 30512.0925 79.5570
v 22477.4262 30512.0925 79.5570
v 22477.4272 30510.8979 79.5570
v 22477.4272 30510.8979 79.5570
v 22477.4272 30510.8979 79.5570
v 22477.4272 30510.8979 79.5570
v 22477.4272 30510.8979 79.5570
v 22477.4272 30510.8979 79.5570
v 22477.4272 30510.8979 80.9570
v 22477.4272 30510.8979 80.9570
v 22477.4272 30510.8979 80.9570
v 22477.4272 30510.8979 80.9570
v 22477.4272 30510.8979 80.9570
v 22477.4276 30510.3247 80.9570
v 22477.4276 30510.3247 80.9570
v 22477.4276 30510.3247 80.9570
v 22477.4276 30510.3247 80.9570
v 22477.4276 30510.3247 80.9570
v 22477.4276 30510.3247 80.9570
v 22477.4276 30510.3248 89.3970
v 22477.4276 30510.3248 89.3970
v 22477.4276 30510.3248 89.3970
v 22477.4276 30510.3248 89.3970
v 22477.4276 30510.3248 89.3970
v 22478.0588 30510.3261 89.3970
v 22478.0588 30510.3261 89.3970
v 22478.0588 30510.3261 89.3970
v 22478.0588 30510.3261 89.3970
v 22478.0589 30510.9021 80.9570
v 22478.0589 30510.9021 80.9570
v 22478.0589 30510.9021 80.9570
v 22478.0589 30510.9021 80.9570
v 22478.0589 30510.9021 80.9570
v 22478.0589 30510.9021 80.9570
v 22478.0589 30510.9021 80.9570
v 22478.0589 30510.9021 80.9570
v 22478.3154 30510.9039 80.9570
v 22478.3154 30510.9039 80.9570
v 22478.3154 30510.9039 80.9570
v 22478.3154 30510.9039 80.9570
v 22478.3154 30510.9039 80.9570
v 22495.5657 30528.1670 80.9571
v 22495.5657 30528.1670 80.9571
v 22495.5657 30528.1670 80.9571
v 22495.5657 30528.1670 80.9571
v 22495.5657 30528.1670 80.9571
v 22495.5657 30528.1670 80.9571
v 22495.5657 30528.1670 80.9571
v 22495.3160 30540.5924 79.5571
v 22495.3160 30540.5924 79.5571
v 22495.3160 30540.5924 79.5571
v 22495.3160 30540.5924 79.5571
v 22495.3160 30540.5924 79.5571
v 22478.0742 30557.8889 79.5570
v 22478.0742 30557.8889 79.5570
v 22478.0742 30557.8889 79.5570
v 22478.0742 30557.8889 79.5570
v 22478.0742 30557.8889 79.5570
v 22478.0566 30540.5402 79.5570
v 22478.0566 30540.5402 79.5570
v 22478.0566 30540.5402 79.5570
v 22478.0566 30540.5402 79.5570
v 22478.0566 30540.5402 79.5570
v 22478.0748 30558.5049 88.7070
v 22478.0748 30558.5049 88.7070
v 22478.0748 30558.5049 88.7070
v 22478.0748 30558.5049 88.7070
v 22478.0748 30558.5049 88.7070
v 22478.0748 30558.5049 88.7070
v 22477.4802 30558.5061 88.7070
v 22477.4802 30558.5061 88.7070
v 22477.4802 30558.5061 88.7070
v 22477.4802 30558.5061 88.7070
v 22477.4802 30558.5061 88.7070
v 22477.4802 30558.5061 88.7070
v 22477.4775 30556.7851 88.7070
v 22477.4775 30556.7851 88.7070
v 22477.4775 30556.7851 88.7070
v 22477.4775 30556.7851 88.7070
v 22477.4775 30556.7851 88.7070
v 22470.1134 30556.7964 88.7070
v 22470.1134 30556.7964 88.7070
v 22470.1134 30556.7964 88.7070
v 22470.1134 30556.7964 88.7070
v 22470.1134 30556.7964 88.7070
v 22470.1134 30556.7964 88.7070
v 22470.1134 30556.7964 88.7070
v 22470.1134 30556.7964 88.7070
v 22470.1134 30556.7964 88.7070
v 22469.4612 30556.7975 88.7070
v 22469.4612 30556.7975 88.7070
v 22469.4612 30556.7975 88.7070
v 22469.4612 30556.7975 88.7070
v 22469.4612 30556.7975 88.7070
v 22469.4612 30556.7975 88.7070
v 22469.4612 30556.7975 88.7070
v 22462.1312 30556.8081 79.5570
v 22462.1312 30556.8081 79.5570
v 22462.1312 30556.8081 79.5570
v 22462.1312 30556.8081 79.5570
v 22462.1326 30558.0574 79.5570
v 22462.1326 30558.0574 79.5570
v 22462.1326 30558.0574 79.5570
v 22462.1326 30558.0574 79.5570
v 22462.1326 30558.0574 79.5570
v 22462.1326 30558.0574 79.5570
v 22462.1326 30558.0574 80.9570
v 22462.1326 30558.0574 80.9570
v 22462.1326 30558.0574 80.9570
v 22462.1326 30558.0574 80.9570
v 22462.1330 30558.4327 80.9570
v 22462.1330 30558.4327 80.9570
v 22462.1330 30558.4327 80.9570
v 22462.1330 30558.4327 80.9570
v 22462.1330 30558.4327 80.9570
v 22462.1330 30558.4327 80.9570
v 22462.1330 30558.4327 80.9570
v 22462.1330 30558.4326 88.7070
v 22462.1330 30558.4326 88.7070
v 22462.1330 30558.4326 88.7070
v 22462.1330 30558.4326 88.7070
v 22461.4974 30558.4335 80.9570
v 22461.4974 30558.4335 80.9570
v 22461.4974 30558.4335 80.9570
v 22461.4974 30558.4335 80.9570
v 22461.4974 30558.4335 80.9570
v 22461.4974 30558.4335 80.9570
v 22461.4970 30558.0562 80.9570
v 22461.4970 30558.0562 80.9570
v 22461.4970 30558.0562 80.9570
v 22461.4970 30558.0562 80.9570
v 22461.4970 30558.0562 80.9570
v 22461.4970 30558.0562 80.9570
v 22461.4970 30558.0562 80.9570
v 22461.4970 30558.0562 79.5570
v 22461.4970 30558.0562 79.5570
v 22461.4970 30558.0562 79.5570
v 22461.4970 30558.0562 79.5570
v 22461.4955 30556.8090 79.5570
v 22461.4955 30556.8090 79.5570
v 22461.4955 30556.8090 79.5570
v 22461.4955 30556.8090 79.5570
v 22461.4955 30556.8090 79.5570
v 22454.1195 30556.8187 79.5569
v 22454.1195 30556.8187 79.5569
v 22454.1195 30556.8187 79.5569
v 22454.1195 30556.8187 79.5569
v 22454.1195 30556.8187 79.5569
v 22454.1209 30558.0426 79.5570
v 22454.1209 30558.0426 79.5570
v 22454.1209 30558.0426 79.5570
v 22454.1209 30558.0426 79.5570
v 22454.1209 30558.0426 79.5570
v 22454.1209 30558.0426 80.9570
v 22454.1209 30558.0426 80.9570
v 22454.1209 30558.0426 80.9570
v 22454.1209 30558.0426 80.9570
v 22454.1213 30558.4676 80.9570
v 22454.1213 30558.4676 80.9570
v 22454.1213 30558.4676 80.9570
v 22454.1213 30558.4676 80.9570
v 22454.1213 30558.4676 80.9570
v 22454.1213 30558.4676 80.9570
v 22454.1213 30558.4676 80.9570
v 22453.4953 30558.4685 80.9570
v 22453.4953 30558.4685 80.9570
v 22453.4953 30558.4685 80.9570
v 22453.4953 30558.4685 80.9570
v 22453.4953 30558.4685 80.9570
v 22453.4953 30558.4685 80.9570
v 22454.1213 30558.4675 88.7070
v 22454.1213 30558.4675 88.7070
v 22454.1213 30558.4675 88.7070
v 22454.1213 30558.4675 88.7070
v 22453.4953 30558.4684 88.7070
v 22453.4953 30558.4684 88.7070
v 22453.4953 30558.4684 88.7070
v 22453.4953 30558.4684 88.7070
v 22453.4953 30558.4684 88.7070
v 22453.4953 30558.4684 88.7070
v 22453.4948 30558.0414 80.9569
v 22453.4948 30558.0414 80.9569
v 22453.4948 30558.0414 80.9569
v 22453.4948 30558.0414 80.9569
v 22453.4948 30558.0414 80.9569
v 22453.4948 30558.0414 80.9569
v 22453.4948 30558.0414 80.9569
v 22453.4935 30556.8192 79.5569
v 22453.4935 30556.8192 79.5569
v 22453.4935 30556.8192 79.5569
v 22453.4935 30556.8192 79.5569
v 22453.4935 30556.8192 79.5569
v 22453.4935 30556.8192 79.5569
v 22453.4948 30558.0414 79.5570
v 22453.4948 30558.0414 79.5570
v 22453.4948 30558.0414 79.5570
v 22446.1013 30556.8294 79.5569
v 22446.1013 30556.8294 79.5569
v 22446.1013 30556.8294 79.5569
v 22446.1013 30556.8294 79.5569
v 22446.1026 30558.0277 79.5569
v 22446.1026 30558.0277 79.5569
v 22446.1026 30558.0277 79.5569
v 22446.1026 30558.0277 79.5569
v 22446.1026 30558.0277 79.5569
v 22446.1026 30558.0277 79.5569
v 22446.1026 30558.0277 80.9569
v 22446.1026 30558.0277 80.9569
v 22446.1026 30558.0277 80.9569
v 22446.1026 30558.0277 80.9569
v 22446.1031 30558.4865 80.9570
v 22446.1031 30558.4865 80.9570
v 22446.1031 30558.4865 80.9570
v 22446.1031 30558.4865 80.9570
v 22446.1031 30558.4865 80.9570
v 22446.1031 30558.4865 80.9570
v 22446.1031 30558.4865 80.9570
v 22445.5434 30558.4873 80.9570
v 22445.5434 30558.4873 80.9570
v 22445.5434 30558.4873 80.9570
v 22445.5434 30558.4873 80.9570
v 22445.5434 30558.4873 80.9570
v 22445.5434 30558.4873 80.9570
v 22446.1031 30558.4864 88.7070
v 22446.1031 30558.4864 88.7070
v 22446.1031 30558.4864 88.7070
v 22446.1031 30558.4864 88.7070
v 22445.5434 30558.4872 88.7070
v 22445.5434 30558.4872 88.7070
v 22445.5434 30558.4872 88.7070
v 22445.5434 30558.4872 88.7070
v 22445.5434 30558.4872 88.7070
v 22445.5434 30558.4872 88.7070
v 22445.5429 30558.0267 80.9569
v 22445.5429 30558.0267 80.9569
v 22445.5429 30558.0267 80.9569
v 22445.5429 30558.0267 80.9569
v 22445.5429 30558.0267 80.9569
v 22445.5429 30558.0267 80.9569
v 22445.5429 30558.0267 80.9569
v 22445.5416 30556.8313 79.5569
v 22445.5416 30556.8313 79.5569
v 22445.5416 30556.8313 79.5569
v 22445.5416 30556.8313 79.5569
v 22445.5416 30556.8313 79.5569
v 22445.5416 30556.8313 79.5569
v 22445.5429 30558.0267 79.5569
v 22445.5429 30558.0267 79.5569
v 22445.5429 30558.0267 79.5569
v 22438.0966 30556.8416 79.5569
v 22438.0966 30556.8416 79.5569
v 22438.0966 30556.8416 79.5569
v 22438.0966 30556.8416 79.5569
v 22438.0979 30558.0129 79.5570
v 22438.0979 30558.0129 79.5570
v 22438.0979 30558.0129 79.5570
v 22438.0979 30558.0129 79.5570
v 22438.0979 30558.0129 79.5570
v 22438.0979 30558.0129 79.5570
v 22438.0979 30558.0129 80.9570
v 22438.0979 30558.0129 80.9570
v 22438.0979 30558.0129 80.9570
v 22438.0979 30558.0129 80.9570
v 22438.0985 30558.5040 80.9570
v 22438.0985 30558.5040 80.9570
v 22438.0985 30558.5040 80.9570
v 22438.0985 30558.5040 80.9570
v 22438.0985 30558.5040 80.9570
v 22438.0985 30558.5040 80.9570
v 22438.0985 30558.5040 80.9570
v 22438.0985 30558.5039 88.7070
v 22438.0985 30558.5039 88.7070
v 22438.0985 30558.5039 88.7070
v 22438.0985 30558.5039 88.7070
v 22437.4930 30558.5048 80.9570
v 22437.4930 30558.5048 80.9570
v 22437.4930 30558.5048 80.9570
v 22437.4930 30558.5048 80.9570
v 22437.4930 30558.5048 80.9570
v 22437.4930 30558.5048 80.9570
v 22478.3123 30559.1373 80.9570
v 22478.3123 30559.1373 80.9570
v 22478.3123 30559.1373 80.9570
v 22478.3123 30559.1373 80.9570
v 22478.3123 30559.1373 80.9570
v 22478.3123 30559.1373 80.9570
v 22478.3123 30559.1373 80.9570
v 22478.3123 30559.1373 80.9570
v 22478.3123 30559.1373 80.9570
v 22478.3123 30559.1373 80.9570
v 22478.3123 30559.1373 80.9570
v 22478.3123 30559.1373 80.9570
v 22478.3123 30559.1373 80.9570
v 22478.3123 30559.1373 80.9570
v 22478.3123 30559.1373 80.9570
v 22478.3123 30559.1373 80.9570
v 22478.3123 30559.1373 80.9570
v 22478.3123 30559.1373 80.9570
v 22478.3123 30559.1373 80.9570
v 22478.3123 30559.1373 80.9570
v 22478.3123 30559.1373 80.9570
v 22478.3123 30559.1373 80.9570
v 22421.5463 30559.0323 80.9570
v 22421.5463 30559.0323 80.9570
v 22421.5463 30559.0323 80.9570
v 22421.5463 30559.0323 80.9570
v 22421.5463 30559.0323 80.9570
v 22421.3247 30559.0319 80.9570
v 22421.3247 30559.0319 80.9570
v 22421.3247 30559.0319 80.9570
v 22421.3247 30559.0319 80.9570
v 22421.3247 30559.0319 80.9570
v 22421.3247 30559.0319 80.9570
v 22421.3247 30559.0319 80.9570
v 22421.3247 30559.0319 80.9570
v 22421.3247 30559.0319 80.9570
v 22421.3247 30559.0319 80.9570
v 22421.3247 30559.0319 80.9570
v 22421.3247 30559.0319 80.9570
v 22421.3247 30559.0319 80.9570
v 22421.3247 30559.0319 80.9570
v 22421.3247 30559.0319 80.9570
v 22421.3247 30559.0319 80.9570
v 22421.3247 30559.0319 80.9570
v 22421.3247 30559.0319 80.9570
v 22404.2425 30540.4261 80.9570
v 22404.2425 30540.4261 80.9570
v 22404.2425 30540.4261 80.9570
v 22404.2425 30540.4261 80.9570
v 22404.2425 30540.4261 80.9570
v 22404.2425 30540.4261 80.9570
v 22404.2425 30540.4261 80.9570
v 22404.1948 30528.1311 79.5570
v 22404.1948 30528.1311 79.5570
v 22404.1948 30528.1311 79.5570
v 22404.1948 30528.1311 79.5570
v 22404.2116 30532.4675 79.5570
v 22404.2116 30532.4675 79.5570
v 22404.2116 30532.4675 79.5570
v 22404.2116 30532.4675 79.5570
v 22404.2116 30532.4675 79.5570
v 22404.2425 30540.4261 79.5570
v 22404.2425 30540.4261 79.5570
v 22404.2425 30540.4261 79.5570
v 22404.2425 30540.4261 79.5570
v 22404.2425 30540.4261 79.5570
v 22404.2425 30540.4261 79.5570
v 22404.2425 30540.4261 79.5570
v 22409.7245 30540.4386 79.5570
v 22409.7245 30540.4386 79.5570
v 22409.7245 30540.4386 79.5570
v 22409.7245 30540.4386 79.5570
v 22409.7245 30540.4386 79.5570
v 22409.7245 30540.4386 79.5570
v 22409.7245 30540.4386 79.5570
v 22409.7245 30540.4386 79.5570
v 22409.7245 30540.4386 79.5570
v 22409.7443 30532.4797 79.5570
v 22409.7443 30532.4797 79.5570
v 22409.7443 30532.4797 79.5570
v 22409.7443 30532.4797 79.5570
v 22409.7523 30529.2716 79.5570
v 22409.7523 30529.2716 79.5570
v 22409.7523 30529.2716 79.5570
v 22409.7523 30529.2716 79.5570
v 22409.7523 30529.2716 82.0120
v 22409.7523 30529.2716 82.0120
v 22409.7523 30529.2716 82.0120
v 22409.7523 30529.2716 82.0120
v 22409.7523 30529.2716 82.0120
v 22409.7523 30529.2716 82.0120
v 22409.7545 30528.3900 82.0120
v 22409.7545 30528.3900 82.0120
v 22409.7545 30528.3900 82.0120
v 22409.7545 30528.3900 82.0120
v 22409.7545 30528.3900 82.0120
v 22409.7545 30528.3900 82.0120
v 22410.2291 30528.3911 82.0120
v 22410.2291 30528.3911 82.0120
v 22410.2291 30528.3911 82.0120
v 22410.2291 30528.3911 82.0120
v 22410.2291 30528.3911 82.0120
v 22410.2291 30528.3911 79.5570
v 22410.2291 30528.3911 79.5570
v 22410.2291 30528.3911 79.5570
v 22410.2291 30528.3911 79.5570
v 22410.2291 30528.3911 79.5570
v 22410.2291 30528.3911 79.5570
v 22410.2291 30528.3911 79.5570
v 22421.3560 30510.7635 79.5569
v 22421.3560 30510.7635 79.5569
v 22421.3560 30510.7635 79.5569
v 22421.3560 30510.7635 79.5569
v 22421.3560 30510.7635 79.5569
v 22421.3560 30510.7635 79.5569
v 22421.3560 30510.7635 79.5569
v 22421.3560 30510.7635 79.5569
v 22421.3560 30510.7635 79.5569
v 22421.3560 30510.7635 79.5569
v 22421.3206 30528.1689 79.5569
v 22421.3206 30528.1689 79.5569
v 22421.3206 30528.1689 79.5569
v 22421.3206 30528.1689 79.5569
v 22421.3560 30510.7635 80.9569
v 22421.3560 30510.7635 80.9569
v 22421.3560 30510.7635 80.9569
v 22421.3560 30510.7635 80.9569
v 22421.3560 30510.7635 80.9569
v 22421.3560 30510.7635 80.9569
v 22421.3560 30510.7635 80.9569
v 22421.3570 30510.2946 89.3969
v 22421.3570 30510.2946 89.3969
v 22421.3570 30510.2946 89.3969
v 22421.3570 30510.2946 89.3969
v 22421.3570 30510.2946 89.3969
v 22421.3570 30510.2946 89.3969
v 22422.0202 30512.0332 89.3969
v 22422.0202 30512.0332 89.3969
v 22422.0202 30512.0332 89.3969
v 22422.0202 30512.0332 89.3969
v 22422.0202 30512.0332 89.3969
v 22422.0202 30512.0332 89.3969
v 22422.0202 30512.0332 89.3969
v 22422.0202 30512.0332 89.3969
v 22429.4226 30512.0395 89.3969
v 22429.4226 30512.0395 89.3969
v 22429.4226 30512.0395 89.3969
v 22429.4226 30512.0395 89.3969
v 22429.4226 30512.0395 89.3969
v 22429.4226 30512.0395 89.3969
v 22429.4226 30512.0395 89.3969
v 22429.4229 30510.3167 89.3969
v 22429.4229 30510.3167 89.3969
v 22429.4229 30510.3167 89.3969
v 22429.4229 30510.3167 89.3969
v 22429.4229 30510.3167 89.3969
v 22429.4229 30510.3167 89.3969
v 22430.0561 30510.3167 89.3969
v 22430.0561 30510.3167 89.3969
v 22430.0561 30510.3167 89.3969
v 22430.0561 30510.3167 89.3969
v 22430.0561 30510.3167 89.3969
v 22430.0559 30512.0395 89.3969
v 22430.0559 30512.0395 89.3969
v 22430.0559 30512.0395 89.3969
v 22430.0559 30512.0395 89.3969
v 22430.0559 30512.0395 89.3969
v 22430.0559 30512.0395 89.3969
v 22430.0559 30512.0395 89.3969
v 22437.3575 30512.0541 89.3969
v 22437.3575 30512.0541 89.3969
v 22437.3575 30512.0541 89.3969
v 22437.3575 30512.0541 89.3969
v 22437.3575 30512.0541 89.3969
v 22437.3575 30512.0541 89.3969
v 22437.3575 30512.0541 89.3969
v 22437.3575 30512.0541 89.3969
v 22438.0309 30512.0549 89.3969
v 22438.0309 30512.0549 89.3969
v 22438.0309 30512.0549 89.3969
v 22438.0309 30512.0549 89.3969
v 22438.0309 30512.0549 89.3969
v 22438.0309 30512.0549 89.3969
v 22438.0309 30512.0549 89.3969
v 22438.0309 30512.0549 89.3969
v 22445.3958 30512.0620 89.3969
v 22445.3958 30512.0620 89.3969
v 22445.3958 30512.0620 89.3969
v 22445.3958 30512.0620 89.3969
v 22445.3958 30512.0620 89.3969
v 22445.3958 30512.0620 89.3969
v 22445.3958 30512.0620 89.3969
v 22445.3958 30512.0620 89.3969
v 22446.0318 30512.0629 89.3969
v 22446.0318 30512.0629 89.3969
v 22446.0318 30512.0629 89.3969
v 22446.0318 30512.0629 89.3969
v 22446.0318 30512.0629 89.3969
v 22446.0318 30512.0629 89.3969
v 22446.0318 30512.0629 89.3969
v 22446.0318 30512.0629 89.3969
v 22453.4165 30512.0700 89.3969
v 22453.4165 30512.0700 89.3969
v 22453.4165 30512.0700 89.3969
v 22453.4165 30512.0700 89.3969
v 22453.4165 30512.0700 89.3969
v 22453.4165 30512.0700 89.3969
v 22453.4165 30512.0700 89.3969
v 22453.4165 30512.0700 89.3969
v 22454.0448 30512.0707 89.3969
v 22454.0448 30512.0707 89.3969
v 22454.0448 30512.0707 89.3969
v 22454.0448 30512.0707 89.3969
v 22454.0448 30512.0707 89.3969
v 22454.0448 30512.0707 89.3969
v 22454.0448 30512.0707 89.3969
v 22454.0448 30512.0707 89.3969
v 22461.4189 30512.0777 89.3969
v 22461.4189 30512.0777 89.3969
v 22461.4189 30512.0777 89.3969
v 22461.4189 30512.0777 89.3969
v 22461.4189 30512.0777 89.3969
v 22461.4189 30512.0777 89.3969
v 22461.4189 30512.0777 89.3969
v 22461.4189 30512.0777 89.3969
v 22462.0549 30512.0783 89.3969
v 22462.0549 30512.0783 89.3969
v 22462.0549 30512.0783 89.3969
v 22462.0549 30512.0783 89.3969
v 22462.0549 30512.0783 89.3969
v 22462.0549 30512.0783 89.3969
v 22462.0549 30512.0783 89.3969
v 22462.0549 30512.0783 89.3969
v 22469.3844 30512.0851 89.3969
v 22469.3844 30512.0851 89.3969
v 22469.3844 30512.0851 89.3969
v 22469.3844 30512.0851 89.3969
v 22469.3844 30512.0851 89.3969
v 22469.3844 30512.0851 89.3969
v 22469.3844 30512.0851 89.3969
v 22469.3858 30510.3126 89.3969
v 22469.3858 30510.3126 89.3969
v 22469.3858 30510.3126 89.3969
v 22469.3858 30510.3126 89.3969
v 22469.3858 30510.3126 89.3969
v 22469.3858 30510.3126 89.3969
v 22470.0050 30512.0857 89.3969
v 22470.0050 30512.0857 89.3969
v 22470.0050 30512.0857 89.3969
v 22470.0050 30512.0857 89.3969
v 22470.0050 30512.0857 89.3969
v 22470.0050 30512.0857 89.3969
v 22470.0050 30512.0857 89.3969
v 22477.4261 30512.0925 89.3970
v 22477.4261 30512.0925 89.3970
v 22477.4261 30512.0925 89.3970
v 22477.4261 30512.0925 89.3970
v 22477.4261 30512.0925 89.3970
v 22477.4261 30512.0925 89.3970
v 22477.4261 30512.0925 89.3970
v 22477.4261 30512.0925 89.3970
v 22478.0590 30528.2723 89.3970
v 22478.0590 30528.2723 89.3970
v 22478.0590 30528.2723 89.3970
v 22478.0590 30528.2723 89.3970
v 22478.0590 30528.2723 89.3970
v 22478.0590 30528.2723 89.3970
v 22478.0590 30528.2723 89.3970
v 22478.0590 30528.2723 79.5569
v 22478.0590 30528.2723 79.5569
v 22478.0590 30528.2723 79.5569
v 22478.0590 30528.2723 79.5569
v 22478.0590 30528.2723 79.5569
v 22478.0590 30528.2723 79.5569
v 22478.0590 30528.2723 79.5569
v 22478.0589 30510.9021 79.5570
v 22478.0589 30510.9021 79.5570
v 22478.0589 30510.9021 79.5570
v 22478.3154 30510.9039 79.5570
v 22478.3154 30510.9039 79.5570
v 22478.3154 30510.9039 79.5570
v 22478.3154 30510.9039 79.5570
v 22478.3154 30510.9039 79.5570
v 22478.3154 30510.9039 79.5570
v 22495.5657 30528.1670 79.5571
v 22495.5657 30528.1670 79.5571
v 22495.5657 30528.1670 79.5571
v 22495.5657 30528.1670 79.5571
v 22495.5657 30528.1670 79.5571
v 22495.5657 30528.1670 79.5571
v 22481.6051 30540.5701 79.5570
v 22481.6051 30540.5701 79.5570
v 22481.6051 30540.5701 79.5570
v 22481.6051 30540.5701 79.5570
v 22481.6051 30540.5701 79.5570
v 22481.6051 30540.5701 79.5570
v 22481.6051 30540.5701 79.5570
v 22481.6051 30540.5701 79.5570
v 22481.5983 30538.1785 90.1920
v 22481.5983 30538.1785 90.1920
v 22481.5983 30538.1785 90.1920
v 22481.5983 30538.1785 90.1920
v 22478.0566 30540.5402 88.7070
v 22478.0566 30540.5402 88.7070
v 22478.0566 30540.5402 88.7070
v 22478.0566 30540.5402 88.7070
v 22478.0566 30540.5402 88.7070
v 22478.0566 30540.5402 88.7070
v 22478.0566 30540.5402 88.7070
v 22478.0566 30540.5402 88.7070
v 22478.0566 30540.5402 88.7070
v 22478.0566 30540.5402 88.7070
v 22464.7472 30540.4284 88.7069
v 22464.7472 30540.4284 88.7069
v 22464.7472 30540.4284 88.7069
v 22464.7472 30540.4284 88.7069
v 22464.7472 30540.4284 88.7069
v 22462.1312 30556.8077 88.7070
v 22462.1312 30556.8077 88.7070
v 22462.1312 30556.8077 88.7070
v 22462.1312 30556.8077 88.7070
v 22462.1312 30556.8077 88.7070
v 22462.1312 30556.8077 88.7070
v 22462.1312 30556.8077 88.7070
v 22462.1312 30556.8077 88.7070
v 22462.1312 30556.8077 88.7070
v 22461.4974 30558.4335 88.7070
v 22461.4974 30558.4335 88.7070
v 22461.4974 30558.4335 88.7070
v 22461.4974 30558.4335 88.7070
v 22461.4974 30558.4335 88.7070
v 22461.4974 30558.4335 88.7070
v 22461.4974 30558.4335 88.7070
v 22461.4955 30556.8085 88.7070
v 22461.4955 30556.8085 88.7070
v 22461.4955 30556.8085 88.7070
v 22461.4955 30556.8085 88.7070
v 22461.4955 30556.8085 88.7070
v 22454.1195 30556.8183 88.7069
v 22454.1195 30556.8183 88.7069
v 22454.1195 30556.8183 88.7069
v 22454.1195 30556.8183 88.7069
v 22454.1195 30556.8183 88.7069
v 22454.1195 30556.8183 88.7069
v 22454.1195 30556.8183 88.7069
v 22454.1195 30556.8183 88.7069
v 22454.1195 30556.8183 88.7069
v 22453.4935 30556.8192 88.7069
v 22453.4935 30556.8192 88.7069
v 22453.4935 30556.8192 88.7069
v 22453.4935 30556.8192 88.7069
v 22453.4935 30556.8192 88.7069
v 22453.4935 30556.8192 88.7069
v 22446.1013 30556.8294 88.7069
v 22446.1013 30556.8294 88.7069
v 22446.1013 30556.8294 88.7069
v 22446.1013 30556.8294 88.7069
v 22446.1013 30556.8294 88.7069
v 22446.1013 30556.8294 88.7069
v 22446.1013 30556.8294 88.7069
v 22446.1013 30556.8294 88.7069
v 22446.1013 30556.8294 88.7069
v 22445.5416 30556.8312 88.7069
v 22445.5416 30556.8312 88.7069
v 22445.5416 30556.8312 88.7069
v 22445.5416 30556.8312 88.7069
v 22445.5416 30556.8312 88.7069
v 22445.5416 30556.8312 88.7069
v 22438.0967 30556.8416 88.7069
v 22438.0967 30556.8416 88.7069
v 22438.0967 30556.8416 88.7069
v 22438.0967 30556.8416 88.7069
v 22438.0967 30556.8416 88.7069
v 22438.0967 30556.8416 88.7069
v 22438.0967 30556.8416 88.7069
v 22438.0967 30556.8416 88.7069
v 22438.0967 30556.8416 88.7069
v 22437.4930 30558.5048 88.7070
v 22437.4930 30558.5048 88.7070
v 22437.4930 30558.5048 88.7070
v 22437.4930 30558.5048 88.7070
v 22437.4930 30558.5048 88.7070
v 22437.4930 30558.5048 88.7070
v 22437.4924 30558.0118 80.9570
v 22437.4924 30558.0118 80.9570
v 22437.4924 30558.0118 80.9570
v 22437.4924 30558.0118 80.9570
v 22437.4924 30558.0118 80.9570
v 22437.4924 30558.0118 80.9570
v 22437.4924 30558.0118 80.9570
v 22437.4912 30556.8450 79.5569
v 22437.4912 30556.8450 79.5569
v 22437.4912 30556.8450 79.5569
v 22437.4912 30556.8450 79.5569
v 22437.4912 30556.8450 79.5569
v 22437.4912 30556.8450 79.5569
v 22437.4924 30558.0118 79.5570
v 22437.4924 30558.0118 79.5570
v 22437.4924 30558.0118 79.5570
v 22430.1094 30556.8551 79.5570
v 22430.1094 30556.8551 79.5570
v 22430.1094 30556.8551 79.5570
v 22430.1094 30556.8551 79.5570
v 22430.1107 30557.9982 79.5570
v 22430.1107 30557.9982 79.5570
v 22430.1107 30557.9982 79.5570
v 22430.1107 30557.9982 79.5570
v 22430.1107 30557.9982 79.5570
v 22430.1107 30557.9982 79.5570
v 22430.1107 30557.9981 80.9570
v 22430.1107 30557.9981 80.9570
v 22430.1107 30557.9981 80.9570
v 22430.1107 30557.9981 80.9570
v 22430.1112 30558.4758 80.9570
v 22430.1112 30558.4758 80.9570
v 22430.1112 30558.4758 80.9570
v 22430.1112 30558.4758 80.9570
v 22430.1112 30558.4758 80.9570
v 22430.1112 30558.4758 80.9570
v 22430.1112 30558.4758 80.9570
v 22430.1112 30558.4758 88.7070
v 22430.1112 30558.4758 88.7070
v 22430.1112 30558.4758 88.7070
v 22430.1112 30558.4758 88.7070
v 22429.5212 30558.4766 80.9570
v 22429.5212 30558.4766 80.9570
v 22429.5212 30558.4766 80.9570
v 22429.5212 30558.4766 80.9570
v 22429.5212 30558.4766 80.9570
v 22429.5212 30558.4766 80.9570
v 22429.5207 30557.9971 80.9570
v 22429.5207 30557.9971 80.9570
v 22429.5207 30557.9971 80.9570
v 22429.5207 30557.9971 80.9570
v 22429.5207 30557.9971 80.9570
v 22429.5207 30557.9971 80.9570
v 22429.5207 30557.9971 80.9570
v 22429.5207 30557.9971 79.5570
v 22429.5207 30557.9971 79.5570
v 22429.5207 30557.9971 79.5570
v 22429.5207 30557.9971 79.5570
v 22429.5195 30556.8581 79.5570
v 22429.5195 30556.8581 79.5570
v 22429.5195 30556.8581 79.5570
v 22429.5195 30556.8581 79.5570
v 22429.5195 30556.8581 79.5570
v 22422.1279 30556.8682 79.5570
v 22422.1279 30556.8682 79.5570
v 22422.1279 30556.8682 79.5570
v 22422.1279 30556.8682 79.5570
v 22422.1279 30556.8682 79.5570
v 22422.1291 30557.9834 79.5570
v 22422.1291 30557.9834 79.5570
v 22422.1291 30557.9834 79.5570
v 22422.1291 30557.9834 79.5570
v 22422.1291 30557.9834 79.5570
v 22422.1291 30557.9834 80.9570
v 22422.1291 30557.9834 80.9570
v 22422.1291 30557.9834 80.9570
v 22422.1291 30557.9834 80.9570
v 22422.1297 30558.5279 80.9570
v 22422.1297 30558.5279 80.9570
v 22422.1297 30558.5279 80.9570
v 22422.1297 30558.5279 80.9570
v 22422.1297 30558.5279 80.9570
v 22422.1297 30558.5279 80.9570
v 22422.1297 30558.5279 80.9570
v 22422.1297 30558.5279 80.9570
v 22422.1298 30558.5278 88.7070
v 22422.1298 30558.5278 88.7070
v 22422.1298 30558.5278 88.7070
v 22422.1298 30558.5278 88.7070
v 22421.5456 30558.5287 80.9570
v 22421.5456 30558.5287 80.9570
v 22421.5456 30558.5287 80.9570
v 22421.5456 30558.5287 80.9570
v 22421.5456 30558.5287 80.9570
v 22421.5456 30558.5287 80.9570
v 22421.5445 30557.7657 80.9570
v 22421.5445 30557.7657 80.9570
v 22421.5445 30557.7657 80.9570
v 22421.5445 30557.7657 80.9570
v 22421.5445 30557.7657 80.9570
v 22421.5445 30557.7657 80.9570
v 22421.5445 30557.7657 80.9570
v 22421.5445 30557.7657 79.5570
v 22421.5445 30557.7657 79.5570
v 22421.5445 30557.7657 79.5570
v 22421.5445 30557.7657 79.5570
v 22421.5445 30557.7657 79.5570
v 22421.5445 30557.7657 79.5570
v 22418.0772 30540.4593 79.5569
v 22418.0772 30540.4593 79.5569
v 22418.0772 30540.4593 79.5569
v 22418.0772 30540.4593 79.5569
v 22418.0772 30540.4593 84.8419
v 22418.0772 30540.4593 84.8419
v 22418.0772 30540.4593 84.8419
v 22418.0772 30540.4593 84.8419
v 22418.0772 30540.4593 84.8419
v 22418.0772 30540.4593 84.8419
v 22409.7245 30540.4386 84.8420
v 22409.7245 30540.4386 84.8420
v 22409.7245 30540.4386 84.8420
v 22409.7245 30540.4386 84.8420
v 22409.7245 30540.4386 84.8420
v 22409.7245 30540.4386 84.8420
v 22409.7245 30540.4386 84.8420
v 22409.7245 30540.4386 84.8420
v 22409.7545 30528.3900 84.8420
v 22409.7545 30528.3900 84.8420
v 22409.7545 30528.3900 84.8420
v 22409.7545 30528.3900 84.8420
v 22417.9195 30528.4102 84.8419
v 22417.9195 30528.4102 84.8419
v 22417.9195 30528.4102 84.8419
v 22417.9195 30528.4102 84.8419
v 22417.9195 30528.4102 84.8419
v 22417.9195 30528.4102 84.8419
v 22417.9195 30528.4102 84.8419
v 22417.9194 30528.4102 79.5569
v 22417.9194 30528.4102 79.5569
v 22417.9194 30528.4102 79.5569
v 22417.9194 30528.4102 79.5569
v 22417.9217 30528.1827 79.5569
v 22417.9217 30528.1827 79.5569
v 22417.9217 30528.1827 79.5569
v 22417.9217 30528.1827 79.5569
v 22417.9217 30528.1827 79.5569
v 22417.9217 30528.1827 79.5569
v 22421.3206 30528.1689 89.3969
v 22421.3206 30528.1689 89.3969
v 22421.3206 30528.1689 89.3969
v 22421.3206 30528.1689 89.3969
v 22421.3206 30528.1689 89.3969
v 22421.3206 30528.1689 89.3969
v 22421.3206 30528.1689 89.3969
v 22421.3206 30528.1689 89.3969
v 22429.4867 30528.1357 89.3969
v 22429.4867 30528.1357 89.3969
v 22429.4867 30528.1357 89.3969
v 22429.4867 30528.1357 89.3969
v 22429.4867 30528.1357 89.3969
v 22429.4867 30528.1357 89.3969
v 22429.5121 30513.6896 89.3969
v 22429.5121 30513.6896 89.3969
v 22429.5121 30513.6896 89.3969
v 22429.5121 30513.6896 89.3969
v 22429.5121 30513.6896 89.3969
v 22429.5121 30513.6896 89.3969
v 22429.5121 30513.6896 89.3969
v 22470.0175 30513.7609 89.3969
v 22470.0175 30513.7609 89.3969
v 22470.0175 30513.7609 89.3969
v 22470.0175 30513.7609 89.3969
v 22470.0175 30513.7609 89.3969
v 22470.0175 30513.7609 89.3969
v 22470.0175 30513.7609 89.3969
v 22470.0175 30513.7609 89.3969
v 22470.0175 30513.7609 89.3969
v 22470.0175 30513.7609 89.3969
v 22470.0175 30513.7609 89.3969
v 22470.0175 30513.7609 89.3969
v 22470.0175 30513.7609 89.3969
v 22470.0175 30513.7609 89.3969
v 22470.0175 30513.7609 89.3969
v 22470.0175 30513.7609 89.3969
v 22470.0175 30513.7609 89.3969
v 22470.0175 30513.7609 89.3969
v 22470.0175 30513.7609 89.3969
v 22469.9907 30528.2914 89.3969
v 22469.9907 30528.2914 89.3969
v 22469.9907 30528.2914 89.3969
v 22469.9907 30528.2914 89.3969
v 22469.9907 30528.2914 89.3969
v 22469.9908 30528.2914 79.5569
v 22469.9908 30528.2914 79.5569
v 22469.9908 30528.2914 79.5569
v 22469.9908 30528.2914 79.5569
v 22469.9908 30528.2914 79.5569
v 22469.9906 30528.4004 79.5569
v 22469.9906 30528.4004 79.5569
v 22469.9906 30528.4004 79.5569
v 22481.5706 30528.3681 79.5570
v 22481.5706 30528.3681 79.5570
v 22481.5706 30528.3681 79.5570
v 22481.5706 30528.3681 79.5570
v 22481.5706 30528.3681 79.5570
v 22481.5706 30528.3681 79.5570
v 22481.5706 30528.3681 79.5570
v 22481.5706 30528.3681 79.5570
v 22481.5706 30528.3681 79.5570
v 22481.5706 30528.3681 90.1920
v 22481.5706 30528.3681 90.1920
v 22481.5706 30528.3681 90.1920
v 22481.5706 30528.3681 90.1920
v 22481.5706 30528.3681 90.1920
v 22481.5706 30528.3681 90.1920
v 22481.5706 30528.3681 90.1920
v 22481.5706 30528.3681 90.1920
v 22481.5706 30528.3681 90.1920
v 22481.5706 30528.3681 90.1920
v 22481.5706 30528.3681 90.1920
v 22481.5706 30528.3681 90.1920
v 22481.5706 30528.3681 90.1920
v 22481.5706 30528.3681 90.1920
v 22481.5706 30528.3681 90.1920
v 22481.5706 30528.3681 90.1920
v 22481.5706 30528.3681 90.1920
v 22481.5706 30528.3681 90.1920
v 22467.6068 30530.7299 90.1919
v 22467.6068 30530.7299 90.1919
v 22467.6068 30530.7299 90.1919
v 22467.6068 30530.7299 90.1919
v 22467.6068 30530.7299 90.1919
v 22467.6068 30530.7299 90.1919
v 22467.6068 30530.7299 90.1919
v 22464.9935 30533.9392 90.1919
v 22464.9935 30533.9392 90.1919
v 22464.9935 30533.9392 90.1919
v 22464.9935 30533.9392 90.1919
v 22464.9935 30533.9392 90.1919
v 22464.9935 30533.9392 90.1919
v 22464.9935 30533.9392 90.1919
v 22464.9935 30533.9392 90.1919
v 22464.7472 30540.4284 90.1919
v 22464.7472 30540.4284 90.1919
v 22464.7472 30540.4284 90.1919
v 22464.7472 30540.4284 90.1919
v 22464.7472 30540.4284 90.1919
v 22464.7472 30540.4284 90.1919
v 22464.7472 30540.4284 90.1919
v 22464.7472 30540.4284 90.1919
v 22464.7472 30540.4284 90.1919
v 22464.7440 30540.0899 79.5569
v 22464.7440 30540.0899 79.5569
v 22464.7440 30540.0899 79.5569
v 22464.7440 30540.0899 79.5569
v 22434.5466 30540.0691 79.5569
v 22434.5466 30540.0691 79.5569
v 22434.5466 30540.0691 79.5569
v 22434.5466 30540.0691 79.5569
v 22434.5466 30540.0691 79.5569
v 22434.5466 30540.0691 79.5569
v 22434.5517 30540.3200 79.5569
v 22434.5517 30540.3200 79.5569
v 22434.5517 30540.3200 79.5569
v 22464.7459 30540.2866 79.5569
v 22464.7459 30540.2866 79.5569
v 22464.7459 30540.2866 79.5569
v 22464.7459 30540.2866 79.5569
v 22464.7459 30540.2866 79.5569
v 22464.7458 30540.2866 88.7069
v 22464.7458 30540.2866 88.7069
v 22464.7458 30540.2866 88.7069
v 22464.7458 30540.2866 88.7069
v 22464.7458 30540.2866 88.7069
v 22464.7458 30540.2866 88.7069
v 22464.7458 30540.2866 88.7069
v 22464.7458 30540.2866 88.7069
v 22464.7458 30540.2866 88.7069
v 22464.7458 30540.2866 88.7069
v 22464.7458 30540.2866 88.7069
v 22464.7458 30540.2866 88.7069
v 22464.7458 30540.2866 88.7069
v 22464.7458 30540.2866 88.7069
v 22464.7458 30540.2866 88.7069
v 22464.7458 30540.2866 88.7069
v 22437.4912 30556.8449 88.7069
v 22437.4912 30556.8449 88.7069
v 22437.4912 30556.8449 88.7069
v 22437.4912 30556.8449 88.7069
v 22437.4912 30556.8449 88.7069
v 22437.4912 30556.8449 88.7069
v 22437.4912 30556.8449 88.7069
v 22430.1094 30556.8551 88.7070
v 22430.1094 30556.8551 88.7070
v 22430.1094 30556.8551 88.7070
v 22430.1094 30556.8551 88.7070
v 22430.1094 30556.8551 88.7070
v 22430.1094 30556.8551 88.7070
v 22430.1094 30556.8551 88.7070
v 22430.1094 30556.8551 88.7070
v 22429.5213 30558.4766 88.7070
v 22429.5213 30558.4766 88.7070
v 22429.5213 30558.4766 88.7070
v 22429.5213 30558.4766 88.7070
v 22429.5213 30558.4766 88.7070
v 22429.5213 30558.4766 88.7070
v 22429.5213 30558.4766 88.7070
v 22429.5195 30556.8580 88.7070
v 22429.5195 30556.8580 88.7070
v 22429.5195 30556.8580 88.7070
v 22429.5195 30556.8580 88.7070
v 22429.5195 30556.8580 88.7070
v 22422.1279 30556.8681 88.7070
v 22422.1279 30556.8681 88.7070
v 22422.1279 30556.8681 88.7070
v 22422.1279 30556.8681 88.7070
v 22422.1279 30556.8681 88.7070
v 22422.1279 30556.8681 88.7070
v 22422.1279 30556.8681 88.7070
v 22422.1279 30556.8681 88.7070
v 22422.1279 30556.8681 88.7070
v 22421.5456 30558.5286 88.7070
v 22421.5456 30558.5286 88.7070
v 22421.5456 30558.5286 88.7070
v 22421.5456 30558.5286 88.7070
v 22421.5456 30558.5286 88.7070
v 22421.5456 30558.5286 88.7070
v 22421.5203 30540.4234 79.5569
v 22421.5203 30540.4234 79.5569
v 22421.5203 30540.4234 79.5569
v 22421.5203 30540.4234 79.5569
v 22421.5203 30540.4234 79.5569
v 22418.0773 30540.4373 79.5569
v 22418.0773 30540.4373 79.5569
v 22418.0773 30540.4373 79.5569
v 22418.0773 30540.4373 79.5569
v 22418.0773 30540.4373 79.5569
v 22418.0773 30540.4373 79.5569
v 22418.0773 30540.4373 84.8419
v 22418.0773 30540.4373 84.8419
v 22418.0773 30540.4373 84.8419
v 22418.0773 30540.4373 84.8419
v 22417.8020 30540.4384 84.8419
v 22417.8020 30540.4384 84.8419
v 22417.8020 30540.4384 84.8419
v 22417.8020 30540.4384 84.8419
v 22417.8020 30540.4384 84.8419
v 22417.8020 30540.4384 84.8419
v 22417.8020 30540.4384 84.8419
v 22417.8020 30540.4384 84.8419
v 22429.4867 30528.1357 89.9019
v 22429.4867 30528.1357 89.9019
v 22429.4867 30528.1357 89.9019
v 22429.4867 30528.1357 89.9019
v 22429.4867 30528.1357 89.9019
v 22429.4867 30528.1357 89.9019
v 22429.4867 30528.1357 89.9019
v 22429.5121 30513.6896 89.9019
v 22429.5121 30513.6896 89.9019
v 22429.5121 30513.6896 89.9019
v 22429.5121 30513.6896 89.9019
v 22429.5121 30513.6896 89.9019
v 22470.0175 30513.7609 89.9019
v 22470.0175 30513.7609 89.9019
v 22470.0175 30513.7609 89.9019
v 22470.0175 30513.7609 89.9019
v 22470.0175 30513.7609 89.9019
v 22470.0175 30513.7609 89.9019
v 22469.9905 30528.4004 89.9019
v 22469.9905 30528.4004 89.9019
v 22469.9905 30528.4004 89.9019
v 22469.9905 30528.4004 89.9019
v 22469.9905 30528.4004 89.9019
v 22469.9905 30528.4004 89.9019
v 22469.9905 30528.4004 89.9019
v 22469.9905 30528.4004 89.9019
v 22469.9905 30528.4004 89.9019
v 22464.6319 30528.4153 90.1919
v 22464.6319 30528.4153 90.1919
v 22464.6319 30528.4153 90.1919
v 22464.6319 30528.4153 90.1919
v 22464.6319 30528.4153 90.1919
v 22464.6319 30528.4153 90.1919
v 22464.6319 30528.4153 90.1919
v 22464.6319 30528.4153 90.1919
v 22464.6319 30528.4153 89.2519
v 22464.6319 30528.4153 89.2519
v 22464.6319 30528.4153 89.2519
v 22464.6319 30528.4153 89.2519
v 22464.6319 30528.4153 89.2519
v 22464.6319 30528.4153 89.2519
v 22464.6319 30528.4153 89.2519
v 22464.6319 30528.4153 89.2519
v 22463.6382 30528.9819 89.2519
v 22463.6382 30528.9819 89.2519
v 22463.6382 30528.9819 89.2519
v 22463.6382 30528.9819 89.2519
v 22463.6382 30528.9819 89.2519
v 22463.6382 30528.9819 89.2519
v 22463.6382 30528.9819 89.2519
v 22435.5257 30529.2690 89.2519
v 22435.5257 30529.2690 89.2519
v 22435.5257 30529.2690 89.2519
v 22435.5257 30529.2690 89.2519
v 22435.5257 30529.2690 89.2519
v 22435.5257 30529.2690 89.2519
v 22435.5257 30529.2690 89.2519
v 22434.5297 30539.2232 89.2519
v 22434.5297 30539.2232 89.2519
v 22434.5297 30539.2232 89.2519
v 22434.5297 30539.2232 89.2519
v 22434.5297 30539.2232 89.2519
v 22434.5297 30539.2232 89.2519
v 22434.5467 30540.0691 89.2519
v 22434.5467 30540.0691 89.2519
v 22434.5467 30540.0691 89.2519
v 22434.5467 30540.0691 89.2519
v 22434.5467 30540.0691 89.2519
v 22434.5467 30540.0691 89.2519
v 22434.5467 30540.0691 89.2519
v 22434.5517 30540.3200 88.7069
v 22434.5517 30540.3200 88.7069
v 22434.5517 30540.3200 88.7069
v 22434.5517 30540.3200 88.7069
v 22434.5517 30540.3200 88.7069
v 22434.5517 30540.3200 88.7069
v 22434.5517 30540.3200 88.7069
v 22434.5527 30540.3707 88.7069
v 22434.5527 30540.3707 88.7069
v 22434.5527 30540.3707 88.7069
v 22434.5527 30540.3707 88.7069
v 22434.5527 30540.3707 88.7069
v 22434.5527 30540.3707 88.7069
v 22434.5527 30540.3707 88.7069
v 22434.5527 30540.3707 88.7069
v 22434.5527 30540.3707 88.7069
v 22421.5203 30540.4234 88.7069
v 22421.5203 30540.4234 88.7069
v 22421.5203 30540.4234 88.7069
v 22421.5203 30540.4234 88.7069
v 22421.5203 30540.4234 88.7069
v 22421.5203 30540.4234 88.7069
v 22421.5203 30540.4234 88.7069
v 22421.5203 30540.4234 88.7069
v 22421.5203 30540.4234 88.7069
v 22417.8020 30540.4384 90.2769
v 22417.8020 30540.4384 90.2769
v 22417.8020 30540.4384 90.2769
v 22417.8020 30540.4384 90.2769
v 22417.8020 30540.4384 90.2769
v 22417.8020 30540.4384 90.2769
v 22427.3145 30540.0125 90.2769
v 22427.3145 30540.0125 90.2769
v 22427.3145 30540.0125 90.2769
v 22427.3145 30540.0125 90.2769
v 22427.3145 30540.0125 90.2769
v 22427.3145 30540.0125 90.2769
v 22427.3145 30540.0125 90.2769
v 22427.3145 30540.0125 90.2769
v 22427.3145 30540.0125 90.2769
v 22427.3145 30540.0125 90.2769
v 22427.3145 30540.0125 90.2769
v 22434.0796 30540.0443 90.2769
v 22434.0796 30540.0443 90.2769
v 22434.0796 30540.0443 90.2769
v 22434.0796 30540.0443 90.2769
v 22434.0796 30540.0443 90.2769
v 22434.0796 30540.0443 90.2769
v 22434.1086 30533.9501 90.2769
v 22434.1086 30533.9501 90.2769
v 22434.1086 30533.9501 90.2769
v 22434.1086 30533.9501 90.2769
v 22434.1086 30533.9501 90.2769
v 22434.1086 30533.9501 90.2769
v 22434.1086 30533.9501 90.2769
v 22434.1086 30533.9501 90.2769
v 22434.1086 30533.9501 90.2769
v 22434.3074 30528.1162 90.2769
v 22434.3074 30528.1162 90.2769
v 22434.3074 30528.1162 90.2769
v 22434.3074 30528.1162 90.2769
v 22434.3074 30528.1162 90.2769
v 22434.3074 30528.1162 90.2769
v 22434.3074 30528.1162 90.2769
v 22434.3074 30528.1162 90.2769
v 22434.3074 30528.1162 90.2769
v 22434.3074 30528.1162 90.2769
v 22434.3074 30528.1162 90.2769
v 22434.3074 30528.1162 89.9019
v 22434.3074 30528.1162 89.9019
v 22434.3074 30528.1162 89.9019
v 22434.3074 30528.1162 89.9019
v 22434.3074 30528.1162 89.9019
v 22434.3074 30528.1162 89.9019
v 22434.3121 30528.3488 89.9019
v 22434.3121 30528.3488 89.9019
v 22434.3121 30528.3488 89.9019
v 22434.3121 30528.3488 89.9019
v 22434.3121 30528.3488 89.9019
v 22467.6980 30528.4068 89.9019
v 22467.6980 30528.4068 89.9019
v 22467.6980 30528.4068 89.9019
v 22467.6980 30528.4068 89.9019
v 22467.6980 30528.4068 89.9019
v 22467.6980 30528.4068 89.9019
v 22467.6980 30528.4068 89.9019
v 22467.6980 30528.4068 89.9019
v 22467.6980 30528.4068 89.9019
v 22464.9840 30528.4021 89.2519
v 22464.9840 30528.4021 89.2519
v 22464.9840 30528.4021 89.2519
v 22464.9840 30528.4021 89.2519
v 22464.9840 30528.4021 89.2519
v 22464.9840 30528.4021 89.2519
v 22464.9840 30528.4021 89.2519
v 22464.9840 30528.4021 89.2519
v 22440.8933 30528.3603 89.2519
v 22440.8933 30528.3603 89.2519
v 22440.8933 30528.3603 89.2519
v 22440.8933 30528.3603 89.2519
v 22440.8933 30528.3603 89.2519
v 22440.8933 30528.3603 89.2519
v 22440.8933 30528.3603 89.2519
v 22434.3320 30528.3758 89.2519
v 22434.3320 30528.3758 89.2519
v 22434.3320 30528.3758 89.2519
v 22434.3320 30528.3758 89.2519
v 22434.3320 30528.3758 89.2519
v 22434.3320 30528.3758 89.2519
v 22434.3313 30529.2812 89.2519
v 22434.3313 30529.2812 89.2519
v 22434.3313 30529.2812 89.2519
v 22434.3313 30529.2812 89.2519
v 22434.3318 30528.3758 79.5569
v 22434.3318 30528.3758 79.5569
v 22434.3318 30528.3758 79.5569
v 22434.3318 30528.3758 79.5569
v 22434.3318 30528.3758 79.5569
v 22434.3318 30528.3758 79.5569
v 22434.3310 30529.2977 79.5569
v 22434.3310 30529.2977 79.5569
v 22434.3310 30529.2977 79.5569
v 22434.3126 30528.3758 79.5569
v 22434.3126 30528.3758 79.5569
v 22434.3126 30528.3758 79.5569
v 22434.3126 30528.3758 79.5569
v 22434.3312 30529.3070 89.2519
v 22434.3312 30529.3070 89.2519
v 22434.3312 30529.3070 89.2519
v 22434.3312 30529.3070 89.2519
v 22434.3312 30529.3070 89.2519
v 22434.3312 30529.3070 89.2519
v 22434.3312 30529.3070 89.2519
v 22434.5527 30540.3707 90.2769
v 22434.5527 30540.3707 90.2769
v 22434.5527 30540.3707 90.2769
v 22434.5527 30540.3707 90.2769
v 22434.5527 30540.3707 90.2769
v 22434.5527 30540.3707 90.2769
v 22434.5527 30540.3707 90.2769
v 22434.5527 30540.3707 90.2769
v 22434.5527 30540.3707 90.2769
v 22434.5527 30540.3707 90.2769
v 22434.5527 30540.3707 90.2769
v 22434.5527 30540.3707 90.2769
v 22434.5527 30540.3707 90.2769
v 22434.5527 30540.3707 90.2769
v 22434.5527 30540.3707 90.2769
v 22434.3121 30528.3488 89.3969
v 22434.3121 30528.3488 89.3969
v 22434.3121 30528.3488 89.3969
v 22434.3121 30528.3488 89.3969
v 22434.3121 30528.3488 89.3969
v 22440.8933 30528.3603 89.3969
v 22440.8933 30528.3603 89.3969
v 22440.8933 30528.3603 89.3969
v 22440.8933 30528.3603 89.3969
v 22440.8933 30528.3603 89.3969
v 22434.3126 30528.3758 89.3969
v 22434.3126 30528.3758 89.3969
v 22434.3126 30528.3758 89.3969
v 22434.3126 30528.3758 89.3969
v 22434.3126 30528.3758 89.3969
v 22434.3126 30528.3758 89.3969
v 22434.3126 30528.3758 89.3969
v 22434.3126 30528.3758 89.3969
f 3 8 9
f 12 4 15
f 24 29 31
f 25 40 30
f 34 35 43
f 52 57 58
f 63 53 64
f 68 54 69
f 72 55 75
f 56 47 74
f 48 46 73
f 78 41 80
f 42 36 79
f 84 37 85
f 90 38 92
f 39 26 91
f 95 27 97
f 28 19 96
f 100 20 102
f 109 114 116
f 110 126 115
f 120 121 129
f 122 105 128
f 101 21 127
f 132 22 137
f 23 32 136
f 33 44 135
f 45 49 134
f 147 141 152
f 133 50 151
f 51 59 150
f 60 161 149
f 165 155 168
f 148 156 167
f 157 176 166
f 172 173 177
f 180 174 182
f 175 158 181
f 186 159 189
f 160 61 188
f 62 65 187
f 192 66 196
f 67 70 195
f 71 76 194
f 77 81 193
f 199 82 201
f 83 86 200
f 204 87 205
f 210 88 215
f 89 93 214
f 94 98 213
f 99 103 212
f 104 123 211
f 218 124 221
f 125 111 220
f 231 236 239
f 246 251 255
f 247 263 254
f 259 243 253
f 266 272 274
f 284 280 286
f 273 267 285
f 289 268 294
f 269 301 293
f 298 258 292
f 252 237 291
f 238 232 290
f 297 233 302
f 306 234 308
f 235 226 307
f 311 227 312
f 315 228 316
f 320 229 322
f 230 240 321
f 326 241 328
f 242 260 327
f 331 261 333
f 262 248 332
f 337 249 344
f 250 244 343
f 245 256 342
f 257 299 341
f 300 270 340
f 271 264 339
f 265 275 338
f 347 276 351
f 277 225 350
f 219 112 349
f 113 106 348
f 354 107 356
f 108 117 355
f 359 118 362
f 119 130 361
f 131 138 360
f 366 139 368
f 140 142 367
f 371 143 372
f 376 144 377
f 380 145 384
f 146 153 383
f 154 162 382
f 391 387 394
f 381 163 393
f 164 169 392
f 397 170 402
f 171 178 401
f 179 183 400
f 409 414 415
f 418 410 419
f 423 411 424
f 429 412 431
f 413 406 430
f 435 407 438
f 408 416 437
f 417 420 436
f 443 421 446
f 422 425 445
f 426 405 444
f 449 398 458
f 399 184 457
f 185 190 456
f 191 197 455
f 198 202 454
f 203 206 453
f 207 465 452
f 462 469 451
f 472 461 478
f 450 466 477
f 487 493 494
f 497 488 500
f 489 507 499
f 510 503 512
f 498 504 511
f 519 505 521
f 506 490 520
f 524 491 526
f 492 482 525
f 529 483 534
f 543 547 549
f 556 562 563
f 567 557 568
f 571 558 574
f 559 553 573
f 548 544 572
f 577 545 531
f 546 538 530
f 537 539 578
f 581 540 582
f 586 541 588
f 542 550 587
f 591 551 595
f 552 560 594
f 561 554 593
f 555 564 592
f 598 565 603
f 566 569 602
f 570 575 601
f 576 532 600
f 533 484 599
f 606 485 611
f 486 495 610
f 496 501 609
f 502 508 608
f 509 513 607
f 614 514 473
f 481 515 615
f 618 516 619
f 622 517 629
f 518 522 628
f 523 527 627
f 528 535 626
f 536 579 625
f 580 583 624
f 636 633 643
f 623 584 642
f 585 589 641
f 590 596 640
f 597 604 639
f 605 612 638
f 613 474 637
f 647 475 653
f 476 467 652
f 468 463 651
f 464 208 650
f 209 216 649
f 217 222 648
f 656 223 659
f 224 278 658
f 279 281 657
f 662 282 666
f 283 287 665
f 288 295 664
f 296 303 663
f 669 304 673
f 305 309 672
f 310 313 671
f 314 317 670
f 676 318 678
f 319 323 677
f 682 324 685
f 325 329 684
f 330 334 683
f 688 335 693
f 336 345 692
f 346 352 691
f 353 357 690
f 358 363 689
f 696 364 699
f 365 369 698
f 370 373 697
f 702 374 706
f 375 378 705
f 379 385 704
f 386 388 703
f 709 389 714
f 390 395 713
f 396 403 712
f 404 427 711
f 428 432 710
f 717 433 725
f 434 439 724
f 731 737 739
f 751 743 754
f 738 732 753
f 758 757 763
f 752 733 762
f 761 734 765
f 764 735 769
f 736 729 768
f 730 740 767
f 766 741 772
f 742 744 771
f 770 745 775
f 779 780 784
f 781 773 783
f 774 746 782
f 788 747 793
f 800 807 808
f 812 801 814
f 802 824 813
f 818 819 825
f 829 820 830
f 833 821 834
f 838 822 840
f 823 803 839
f 844 804 845
f 848 805 850
f 806 797 849
f 854 798 856
f 799 809 855
f 859 810 861
f 811 815 860
f 864 816 866
f 817 826 865
f 870 827 873
f 828 831 872
f 832 835 871
f 876 836 883
f 837 841 882
f 891 895 897
f 892 907 896
f 901 902 908
f 911 903 912
f 915 904 916
f 919 905 926
f 906 893 925
f 894 887 924
f 933 940 941
f 945 934 947
f 935 956 946
f 951 952 958
f 966 963 968
f 957 953 967
f 974 954 976
f 955 936 975
f 979 937 980
f 983 938 985
f 939 930 984
f 989 931 991
f 932 942 990
f 995 943 997
f 944 948 996
f 1000 949 1004
f 950 959 1003
f 960 1011 1002
f 1015 1007 1017
f 1001 1008 1016
f 1021 1009 1025
f 1010 961 1024
f 962 964 1023
f 965 969 1022
f 1028 970 1031
f 1035 1040 1041
f 1044 1036 1045
f 1049 1037 1050
f 1053 1038 1056
f 1039 1029 1055
f 1030 971 1054
f 1059 972 1063
f 973 977 1062
f 978 981 1061
f 982 986 1060
f 1067 987 921
f 988 992 920
f 929 993 1071
f 994 998 1070
f 999 1005 1069
f 1006 1012 1068
f 1075 1013 1078
f 1014 1018 1077
f 1085 1092 1093
f 1096 1086 1097
f 1105 1087 1106
f 1110 1088 1113
f 1089 1121 1112
f 1125 1117 1127
f 1111 1118 1126
f 1131 1119 1134
f 1120 1090 1133
f 1091 1082 1132
f 1137 1083 1141
f 1084 1094 1140
f 1095 1098 1139
f 1099 1149 1138
f 1145 1146 1152
f 1160 1164 1166
f 1161 1156 1165
f 1170 1150 1173
f 1151 1147 1172
f 1148 1100 1171
f 1178 1101 1179
f 1182 1102 1183
f 1187 1103 1189
f 1104 1107 1188
f 1193 1108 1195
f 1109 1114 1194
f 1198 1115 1200
f 1116 1122 1199
f 1204 1123 1206
f 1124 1128 1205
f 1211 1129 1214
f 1130 1135 1213
f 1136 1142 1212
f 1217 1143 1219
f 1144 1153 1218
f 1222 1154 1225
f 1155 1162 1224
f 1163 1157 1223
f 1228 1158 1230
f 1159 1167 1229
f 1234 1168 1237
f 1169 1174 1236
f 1175 1243 1235
f 1240 1241 1247
f 1242 1176 1246
f 1177 1180 1245
f 1181 1184 1244
f 1250 1185 1252
f 1186 1190 1251
f 1255 1191 1258
f 1192 1196 1257
f 1197 1201 1256
f 1261 1202 1267
f 1203 1207 1266
f 1208 1081 1265
f 1076 1019 1264
f 1020 1026 1263
f 1027 1032 1262
f 1270 1033 1273
f 1034 1042 1272
f 1043 1046 1271
f 1276 1047 1280
f 1048 1051 1279
f 1052 1057 1278
f 1058 1064 1277
f 1283 1065 879
f 1066 922 878
f 923 888 877
f 886 889 1285
f 890 898 1284
f 1288 899 1294
f 900 909 1293
f 910 913 1292
f 914 917 1291
f 918 927 1290
f 928 1072 1289
f 1298 1073 1308
f 1074 1079 1307
f 1080 1209 1306
f 1210 1215 1305
f 1216 1220 1304
f 1221 1226 1303
f 1227 1231 1302
f 1317 1320 1321
f 1326 1318 1328
f 1319 1312 1327
f 1331 1313 1332
f 1335 1314 1336
f 1341 1315 1344
f 1316 1322 1343
f 1351 1358 1359
f 1363 1352 1368
f 1353 1375 1367
f 1372 1382 1366
f 1376 1347 1365
f 1342 1323 1364
f 1371 1324 1387
f 1325 1329 1386
f 1330 1333 1385
f 1334 1337 1384
f 1393 1394 1398
f 1405 1412 1416
f 1406 1401 1415
f 1397 1395 1414
f 1396 1420 1413
f 1419 1421 1424
f 1422 1429 1423
f 1428 1430 1435
f 1431 1391 1434
f 1392 1399 1433
f 1400 1407 1432
f 1438 1408 1439
f 1442 1409 1446
f 1453 1449 1456
f 1462 1467 1469
f 1463 1458 1468
f 1472 1454 1474
f 1455 1443 1473
f 1478 1444 1481
f 1445 1410 1480
f 1411 1402 1479
f 1484 1403 1487
f 1404 1417 1486
f 1418 1425 1485
f 1492 1426 1497
f 1427 1436 1496
f 1437 1440 1495
f 1441 1447 1494
f 1448 1450 1493
f 1500 1451 1501
f 1506 1452 1509
f 1453 1456 1508
f 1457 1464 1507
f 1512 1465 1514
f 1466 1459 1513
f 1519 1460 1520
f 1461 1470 1523
f 1523 1470 1525
f 1471 1475 1524
f 1528 1476 1531
f 1477 1482 1530
f 1483 1488 1529
f 1534 1489 1537
f 2324 1540 1542
f 1541 1535 1547
f 1536 1490 1546
f 1491 1498 1545
f 1499 1502 1544
f 1543 1503 1551
f 1554 1560 1562
f 1555 1573 1561
f 1567 1568 1575
f 1569 1583 1574
f 1579 1580 1587
f 1597 1600 1602
f 1610 1606 1613
f 1601 1598 1612
f 1599 1591 1611
f 1616 1592 1617
f 1620 1593 1584
f 1590 1594 1623
f 1631 1636 1640
f 1647 1654 1655
f 1659 1648 1660
f 1664 1649 1665
f 1670 1650 1674
f 1683 1702 1707
f 1684 1718 1706
f 1723 1727 1730
f 1724 1737 1729
f 1734 1742 1728
f 1733 1738 1745
f 1752 1757 1762
f 1753 1772 1761
f 1776 1782 1783
f 1787 1777 1789
f 1778 1766 1788
f 1793 1758 1794
f 1798 1759 1802
f 1760 1767 1801
f 1768 1812 1800
f 1807 1748 1799
f 1806 1743 1814
f 1744 1739 1813
f 1817 1740 1821
f 1741 1735 1820
f 1736 1725 1819
f 1726 1719 1818
f 1824 1720 1703
f 1712 1721 1831
f 1722 1731 1830
f 1732 1746 1829
f 1747 1808 1828
f 1834 1837 1839
f 1548 1844 1848
f 1838 1835 1847
f 1836 1825 1846
f 1845 1826 1851
f 1827 1809 1850
f 1849 1810 1854
f 1811 1769 1853
f 1852 1770 1857
f 1771 1754 1856
f 1855 1755 1860
f 1756 1749 1859
f 1858 1750 1863
f 1751 1763 1862
f 1861 1764 1866
f 1765 1779 1865
f 1864 1780 1869
f 1781 1773 1868
f 1867 1774 1872
f 1775 1784 1871
f 1870 1785 1875
f 1786 1790 1874
f 1873 1791 1878
f 1792 1795 1877
f 1876 1796 1881
f 1797 1803 1880
f 1879 1804 1887
f 1805 1815 1886
f 1816 1822 1885
f 1823 1704 1884
f 1705 1713 1883
f 1882 1714 1890
f 1715 1677 1889
f 1888 1671 1892
f 1891 1672 1895
f 1673 1651 1894
f 1893 1652 1898
f 1653 1644 1897
f 1896 1645 1901
f 1646 1656 1900
f 1899 1657 1904
f 1658 1661 1903
f 1902 1662 1907
f 1663 1666 1906
f 1905 1667 1910
f 1911 1918 1922
f 1927 1932 1933
f 1936 1928 1937
f 1941 1929 1944
f 1951 1957 1959
f 1952 1947 1958
f 1968 1973 1975
f 1969 1985 1974
f 1979 1980 1987
f 1981 1996 1986
f 1990 1991 2000
f 1992 2009 1999
f 2005 1964 1998
f 1958 1947 1997
f 2004 1942 2015
f 1943 1930 2014
f 1931 1923 2013
f 2025 2029 2030
f 2036 2026 2039
f 2049 2056 2058
f 2050 2043 2057
f 2062 2037 2065
f 2038 2027 2064
f 2028 2020 2063
f 2068 2021 2069
f 2072 2022 2075
f 2082 2086 2092
f 2087 2079 2091
f 2096 2073 2099
f 2074 2023 2098
f 2024 2031 2097
f 2103 2032 2104
f 2107 2033 2108
f 2113 2034 2115
f 2035 2040 2114
f 2118 2041 2124
f 2042 2051 2123
f 2052 2132 2122
f 2128 2135 2121
f 2120 2133 2137
f 2134 2129 2136
f 2142 2130 2147
f 2131 2053 2146
f 2151 2155 2156
f 2160 2152 2083
f 2090 2153 2162
f 2154 2143 2161
f 2165 2144 2168
f 2145 2054 2167
f 2055 2044 2166
f 2173 2045 2177
f 2046 2184 2176
f 2181 2127 2175
f 2119 2138 2174
f 2180 2139 2010
f 2019 2140 2186
f 2141 2148 2185
f 2190 2149 2192
f 2150 2157 2191
f 2197 2158 2201
f 2159 2084 2200
f 2085 2080 2199
f 2081 2093 2198
f 2204 2094 2206
f 2095 2100 2205
f 2209 2101 2212
f 2102 2105 2211
f 2106 2109 2210
f 2215 2110 2216
f 2220 2111 2226
f 2112 2116 2225
f 2117 2125 2224
f 2126 2182 2223
f 2183 2047 2222
f 2048 2059 2221
f 2229 2060 2233
f 2061 2066 2232
f 2067 2070 2231
f 2071 2076 2230
f 2236 2077 2240
f 2078 2088 2239
f 2089 2163 2238
f 2164 2169 2237
f 2243 2170 2244
f 2247 2171 2251
f 2172 2178 2250
f 2179 2011 2249
f 2012 1924 2248
f 2255 1925 2258
f 1926 1934 2257
f 1935 1938 2256
f 2261 1939 2264
f 1940 1945 2263
f 1946 1953 2262
f 2269 1954 2270
f 2274 1955 2276
f 1956 1948 2275
f 2279 1949 2282
f 1950 1960 2281
f 2287 2286 2292
f 2280 1961 2291
f 2290 1962 2295
f 1963 2006 2294
f 2293 2007 2298
f 2008 1993 2297
f 2296 1994 2301
f 1995 1982 2300
f 2299 1983 2304
f 1984 1970 2303
f 2302 1971 2307
f 1972 1965 2306
f 2305 1966 2310
f 1967 1976 2309
f 2308 1977 2314
f 1978 1988 2313
f 1989 2001 2312
f 2311 2002 2317
f 2003 2016 2316
f 2315 2017 2320
f 2018 2187 2319
f 2318 2188 2323
f 2189 2193 2322
f 2321 2194 2328
f 2327 2195 2333
f 2196 2202 2332
f 2203 2207 2331
f 2208 2213 2330
f 2214 2217 2329
f 2336 2218 2342
f 2219 2227 2341
f 2228 2234 2340
f 2235 2241 2339
f 2242 2245 2338
f 2246 2252 2337
f 2345 2253 2348
f 2254 2259 2347
f 2260 2265 2346
f 2351 2266 2352
f 2355 2267 2357
f 2268 2271 2356
f 2360 2272 2363
f 2273 2277 2362
f 2278 2283 2361
f 2366 2284 2370
f 2285 2288 2369
f 2289 2374 2368
f 2375 1919 2367
f 2373 1920 2377
f 1921 1914 2376
f 2381 1915 2382
f 2388 1916 2395
f 1917 1912 2394
f 1913 1908 2393
f 1909 1668 2392
f 1669 1675 2391
f 1676 1716 2390
f 1717 1685 2389
f 2398 1686 2399
f 2403 1687 2407
f 2414 2410 2418
f 2421 2424 2426
f 2433 2429 2436
f 2425 2422 2435
f 2423 2415 2434
f 2439 2416 2441
f 2417 2404 2440
f 2444 2405 2446
f 2406 1688 2445
f 2450 1689 2453
f 2464 2468 2469
f 2472 2465 2473
f 2477 2466 2479
f 2467 2458 2478
f 2482 2459 2484
f 2460 2457 2483
f 2487 2451 2490
f 2452 1690 2489
f 1691 2500 2488
f 2493 2494 2501
f 2505 2495 2506
f 2509 2496 2513
f 2516 2519 2521
f 2528 2524 2531
f 2520 2517 2530
f 2518 2510 2529
f 2534 2511 2536
f 2512 2497 2535
f 2539 2498 2542
f 2499 1692 2541
f 1693 2552 2540
f 2545 2546 2553
f 2557 2547 2558
f 2561 2548 2565
f 2568 2571 2573
f 2580 2576 2583
f 2572 2569 2582
f 2570 2562 2581
f 2586 2563 2588
f 2564 2549 2587
f 2591 2550 2594
f 2551 1694 2593
f 1695 2604 2592
f 2597 2598 2605
f 2609 2599 2610
f 2613 2600 2617
f 2620 2623 2625
f 2632 2628 2635
f 2624 2621 2634
f 2622 2614 2633
f 2638 2615 2640
f 2616 2601 2639
f 2643 2602 2646
f 2603 1696 2645
f 1697 2656 2644
f 2649 2650 2657
f 2661 2651 2662
f 2665 2652 2669
f 2672 2675 2677
f 2684 2680 2687
f 2676 2673 2686
f 2674 2666 2685
f 2690 2667 2692
f 2668 2653 2691
f 2695 2654 2697
f 2655 1698 2696
f 2701 1699 2705
f 2712 2708 2716
f 2719 2722 2724
f 2731 2727 2734
f 2723 2720 2733
f 2721 2713 2732
f 2737 2714 2739
f 2715 2702 2738
f 2742 2703 2745
f 2704 1700 2744
f 1701 1678 2743
f 2748 1679 2749
f 2753 1680 2754
f 2757 1681 2759
f 1682 1708 2758
f 2765 1709 2766
f 2770 1710 2774
f 1711 1832 2773
f 1833 1840 2772
f 1841 1643 2771
f 2777 1637 2778
f 2782 1638 2784
f 1639 1632 2783
f 2787 1633 2788
f 2792 1634 2795
f 1635 1627 2794
f 1628 1626 2793
f 2798 1621 2801
f 1622 1595 2800
f 1596 1603 2799
f 2804 1604 2806
f 1605 1607 2805
f 2809 1608 2815
f 1609 1614 2814
f 1615 1618 2813
f 1619 1585 2812
f 1586 1581 2811
f 1582 1570 2810
f 2818 1571 2820
f 1572 1556 2819
f 2825 1557 2826
f 2829 1558 2832
f 1559 1552 2831
f 1553 1563 2830
f 2835 1564 2836
f 2839 1565 2843
f 1566 1576 2842
f 2850 2846 2853
f 2863 2867 2868
f 2872 2864 2873
f 2877 2865 2879
f 2866 2857 2878
f 2882 2858 2883
f 2886 2859 2890
f 2860 2856 2889
f 2893 2899 2900
f 2903 2894 2905
f 2895 2916 2904
f 2909 2910 2919
f 2911 2925 2918
f 2929 2922 2932
f 2917 2923 2931
f 2924 2912 2930
f 2935 2913 2936
f 2939 2914 2943
f 2915 2896 2942
f 2946 2952 2953
f 2956 2947 2958
f 2948 2969 2957
f 2962 2963 2972
f 2964 2978 2971
f 2982 2975 2985
f 2970 2976 2984
f 2977 2965 2983
f 2988 2966 2989
f 2992 2967 2996
f 2968 2949 2995
f 3003 2999 3004
f 3009 2993 3026
f 2994 2950 3025
f 2951 2940 3024
f 2941 2897 3023
f 2898 2887 3022
f 2888 2851 3021
f 2852 2840 3020
f 2841 1577 3019
f 1578 1588 3018
f 1589 1624 3017
f 1625 1629 3016
f 1630 1641 3015
f 1642 1842 3014
f 1843 1549 3013
f 1550 1504 3012
f 1505 1510 3011
f 1511 1515 3010
f 3031 1516 3032
f 3036 1517 3050
f 1518 1521 3049
f 1522 1526 3048
f 1527 1532 3047
f 1533 1538 3046
f 1539 2325 3045
f 2326 2334 3044
f 2335 2343 3043
f 2344 2349 3042
f 2350 2353 3041
f 2354 2358 3040
f 2359 2364 3039
f 2365 2371 3038
f 2372 2378 3037
f 3054 2379 3058
f 2380 2383 3057
f 2384 3065 3056
f 3062 3070 3055
f 3061 3066 3073
f 3067 1390 3072
f 1383 1338 3071
f 3077 1339 3080
f 1340 1345 3079
f 1346 1377 3078
f 3086 1378 3087
f 3090 1379 3091
f 3094 1380 3097
f 1381 1373 3096
f 1374 1354 3095
f 3100 1355 3101
f 3106 1356 3108
f 1357 1348 3107
f 3111 1349 3113
f 1350 1360 3112
f 3118 1361 3125
f 1362 1369 3124
f 1370 1388 3123
f 1389 3068 3122
f 3069 3063 3121
f 3064 2385 3120
f 3132 3128 3136
f 3119 2386 3135
f 2387 2396 3134
f 2397 2400 3133
f 3139 2401 3142
f 2402 2408 3141
f 2409 2411 3140
f 3145 2412 3149
f 2413 2419 3148
f 2420 2427 3147
f 2428 2430 3146
f 3153 2431 3157
f 2432 2437 3156
f 2438 2442 3155
f 2443 2447 3154
f 3160 2448 3162
f 2449 2454 3161
f 3166 2455 3168
f 2456 2461 3167
f 3171 2462 3174
f 2463 2470 3173
f 2471 2474 3172
f 3178 2475 3183
f 2476 2480 3182
f 2481 2485 3181
f 2486 2491 3180
f 2492 2502 3179
f 3186 2503 3191
f 2504 2507 3190
f 2508 2514 3189
f 2515 2522 3188
f 2523 2525 3187
f 3194 2526 3199
f 2527 2532 3198
f 2533 2537 3197
f 2538 2543 3196
f 2544 2554 3195
f 3202 2555 3207
f 2556 2559 3206
f 2560 2566 3205
f 2567 2574 3204
f 2575 2577 3203
f 3210 2578 3215
f 2579 2584 3214
f 2585 2589 3213
f 2590 2595 3212
f 2596 2606 3211
f 3218 2607 3223
f 2608 2611 3222
f 2612 2618 3221
f 2619 2626 3220
f 2627 2629 3219
f 3226 2630 3231
f 2631 2636 3230
f 2637 2641 3229
f 2642 2647 3228
f 2648 2658 3227
f 3234 2659 3239
f 2660 2663 3238
f 2664 2670 3237
f 2671 2678 3236
f 2679 2681 3235
f 3242 2682 3246
f 2683 2688 3245
f 2689 2693 3244
f 2694 2698 3243
f 3249 2699 3252
f 2700 2706 3251
f 2707 2709 3250
f 3255 2710 3259
f 2711 2717 3258
f 2718 2725 3257
f 2726 2728 3256
f 3262 2729 3267
f 2730 2735 3266
f 2736 2740 3265
f 2741 2746 3264
f 2747 2750 3263
f 3270 2751 3273
f 2752 2755 3272
f 2756 2760 3271
f 3277 2761 3279
f 2762 3287 3278
f 3284 3285 3290
f 3286 2763 3289
f 2764 2767 3288
f 3293 2768 3296
f 2769 2775 3295
f 2776 2779 3294
f 3299 2780 3304
f 2781 2785 3303
f 2786 2789 3302
f 3311 3307 1299
f 1311 3300 3318
f 3301 2790 3317
f 2791 2796 3316
f 2797 2802 3315
f 2803 2807 3314
f 2808 2816 3313
f 2817 2821 3312
f 3321 2822 3322
f 3326 2823 3332
f 2824 2827 3331
f 2828 2833 3330
f 2834 2837 3329
f 2838 2844 3328
f 2845 2847 3327
f 3335 2848 3339
f 2849 2854 3338
f 2855 2861 3337
f 2862 2869 3336
f 3342 2870 3344
f 2871 2874 3343
f 3347 2875 3353
f 2876 2880 3352
f 2881 2884 3351
f 2885 2891 3350
f 2892 2901 3349
f 2902 2906 3348
f 3356 2907 3359
f 2908 2920 3358
f 2921 2926 3357
f 3362 2927 3368
f 2928 2933 3367
f 2934 2937 3366
f 2938 2944 3365
f 2945 2954 3364
f 2955 2959 3363
f 3371 2960 3374
f 2961 2973 3373
f 2974 2979 3372
f 3377 2980 3382
f 2981 2986 3381
f 2987 2990 3380
f 2991 2997 3379
f 2998 3000 3378
f 3386 3001 3389
f 3002 3005 3388
f 3006 3399 3387
f 3392 3393 3402
f 3394 3408 3401
f 3412 3405 3415
f 3400 3406 3414
f 3407 3395 3413
f 3418 3396 3419
f 3422 3397 3426
f 3398 3007 3425
f 3008 3027 3424
f 3433 3429 3436
f 3423 3028 3435
f 3446 3450 3451
f 3455 3447 3456
f 3460 3448 3462
f 3449 3440 3461
f 3465 3441 3466
f 3469 3442 3474
f 3443 3439 3473
f 3434 3029 3472
f 3030 3033 3471
f 3481 3477 3484
f 3470 3034 3483
f 3035 3051 3482
f 3487 3052 3490
f 3053 3059 3489
f 3060 3074 3488
f 3494 3075 3496
f 3076 3081 3495
f 3500 3082 3501
f 3504 3083 3505
f 3510 3084 3515
f 3085 3088 3514
f 3089 3092 3513
f 3093 3098 3512
f 3099 3102 3511
f 3518 3103 3519
f 3522 3104 3525
f 3105 3109 3524
f 3110 3114 3523
f 3529 3115 3530
f 3533 3116 3536
f 3117 3126 3535
f 3127 3129 3534
f 3539 3130 3543
f 3131 3137 3542
f 3138 3143 3541
f 3144 3150 3540
f 3547 3151 3550
f 3152 3158 3549
f 3159 3163 3548
f 3553 3164 3556
f 3165 3169 3555
f 3170 3175 3554
f 3560 3176 3574
f 3177 3184 3573
f 3185 3192 3572
f 3193 3200 3571
f 3201 3208 3570
f 3209 3216 3569
f 3217 3224 3568
f 3225 3232 3567
f 3233 3240 3566
f 3241 3247 3565
f 3248 3253 3564
f 3254 3260 3563
f 3261 3268 3562
f 3269 3274 3561
f 3579 3275 3581
f 3276 3280 3580
f 3584 3281 3586
f 3592 3589 3598
f 3585 3282 3597
f 3283 3291 3596
f 3292 3297 3595
f 3298 3305 3594
f 3306 3308 3593
f 3601 3309 3615
f 3310 1300 3614
f 1301 1232 3613
f 1233 1238 3612
f 1239 1248 3611
f 1249 1253 3610
f 1254 1259 3609
f 1260 1268 3608
f 1269 1274 3607
f 1275 1281 3606
f 1282 880 3605
f 881 842 3604
f 843 846 3603
f 847 851 3602
f 3619 852 3623
f 853 857 3622
f 858 862 3621
f 863 867 3620
f 3626 868 3631
f 869 874 3630
f 875 884 3629
f 885 1286 3628
f 1287 1295 3627
f 3634 1296 3639
f 1297 1309 3638
f 1310 3319 3637
f 3320 3323 3636
f 796 3647 3649
f 3656 3653 3658
f 3648 3644 3657
f 3661 3645 3673
f 3646 789 3672
f 790 3643 3671
f 3635 3324 3670
f 3325 3333 3669
f 3334 3340 3668
f 3341 3345 3667
f 3346 3354 3666
f 3355 3360 3665
f 3361 3369 3664
f 3370 3375 3663
f 3376 3383 3662
f 3677 3384 3681
f 3385 3390 3680
f 3391 3403 3679
f 3404 3409 3678
f 3684 3410 3689
f 3411 3416 3688
f 3417 3420 3687
f 3421 3427 3686
f 3428 3430 3685
f 3692 3431 3696
f 3432 3437 3695
f 3438 3444 3694
f 3445 3452 3693
f 3699 3453 3701
f 3454 3457 3700
f 3704 3458 3709
f 3459 3463 3708
f 3464 3467 3707
f 3468 3475 3706
f 3476 3478 3705
f 3713 3479 3716
f 3480 3485 3715
f 3486 3491 3714
f 3719 3492 3721
f 3493 3497 3720
f 3724 3498 3727
f 3499 3502 3726
f 3503 3506 3725
f 3730 3507 3731
f 3734 3508 3738
f 3509 3516 3737
f 3517 3520 3736
f 3521 3526 3735
f 3742 3527 721
f 3528 3531 720
f 3532 3537 719
f 3538 3544 718
f 728 3545 3745
f 3546 3551 3744
f 3552 3557 3743
f 3749 3558 3751
f 3559 3575 3750
f 3754 3576 3755
f 3760 3577 3766
f 3578 3582 3765
f 3583 3587 3764
f 3588 3590 3763
f 3591 3599 3762
f 3600 3616 3761
f 3769 3617 3774
f 3618 3624 3773
f 3625 3632 3772
f 3633 3640 3771
f 18 3777 3781
f 3770 3641 3780
f 3642 791 3779
f 792 748 3778
f 3785 749 3789
f 750 755 3788
f 756 759 3787
f 760 776 3786
f 3792 777 3795
f 778 785 3794
f 3805 3799 3809
f 3793 786 3808
f 787 794 3807
f 795 3650 3806
f 3812 3651 3816
f 3652 3654 3815
f 3655 3659 3814
f 3660 3674 3813
f 3819 3675 3825
f 3676 3682 3824
f 3683 3690 3823
f 3691 3697 3822
f 3698 3702 3821
f 3703 3710 3820
f 3828 3711 3834
f 3712 3717 3833
f 3718 3722 3832
f 3723 3728 3831
f 3729 3732 3830
f 3733 3739 3829
f 3837 3740 3840
f 3741 722 3839
f 723 440 3838
f 3843 441 3851
f 442 447 3850
f 448 459 3849
f 460 470 3848
f 471 479 3847
f 480 616 3846
f 617 620 3845
f 621 630 3844
f 3854 631 3857
f 632 634 3856
f 635 644 3855
f 3860 645 3866
f 646 654 3865
f 655 660 3864
f 661 667 3863
f 668 674 3862
f 675 679 3861
f 3869 680 3877
f 681 686 3876
f 687 694 3875
f 695 700 3874
f 701 707 3873
f 708 715 3872
f 716 726 3871
f 727 3746 3870
f 3880 3747 3883
f 3748 3752 3882
f 3753 3756 3881
f 3886 3757 3887
f 3891 3758 3896
f 3759 3767 3895
f 3768 3775 3894
f 3776 13 3893
f 14 5 3892
f 3900 6 3905
f 7 1 3904
f 2 10 3903
f 11 16 3902
f 17 3782 3901
f 3908 3783 3911
f 3784 3790 3910
f 3791 3796 3909
f 3915 3797 3918
f 3798 3800 3917
f 3801 3925 3916
f 3921 3922 3928
f 3931 3934 3935
f 3938 3932 3942
f 3933 3926 3941
f 3927 3923 3940
f 3924 3802 3939
f 3945 3803 3957
f 3804 3810 3956
f 3811 3817 3955
f 3818 3826 3954
f 3827 3835 3953
f 3836 3841 3952
f 3842 3852 3951
f 3853 3858 3950
f 3859 3867 3949
f 3868 3878 3948
f 3879 3884 3947
f 3885 3888 3946
f 3960 3889 3962
f 3890 3897 3961
f 3965 3898 3968
f 3899 3906 3967
f 3907 3912 3966
f 3970 3913 3976
f 3914 3919 3975
f 3920 3929 3974
f 3930 3936 3973
f 3937 3943 3972
f 3944 3958 3971
f 3959 3963 3978
f 3981 3986 3987
f 3990 3982 3993
f 4002 4007 4009
f 4003 4018 4008
f 4012 4013 4021
f 4030 4035 4036
f 4041 4031 4042
f 4046 4032 4047
f 4050 4033 4053
f 4034 4025 4052
f 4026 4024 4051
f 4056 4019 4058
f 4020 4014 4057
f 4062 4015 4063
f 4068 4016 4070
f 4017 4004 4069
f 4073 4005 4075
f 4006 3997 4074
f 4078 3998 4080
f 4087 4092 4094
f 4088 4104 4093
f 4098 4099 4107
f 4100 4083 4106
f 4079 3999 4105
f 4110 4000 4115
f 4001 4010 4114
f 4011 4022 4113
f 4023 4027 4112
f 4125 4119 4130
f 4111 4028 4129
f 4029 4037 4128
f 4038 4139 4127
f 4143 4133 4146
f 4126 4134 4145
f 4135 4154 4144
f 4150 4151 4155
f 4158 4152 4160
f 4153 4136 4159
f 4164 4137 4167
f 4138 4039 4166
f 4040 4043 4165
f 4170 4044 4174
f 4045 4048 4173
f 4049 4054 4172
f 4055 4059 4171
f 4177 4060 4179
f 4061 4064 4178
f 4182 4065 4183
f 4188 4066 4193
f 4067 4071 4192
f 4072 4076 4191
f 4077 4081 4190
f 4082 4101 4189
f 4196 4102 4199
f 4103 4089 4198
f 4209 4214 4217
f 4224 4229 4233
f 4225 4241 4232
f 4237 4221 4231
f 4244 4250 4252
f 4262 4258 4264
f 4251 4245 4263
f 4267 4246 4272
f 4247 4279 4271
f 4276 4236 4270
f 4230 4215 4269
f 4216 4210 4268
f 4275 4211 4280
f 4284 4212 4286
f 4213 4204 4285
f 4289 4205 4290
f 4293 4206 4294
f 4298 4207 4300
f 4208 4218 4299
f 4304 4219 4306
f 4220 4238 4305
f 4309 4239 4311
f 4240 4226 4310
f 4315 4227 4322
f 4228 4222 4321
f 4223 4234 4320
f 4235 4277 4319
f 4278 4248 4318
f 4249 4242 4317
f 4243 4253 4316
f 4325 4254 4329
f 4255 4203 4328
f 4197 4090 4327
f 4091 4084 4326
f 4332 4085 4334
f 4086 4095 4333
f 4337 4096 4340
f 4097 4108 4339
f 4109 4116 4338
f 4344 4117 4346
f 4118 4120 4345
f 4349 4121 4350
f 4354 4122 4355
f 4358 4123 4362
f 4124 4131 4361
f 4132 4140 4360
f 4369 4365 4372
f 4359 4141 4371
f 4142 4147 4370
f 4375 4148 4380
f 4149 4156 4379
f 4157 4161 4378
f 4387 4392 4393
f 4396 4388 4397
f 4401 4389 4402
f 4407 4390 4409
f 4391 4384 4408
f 4413 4385 4416
f 4386 4394 4415
f 4395 4398 4414
f 4421 4399 4424
f 4400 4403 4423
f 4404 4383 4422
f 4427 4376 4436
f 4377 4162 4435
f 4163 4168 4434
f 4169 4175 4433
f 4176 4180 4432
f 4181 4184 4431
f 4185 4443 4430
f 4440 4447 4429
f 4450 4439 4456
f 4428 4444 4455
f 4465 4471 4472
f 4475 4466 4478
f 4467 4485 4477
f 4488 4481 4490
f 4476 4482 4489
f 4497 4483 4499
f 4484 4468 4498
f 4502 4469 4504
f 4470 4460 4503
f 4507 4461 4512
f 4521 4525 4527
f 4534 4540 4541
f 4545 4535 4546
f 4549 4536 4552
f 4537 4531 4551
f 4526 4522 4550
f 4555 4523 4509
f 4524 4516 4508
f 4515 4517 4556
f 4559 4518 4560
f 4564 4519 4566
f 4520 4528 4565
f 4569 4529 4573
f 4530 4538 4572
f 4539 4532 4571
f 4533 4542 4570
f 4576 4543 4581
f 4544 4547 4580
f 4548 4553 4579
f 4554 4510 4578
f 4511 4462 4577
f 4584 4463 4589
f 4464 4473 4588
f 4474 4479 4587
f 4480 4486 4586
f 4487 4491 4585
f 4592 4492 4451
f 4459 4493 4593
f 4596 4494 4597
f 4600 4495 4607
f 4496 4500 4606
f 4501 4505 4605
f 4506 4513 4604
f 4514 4557 4603
f 4558 4561 4602
f 4614 4611 4621
f 4601 4562 4620
f 4563 4567 4619
f 4568 4574 4618
f 4575 4582 4617
f 4583 4590 4616
f 4591 4452 4615
f 4625 4453 4631
f 4454 4445 4630
f 4446 4441 4629
f 4442 4186 4628
f 4187 4194 4627
f 4195 4200 4626
f 4634 4201 4637
f 4202 4256 4636
f 4257 4259 4635
f 4640 4260 4644
f 4261 4265 4643
f 4266 4273 4642
f 4274 4281 4641
f 4647 4282 4651
f 4283 4287 4650
f 4288 4291 4649
f 4292 4295 4648
f 4654 4296 4656
f 4297 4301 4655
f 4660 4302 4663
f 4303 4307 4662
f 4308 4312 4661
f 4666 4313 4671
f 4314 4323 4670
f 4324 4330 4669
f 4331 4335 4668
f 4336 4341 4667
f 4674 4342 4677
f 4343 4347 4676
f 4348 4351 4675
f 4680 4352 4684
f 4353 4356 4683
f 4357 4363 4682
f 4364 4366 4681
f 4687 4367 4692
f 4368 4373 4691
f 4374 4381 4690
f 4382 4405 4689
f 4406 4410 4688
f 4695 4411 4703
f 4412 4417 4702
f 4709 4715 4717
f 4729 4721 4732
f 4716 4710 4731
f 4736 4735 4741
f 4730 4711 4740
f 4739 4712 4743
f 4742 4713 4747
f 4714 4707 4746
f 4708 4718 4745
f 4744 4719 4750
f 4720 4722 4749
f 4748 4723 4753
f 4757 4758 4762
f 4759 4751 4761
f 4752 4724 4760
f 4766 4725 4771
f 4778 4785 4786
f 4790 4779 4792
f 4780 4802 4791
f 4796 4797 4803
f 4807 4798 4808
f 4811 4799 4812
f 4816 4800 4818
f 4801 4781 4817
f 4822 4782 4823
f 4826 4783 4828
f 4784 4775 4827
f 4832 4776 4834
f 4777 4787 4833
f 4837 4788 4839
f 4789 4793 4838
f 4842 4794 4844
f 4795 4804 4843
f 4848 4805 4851
f 4806 4809 4850
f 4810 4813 4849
f 4854 4814 4861
f 4815 4819 4860
f 4869 4873 4875
f 4870 4885 4874
f 4879 4880 4886
f 4889 4881 4890
f 4893 4882 4894
f 4897 4883 4904
f 4884 4871 4903
f 4872 4865 4902
f 4911 4918 4919
f 4923 4912 4925
f 4913 4934 4924
f 4929 4930 4936
f 4944 4941 4946
f 4935 4931 4945
f 4952 4932 4954
f 4933 4914 4953
f 4957 4915 4958
f 4961 4916 4963
f 4917 4908 4962
f 4967 4909 4969
f 4910 4920 4968
f 4973 4921 4975
f 4922 4926 4974
f 4978 4927 4982
f 4928 4937 4981
f 4938 4989 4980
f 4993 4985 4995
f 4979 4986 4994
f 4999 4987 5003
f 4988 4939 5002
f 4940 4942 5001
f 4943 4947 5000
f 5006 4948 5009
f 5013 5018 5019
f 5022 5014 5023
f 5027 5015 5028
f 5031 5016 5034
f 5017 5007 5033
f 5008 4949 5032
f 5037 4950 5041
f 4951 4955 5040
f 4956 4959 5039
f 4960 4964 5038
f 5045 4965 4899
f 4966 4970 4898
f 4907 4971 5049
f 4972 4976 5048
f 4977 4983 5047
f 4984 4990 5046
f 5053 4991 5056
f 4992 4996 5055
f 5063 5070 5071
f 5074 5064 5075
f 5083 5065 5084
f 5088 5066 5091
f 5067 5099 5090
f 5103 5095 5105
f 5089 5096 5104
f 5109 5097 5112
f 5098 5068 5111
f 5069 5060 5110
f 5115 5061 5119
f 5062 5072 5118
f 5073 5076 5117
f 5077 5127 5116
f 5123 5124 5130
f 5138 5142 5144
f 5139 5134 5143
f 5148 5128 5151
f 5129 5125 5150
f 5126 5078 5149
f 5156 5079 5157
f 5160 5080 5161
f 5165 5081 5167
f 5082 5085 5166
f 5171 5086 5173
f 5087 5092 5172
f 5176 5093 5178
f 5094 5100 5177
f 5182 5101 5184
f 5102 5106 5183
f 5189 5107 5192
f 5108 5113 5191
f 5114 5120 5190
f 5195 5121 5197
f 5122 5131 5196
f 5200 5132 5203
f 5133 5140 5202
f 5141 5135 5201
f 5206 5136 5208
f 5137 5145 5207
f 5212 5146 5215
f 5147 5152 5214
f 5153 5221 5213
f 5218 5219 5225
f 5220 5154 5224
f 5155 5158 5223
f 5159 5162 5222
f 5228 5163 5230
f 5164 5168 5229
f 5233 5169 5236
f 5170 5174 5235
f 5175 5179 5234
f 5239 5180 5245
f 5181 5185 5244
f 5186 5059 5243
f 5054 4997 5242
f 4998 5004 5241
f 5005 5010 5240
f 5248 5011 5251
f 5012 5020 5250
f 5021 5024 5249
f 5254 5025 5258
f 5026 5029 5257
f 5030 5035 5256
f 5036 5042 5255
f 5261 5043 4857
f 5044 4900 4856
f 4901 4866 4855
f 4864 4867 5263
f 4868 4876 5262
f 5266 4877 5272
f 4878 4887 5271
f 4888 4891 5270
f 4892 4895 5269
f 4896 4905 5268
f 4906 5050 5267
f 5276 5051 5286
f 5052 5057 5285
f 5058 5187 5284
f 5188 5193 5283
f 5194 5198 5282
f 5199 5204 5281
f 5205 5209 5280
f 5295 5298 5299
f 5304 5296 5306
f 5297 5290 5305
f 5309 5291 5310
f 5313 5292 5314
f 5319 5293 5322
f 5294 5300 5321
f 5329 5336 5337
f 5341 5330 5346
f 5331 5353 5345
f 5350 5360 5344
f 5354 5325 5343
f 5320 5301 5342
f 5349 5302 5365
f 5303 5307 5364
f 5308 5311 5363
f 5312 5315 5362
f 5371 5372 5376
f 5383 5390 5394
f 5384 5379 5393
f 5375 5373 5392
f 5374 5398 5391
f 5397 5399 5402
f 5400 5407 5401
f 5406 5408 5413
f 5409 5369 5412
f 5370 5377 5411
f 5378 5385 5410
f 5416 5386 5417
f 5420 5387 5424
f 5431 5427 5434
f 5440 5445 5447
f 5441 5436 5446
f 5450 5432 5452
f 5433 5421 5451
f 5456 5422 5459
f 5423 5388 5458
f 5389 5380 5457
f 5462 5381 5465
f 5382 5395 5464
f 5396 5403 5463
f 5470 5404 5475
f 5405 5414 5474
f 5415 5418 5473
f 5419 5425 5472
f 5426 5428 5471
f 5478 5429 5479
f 5484 5430 5487
f 5431 5434 5486
f 5435 5442 5485
f 5490 5443 5492
f 5444 5437 5491
f 5497 5438 5498
f 5439 5448 5501
f 5501 5448 5503
f 5449 5453 5502
f 5506 5454 5509
f 5455 5460 5508
f 5461 5466 5507
f 5512 5467 5515
f 6302 5518 5520
f 5519 5513 5525
f 5514 5468 5524
f 5469 5476 5523
f 5477 5480 5522
f 5521 5481 5529
f 5532 5538 5540
f 5533 5551 5539
f 5545 5546 5553
f 5547 5561 5552
f 5557 5558 5565
f 5575 5578 5580
f 5588 5584 5591
f 5579 5576 5590
f 5577 5569 5589
f 5594 5570 5595
f 5598 5571 5562
f 5568 5572 5601
f 5609 5614 5618
f 5625 5632 5633
f 5637 5626 5638
f 5642 5627 5643
f 5648 5628 5652
f 5661 5680 5685
f 5662 5696 5684
f 5701 5705 5708
f 5702 5715 5707
f 5712 5720 5706
f 5711 5716 5723
f 5730 5735 5740
f 5731 5750 5739
f 5754 5760 5761
f 5765 5755 5767
f 5756 5744 5766
f 5771 5736 5772
f 5776 5737 5780
f 5738 5745 5779
f 5746 5790 5778
f 5785 5726 5777
f 5784 5721 5792
f 5722 5717 5791
f 5795 5718 5799
f 5719 5713 5798
f 5714 5703 5797
f 5704 5697 5796
f 5802 5698 5681
f 5690 5699 5809
f 5700 5709 5808
f 5710 5724 5807
f 5725 5786 5806
f 5812 5815 5817
f 5526 5822 5826
f 5816 5813 5825
f 5814 5803 5824
f 5823 5804 5829
f 5805 5787 5828
f 5827 5788 5832
f 5789 5747 5831
f 5830 5748 5835
f 5749 5732 5834
f 5833 5733 5838
f 5734 5727 5837
f 5836 5728 5841
f 5729 5741 5840
f 5839 5742 5844
f 5743 5757 5843
f 5842 5758 5847
f 5759 5751 5846
f 5845 5752 5850
f 5753 5762 5849
f 5848 5763 5853
f 5764 5768 5852
f 5851 5769 5856
f 5770 5773 5855
f 5854 5774 5859
f 5775 5781 5858
f 5857 5782 5865
f 5783 5793 5864
f 5794 5800 5863
f 5801 5682 5862
f 5683 5691 5861
f 5860 5692 5868
f 5693 5655 5867
f 5866 5649 5870
f 5869 5650 5873
f 5651 5629 5872
f 5871 5630 5876
f 5631 5622 5875
f 5874 5623 5879
f 5624 5634 5878
f 5877 5635 5882
f 5636 5639 5881
f 5880 5640 5885
f 5641 5644 5884
f 5883 5645 5888
f 5889 5896 5900
f 5905 5910 5911
f 5914 5906 5915
f 5919 5907 5922
f 5929 5935 5937
f 5930 5925 5936
f 5946 5951 5953
f 5947 5963 5952
f 5957 5958 5965
f 5959 5974 5964
f 5968 5969 5978
f 5970 5987 5977
f 5983 5942 5976
f 5936 5925 5975
f 5982 5920 5993
f 5921 5908 5992
f 5909 5901 5991
f 6003 6007 6008
f 6014 6004 6017
f 6027 6034 6036
f 6028 6021 6035
f 6040 6015 6043
f 6016 6005 6042
f 6006 5998 6041
f 6046 5999 6047
f 6050 6000 6053
f 6060 6064 6070
f 6065 6057 6069
f 6074 6051 6077
f 6052 6001 6076
f 6002 6009 6075
f 6081 6010 6082
f 6085 6011 6086
f 6091 6012 6093
f 6013 6018 6092
f 6096 6019 6102
f 6020 6029 6101
f 6030 6110 6100
f 6106 6113 6099
f 6098 6111 6115
f 6112 6107 6114
f 6120 6108 6125
f 6109 6031 6124
f 6129 6133 6134
f 6138 6130 6061
f 6068 6131 6140
f 6132 6121 6139
f 6143 6122 6146
f 6123 6032 6145
f 6033 6022 6144
f 6151 6023 6155
f 6024 6162 6154
f 6159 6105 6153
f 6097 6116 6152
f 6158 6117 5988
f 5997 6118 6164
f 6119 6126 6163
f 6168 6127 6170
f 6128 6135 6169
f 6175 6136 6179
f 6137 6062 6178
f 6063 6058 6177
f 6059 6071 6176
f 6182 6072 6184
f 6073 6078 6183
f 6187 6079 6190
f 6080 6083 6189
f 6084 6087 6188
f 6193 6088 6194
f 6198 6089 6204
f 6090 6094 6203
f 6095 6103 6202
f 6104 6160 6201
f 6161 6025 6200
f 6026 6037 6199
f 6207 6038 6211
f 6039 6044 6210
f 6045 6048 6209
f 6049 6054 6208
f 6214 6055 6218
f 6056 6066 6217
f 6067 6141 6216
f 6142 6147 6215
f 6221 6148 6222
f 6225 6149 6229
f 6150 6156 6228
f 6157 5989 6227
f 5990 5902 6226
f 6233 5903 6236
f 5904 5912 6235
f 5913 5916 6234
f 6239 5917 6242
f 5918 5923 6241
f 5924 5931 6240
f 6247 5932 6248
f 6252 5933 6254
f 5934 5926 6253
f 6257 5927 6260
f 5928 5938 6259
f 6265 6264 6270
f 6258 5939 6269
f 6268 5940 6273
f 5941 5984 6272
f 6271 5985 6276
f 5986 5971 6275
f 6274 5972 6279
f 5973 5960 6278
f 6277 5961 6282
f 5962 5948 6281
f 6280 5949 6285
f 5950 5943 6284
f 6283 5944 6288
f 5945 5954 6287
f 6286 5955 6292
f 5956 5966 6291
f 5967 5979 6290
f 6289 5980 6295
f 5981 5994 6294
f 6293 5995 6298
f 5996 6165 6297
f 6296 6166 6301
f 6167 6171 6300
f 6299 6172 6306
f 6305 6173 6311
f 6174 6180 6310
f 6181 6185 6309
f 6186 6191 6308
f 6192 6195 6307
f 6314 6196 6320
f 6197 6205 6319
f 6206 6212 6318
f 6213 6219 6317
f 6220 6223 6316
f 6224 6230 6315
f 6323 6231 6326
f 6232 6237 6325
f 6238 6243 6324
f 6329 6244 6330
f 6333 6245 6335
f 6246 6249 6334
f 6338 6250 6341
f 6251 6255 6340
f 6256 6261 6339
f 6344 6262 6348
f 6263 6266 6347
f 6267 6352 6346
f 6353 5897 6345
f 6351 5898 6355
f 5899 5892 6354
f 6359 5893 6360
f 6366 5894 6373
f 5895 5890 6372
f 5891 5886 6371
f 5887 5646 6370
f 5647 5653 6369
f 5654 5694 6368
f 5695 5663 6367
f 6376 5664 6377
f 6381 5665 6385
f 6392 6388 6396
f 6399 6402 6404
f 6411 6407 6414
f 6403 6400 6413
f 6401 6393 6412
f 6417 6394 6419
f 6395 6382 6418
f 6422 6383 6424
f 6384 5666 6423
f 6428 5667 6431
f 6442 6446 6447
f 6450 6443 6451
f 6455 6444 6457
f 6445 6436 6456
f 6460 6437 6462
f 6438 6435 6461
f 6465 6429 6468
f 6430 5668 6467
f 5669 6478 6466
f 6471 6472 6479
f 6483 6473 6484
f 6487 6474 6491
f 6494 6497 6499
f 6506 6502 6509
f 6498 6495 6508
f 6496 6488 6507
f 6512 6489 6514
f 6490 6475 6513
f 6517 6476 6520
f 6477 5670 6519
f 5671 6530 6518
f 6523 6524 6531
f 6535 6525 6536
f 6539 6526 6543
f 6546 6549 6551
f 6558 6554 6561
f 6550 6547 6560
f 6548 6540 6559
f 6564 6541 6566
f 6542 6527 6565
f 6569 6528 6572
f 6529 5672 6571
f 5673 6582 6570
f 6575 6576 6583
f 6587 6577 6588
f 6591 6578 6595
f 6598 6601 6603
f 6610 6606 6613
f 6602 6599 6612
f 6600 6592 6611
f 6616 6593 6618
f 6594 6579 6617
f 6621 6580 6624
f 6581 5674 6623
f 5675 6634 6622
f 6627 6628 6635
f 6639 6629 6640
f 6643 6630 6647
f 6650 6653 6655
f 6662 6658 6665
f 6654 6651 6664
f 6652 6644 6663
f 6668 6645 6670
f 6646 6631 6669
f 6673 6632 6675
f 6633 5676 6674
f 6679 5677 6683
f 6690 6686 6694
f 6697 6700 6702
f 6709 6705 6712
f 6701 6698 6711
f 6699 6691 6710
f 6715 6692 6717
f 6693 6680 6716
f 6720 6681 6723
f 6682 5678 6722
f 5679 5656 6721
f 6726 5657 6727
f 6731 5658 6732
f 6735 5659 6737
f 5660 5686 6736
f 6743 5687 6744
f 6748 5688 6752
f 5689 5810 6751
f 5811 5818 6750
f 5819 5621 6749
f 6755 5615 6756
f 6760 5616 6762
f 5617 5610 6761
f 6765 5611 6766
f 6770 5612 6773
f 5613 5605 6772
f 5606 5604 6771
f 6776 5599 6779
f 5600 5573 6778
f 5574 5581 6777
f 6782 5582 6784
f 5583 5585 6783
f 6787 5586 6793
f 5587 5592 6792
f 5593 5596 6791
f 5597 5563 6790
f 5564 5559 6789
f 5560 5548 6788
f 6796 5549 6798
f 5550 5534 6797
f 6803 5535 6804
f 6807 5536 6810
f 5537 5530 6809
f 5531 5541 6808
f 6813 5542 6814
f 6817 5543 6821
f 5544 5554 6820
f 6828 6824 6831
f 6841 6845 6846
f 6850 6842 6851
f 6855 6843 6857
f 6844 6835 6856
f 6860 6836 6861
f 6864 6837 6868
f 6838 6834 6867
f 6871 6877 6878
f 6881 6872 6883
f 6873 6894 6882
f 6887 6888 6897
f 6889 6903 6896
f 6907 6900 6910
f 6895 6901 6909
f 6902 6890 6908
f 6913 6891 6914
f 6917 6892 6921
f 6893 6874 6920
f 6924 6930 6931
f 6934 6925 6936
f 6926 6947 6935
f 6940 6941 6950
f 6942 6956 6949
f 6960 6953 6963
f 6948 6954 6962
f 6955 6943 6961
f 6966 6944 6967
f 6970 6945 6974
f 6946 6927 6973
f 6981 6977 6982
f 6987 6971 7004
f 6972 6928 7003
f 6929 6918 7002
f 6919 6875 7001
f 6876 6865 7000
f 6866 6829 6999
f 6830 6818 6998
f 6819 5555 6997
f 5556 5566 6996
f 5567 5602 6995
f 5603 5607 6994
f 5608 5619 6993
f 5620 5820 6992
f 5821 5527 6991
f 5528 5482 6990
f 5483 5488 6989
f 5489 5493 6988
f 7009 5494 7010
f 7014 5495 7028
f 5496 5499 7027
f 5500 5504 7026
f 5505 5510 7025
f 5511 5516 7024
f 5517 6303 7023
f 6304 6312 7022
f 6313 6321 7021
f 6322 6327 7020
f 6328 6331 7019
f 6332 6336 7018
f 6337 6342 7017
f 6343 6349 7016
f 6350 6356 7015
f 7032 6357 7036
f 6358 6361 7035
f 6362 7043 7034
f 7040 7048 7033
f 7039 7044 7051
f 7045 5368 7050
f 5361 5316 7049
f 7055 5317 7058
f 5318 5323 7057
f 5324 5355 7056
f 7064 5356 7065
f 7068 5357 7069
f 7072 5358 7075
f 5359 5351 7074
f 5352 5332 7073
f 7078 5333 7079
f 7084 5334 7086
f 5335 5326 7085
f 7089 5327 7091
f 5328 5338 7090
f 7096 5339 7103
f 5340 5347 7102
f 5348 5366 7101
f 5367 7046 7100
f 7047 7041 7099
f 7042 6363 7098
f 7110 7106 7114
f 7097 6364 7113
f 6365 6374 7112
f 6375 6378 7111
f 7117 6379 7120
f 6380 6386 7119
f 6387 6389 7118
f 7123 6390 7127
f 6391 6397 7126
f 6398 6405 7125
f 6406 6408 7124
f 7131 6409 7135
f 6410 6415 7134
f 6416 6420 7133
f 6421 6425 7132
f 7138 6426 7140
f 6427 6432 7139
f 7144 6433 7146
f 6434 6439 7145
f 7149 6440 7152
f 6441 6448 7151
f 6449 6452 7150
f 7156 6453 7161
f 6454 6458 7160
f 6459 6463 7159
f 6464 6469 7158
f 6470 6480 7157
f 7164 6481 7169
f 6482 6485 7168
f 6486 6492 7167
f 6493 6500 7166
f 6501 6503 7165
f 7172 6504 7177
f 6505 6510 7176
f 6511 6515 7175
f 6516 6521 7174
f 6522 6532 7173
f 7180 6533 7185
f 6534 6537 7184
f 6538 6544 7183
f 6545 6552 7182
f 6553 6555 7181
f 7188 6556 7193
f 6557 6562 7192
f 6563 6567 7191
f 6568 6573 7190
f 6574 6584 7189
f 7196 6585 7201
f 6586 6589 7200
f 6590 6596 7199
f 6597 6604 7198
f 6605 6607 7197
f 7204 6608 7209
f 6609 6614 7208
f 6615 6619 7207
f 6620 6625 7206
f 6626 6636 7205
f 7212 6637 7217
f 6638 6641 7216
f 6642 6648 7215
f 6649 6656 7214
f 6657 6659 7213
f 7220 6660 7224
f 6661 6666 7223
f 6667 6671 7222
f 6672 6676 7221
f 7227 6677 7230
f 6678 6684 7229
f 6685 6687 7228
f 7233 6688 7237
f 6689 6695 7236
f 6696 6703 7235
f 6704 6706 7234
f 7240 6707 7245
f 6708 6713 7244
f 6714 6718 7243
f 6719 6724 7242
f 6725 6728 7241
f 7248 6729 7251
f 6730 6733 7250
f 6734 6738 7249
f 7255 6739 7257
f 6740 7265 7256
f 7262 7263 7268
f 7264 6741 7267
f 6742 6745 7266
f 7271 6746 7274
f 6747 6753 7273
f 6754 6757 7272
f 7277 6758 7282
f 6759 6763 7281
f 6764 6767 7280
f 7289 7285 5277
f 5289 7278 7296
f 7279 6768 7295
f 6769 6774 7294
f 6775 6780 7293
f 6781 6785 7292
f 6786 6794 7291
f 6795 6799 7290
f 7299 6800 7300
f 7304 6801 7310
f 6802 6805 7309
f 6806 6811 7308
f 6812 6815 7307
f 6816 6822 7306
f 6823 6825 7305
f 7313 6826 7317
f 6827 6832 7316
f 6833 6839 7315
f 6840 6847 7314
f 7320 6848 7322
f 6849 6852 7321
f 7325 6853 7331
f 6854 6858 7330
f 6859 6862 7329
f 6863 6869 7328
f 6870 6879 7327
f 6880 6884 7326
f 7334 6885 7337
f 6886 6898 7336
f 6899 6904 7335
f 7340 6905 7346
f 6906 6911 7345
f 6912 6915 7344
f 6916 6922 7343
f 6923 6932 7342
f 6933 6937 7341
f 7349 6938 7352
f 6939 6951 7351
f 6952 6957 7350
f 7355 6958 7360
f 6959 6964 7359
f 6965 6968 7358
f 6969 6975 7357
f 6976 6978 7356
f 7364 6979 7367
f 6980 6983 7366
f 6984 7377 7365
f 7370 7371 7380
f 7372 7386 7379
f 7390 7383 7393
f 7378 7384 7392
f 7385 7373 7391
f 7396 7374 7397
f 7400 7375 7404
f 7376 6985 7403
f 6986 7005 7402
f 7411 7407 7414
f 7401 7006 7413
f 7424 7428 7429
f 7433 7425 7434
f 7438 7426 7440
f 7427 7418 7439
f 7443 7419 7444
f 7447 7420 7452
f 7421 7417 7451
f 7412 7007 7450
f 7008 7011 7449
f 7459 7455 7462
f 7448 7012 7461
f 7013 7029 7460
f 7465 7030 7468
f 7031 7037 7467
f 7038 7052 7466
f 7472 7053 7474
f 7054 7059 7473
f 7478 7060 7479
f 7482 7061 7483
f 7488 7062 7493
f 7063 7066 7492
f 7067 7070 7491
f 7071 7076 7490
f 7077 7080 7489
f 7496 7081 7497
f 7500 7082 7503
f 7083 7087 7502
f 7088 7092 7501
f 7507 7093 7508
f 7511 7094 7514
f 7095 7104 7513
f 7105 7107 7512
f 7517 7108 7521
f 7109 7115 7520
f 7116 7121 7519
f 7122 7128 7518
f 7525 7129 7528
f 7130 7136 7527
f 7137 7141 7526
f 7531 7142 7534
f 7143 7147 7533
f 7148 7153 7532
f 7538 7154 7552
f 7155 7162 7551
f 7163 7170 7550
f 7171 7178 7549
f 7179 7186 7548
f 7187 7194 7547
f 7195 7202 7546
f 7203 7210 7545
f 7211 7218 7544
f 7219 7225 7543
f 7226 7231 7542
f 7232 7238 7541
f 7239 7246 7540
f 7247 7252 7539
f 7557 7253 7559
f 7254 7258 7558
f 7562 7259 7564
f 7570 7567 7576
f 7563 7260 7575
f 7261 7269 7574
f 7270 7275 7573
f 7276 7283 7572
f 7284 7286 7571
f 7579 7287 7593
f 7288 5278 7592
f 5279 5210 7591
f 5211 5216 7590
f 5217 5226 7589
f 5227 5231 7588
f 5232 5237 7587
f 5238 5246 7586
f 5247 5252 7585
f 5253 5259 7584
f 5260 4858 7583
f 4859 4820 7582
f 4821 4824 7581
f 4825 4829 7580
f 7597 4830 7601
f 4831 4835 7600
f 4836 4840 7599
f 4841 4845 7598
f 7604 4846 7609
f 4847 4852 7608
f 4853 4862 7607
f 4863 5264 7606
f 5265 5273 7605
f 7612 5274 7617
f 5275 5287 7616
f 5288 7297 7615
f 7298 7301 7614
f 4774 7625 7627
f 7634 7631 7636
f 7626 7622 7635
f 7639 7623 7651
f 7624 4767 7650
f 4768 7621 7649
f 7613 7302 7648
f 7303 7311 7647
f 7312 7318 7646
f 7319 7323 7645
f 7324 7332 7644
f 7333 7338 7643
f 7339 7347 7642
f 7348 7353 7641
f 7354 7361 7640
f 7655 7362 7659
f 7363 7368 7658
f 7369 7381 7657
f 7382 7387 7656
f 7662 7388 7667
f 7389 7394 7666
f 7395 7398 7665
f 7399 7405 7664
f 7406 7408 7663
f 7670 7409 7674
f 7410 7415 7673
f 7416 7422 7672
f 7423 7430 7671
f 7677 7431 7679
f 7432 7435 7678
f 7682 7436 7687
f 7437 7441 7686
f 7442 7445 7685
f 7446 7453 7684
f 7454 7456 7683
f 7691 7457 7694
f 7458 7463 7693
f 7464 7469 7692
f 7697 7470 7699
f 7471 7475 7698
f 7702 7476 7705
f 7477 7480 7704
f 7481 7484 7703
f 7708 7485 7709
f 7712 7486 7716
f 7487 7494 7715
f 7495 7498 7714
f 7499 7504 7713
f 7720 7505 4699
f 7506 7509 4698
f 7510 7515 4697
f 7516 7522 4696
f 4706 7523 7723
f 7524 7529 7722
f 7530 7535 7721
f 7727 7536 7729
f 7537 7553 7728
f 7732 7554 7733
f 7738 7555 7744
f 7556 7560 7743
f 7561 7565 7742
f 7566 7568 7741
f 7569 7577 7740
f 7578 7594 7739
f 7747 7595 7752
f 7596 7602 7751
f 7603 7610 7750
f 7611 7618 7749
f 3996 7755 7759
f 7748 7619 7758
f 7620 4769 7757
f 4770 4726 7756
f 7763 4727 7767
f 4728 4733 7766
f 4734 4737 7765
f 4738 4754 7764
f 7770 4755 7773
f 4756 4763 7772
f 7783 7777 7787
f 7771 4764 7786
f 4765 4772 7785
f 4773 7628 7784
f 7790 7629 7794
f 7630 7632 7793
f 7633 7637 7792
f 7638 7652 7791
f 7797 7653 7803
f 7654 7660 7802
f 7661 7668 7801
f 7669 7675 7800
f 7676 7680 7799
f 7681 7688 7798
f 7806 7689 7812
f 7690 7695 7811
f 7696 7700 7810
f 7701 7706 7809
f 7707 7710 7808
f 7711 7717 7807
f 7815 7718 7818
f 7719 4700 7817
f 4701 4418 7816
f 7821 4419 7829
f 4420 4425 7828
f 4426 4437 7827
f 4438 4448 7826
f 4449 4457 7825
f 4458 4594 7824
f 4595 4598 7823
f 4599 4608 7822
f 7832 4609 7835
f 4610 4612 7834
f 4613 4622 7833
f 7838 4623 7844
f 4624 4632 7843
f 4633 4638 7842
f 4639 4645 7841
f 4646 4652 7840
f 4653 4657 7839
f 7847 4658 7855
f 4659 4664 7854
f 4665 4672 7853
f 4673 4678 7852
f 4679 4685 7851
f 4686 4693 7850
f 4694 4704 7849
f 4705 7724 7848
f 7858 7725 7861
f 7726 7730 7860
f 7731 7734 7859
f 7864 7735 7865
f 7869 7736 7874
f 7737 7745 7873
f 7746 7753 7872
f 7754 3991 7871
f 3992 3983 7870
f 7878 3984 7883
f 3985 3979 7882
f 3980 3988 7881
f 3989 3994 7880
f 3995 7760 7879
f 7886 7761 7889
f 7762 7768 7888
f 7769 7774 7887
f 7893 7775 7896
f 7776 7778 7895
f 7779 7903 7894
f 7899 7900 7906
f 7909 7912 7913
f 7916 7910 7920
f 7911 7904 7919
f 7905 7901 7918
f 7902 7780 7917
f 7923 7781 7935
f 7782 7788 7934
f 7789 7795 7933
f 7796 7804 7932
f 7805 7813 7931
f 7814 7819 7930
f 7820 7830 7929
f 7831 7836 7928
f 7837 7845 7927
f 7846 7856 7926
f 7857 7862 7925
f 7863 7866 7924
f 7938 7867 7940
f 7868 7875 7939
f 7943 7876 7946
f 7877 7884 7945
f 7885 7890 7944
f 7948 7891 7954
f 7892 7897 7953
f 7898 7907 7952
f 7908 7914 7951
f 7915 7921 7950
f 7922 7936 7949
f 7937 7941 7956
f 7947 7955 7942
f 3969 3977 3964
